sample_index,ground_truth_velocity,predicted_velocity,absolute_error
0,12.95805549621582,10.253067016601562,2.704988479614258
1,13.033055305480957,10.238054275512695,2.7950010299682617
2,13.4756498336792,10.384955406188965,3.0906944274902344
3,14.116994857788086,11.572792053222656,2.5442028045654297
4,14.686944007873535,12.558541297912598,2.1284027099609375
5,15.122214317321777,11.059999465942383,4.0622148513793945
6,15.204761505126953,10.587709426879883,4.61705207824707
7,15.279999732971191,11.126269340515137,4.153730392456055
8,15.76290512084961,8.552559852600098,7.210345268249512
9,16.323888778686523,9.097302436828613,7.22658634185791
10,16.798500061035156,9.052966117858887,7.7455339431762695
11,17.653888702392578,9.722878456115723,7.9310102462768555
12,17.99831199645996,10.208110809326172,7.790201187133789
13,17.53499984741211,12.177774429321289,5.35722541809082
14,16.829111099243164,11.299209594726562,5.529901504516602
15,16.48478126525879,13.321401596069336,3.163379669189453
16,16.141111373901367,10.956669807434082,5.184441566467285
17,16.3039608001709,10.748086929321289,5.555873870849609
18,16.647714614868164,10.992035865783691,5.655678749084473
19,17.16506576538086,10.35137939453125,6.813686370849609
20,17.57611083984375,10.523594856262207,7.052515983581543
21,17.983169555664062,11.730683326721191,6.252486228942871
22,17.93326187133789,11.309246063232422,6.624015808105469
23,17.9307804107666,11.334000587463379,6.596779823303223
24,17.975000381469727,12.328665733337402,5.646334648132324
25,18.016944885253906,12.416179656982422,5.600765228271484
26,18.28862190246582,11.827115058898926,6.4615068435668945
27,18.578887939453125,10.561942100524902,8.016945838928223
28,18.51473617553711,10.3582124710083,8.156523704528809
29,18.90053939819336,11.242745399475098,7.657793998718262
30,19.123056411743164,9.899430274963379,9.223626136779785
31,19.198055267333984,10.291641235351562,8.906414031982422
32,19.109588623046875,10.844461441040039,8.265127182006836
33,19.5672550201416,10.94587516784668,8.621379852294922
34,19.225074768066406,13.561907768249512,5.6631669998168945
35,20.229999542236328,13.164324760437012,7.065674781799316
36,20.563005447387695,12.180439949035645,8.38256549835205
37,20.872650146484375,12.871121406555176,8.0015287399292
38,21.024999618530273,10.797551155090332,10.227448463439941
39,21.161460876464844,10.878266334533691,10.283194541931152
40,21.46126365661621,12.122893333435059,9.338370323181152
41,21.594999313354492,10.662954330444336,10.932044982910156
42,21.141111373901367,12.82351016998291,8.317601203918457
43,20.489999771118164,11.801074981689453,8.688924789428711
44,20.157855987548828,11.38992977142334,8.767926216125488
45,19.6712703704834,10.73423957824707,8.937030792236328
46,19.68805503845215,10.368820190429688,9.319234848022461
47,19.601943969726562,10.055187225341797,9.546756744384766
48,19.54805564880371,10.36633014678955,9.18172550201416
49,19.497825622558594,12.352721214294434,7.14510440826416
50,19.36111068725586,9.323497772216797,10.037612915039062
51,19.4466609954834,10.080426216125488,9.36623477935791
52,19.66731071472168,9.695002555847168,9.972308158874512
53,19.618799209594727,9.429367065429688,10.189432144165039
54,19.69944953918457,8.014174461364746,11.685275077819824
55,19.847963333129883,9.337383270263672,10.510580062866211
56,19.92502212524414,9.12014102935791,10.80488109588623
57,19.92021942138672,8.750225067138672,11.169994354248047
58,19.877714157104492,8.85284423828125,11.024869918823242
59,20.113056182861328,7.639882564544678,12.47317361831665
60,20.091943740844727,8.882850646972656,11.20909309387207
61,20.163055419921875,8.490669250488281,11.672386169433594
62,20.250688552856445,8.7197847366333,11.530903816223145
63,20.053054809570312,8.719221115112305,11.333833694458008
64,19.797264099121094,8.210260391235352,11.587003707885742
65,19.4658145904541,7.854872226715088,11.610942363739014
66,18.71388816833496,7.746095657348633,10.967792510986328
67,17.791061401367188,9.31106185913086,8.479999542236328
68,17.063350677490234,9.874120712280273,7.189229965209961
69,16.523670196533203,9.821200370788574,6.702469825744629
70,16.106325149536133,10.669443130493164,5.436882019042969
71,15.803613662719727,10.526955604553223,5.276658058166504
72,16.133054733276367,10.755131721496582,5.377923011779785
73,16.816110610961914,9.384134292602539,7.431976318359375
74,17.47528839111328,10.681866645812988,6.793421745300293
75,17.79694366455078,9.54453182220459,8.252411842346191
76,18.392475128173828,11.768633842468262,6.623841285705566
77,18.9222354888916,10.695513725280762,8.22672176361084
78,19.28640365600586,11.144548416137695,8.141855239868164
79,19.57111167907715,10.42640209197998,9.144709587097168
80,19.94611167907715,9.701526641845703,10.244585037231445
81,20.02501106262207,8.969228744506836,11.055782318115234
82,20.253055572509766,10.138476371765137,10.114579200744629
83,20.387325286865234,9.616246223449707,10.771079063415527
84,20.786388397216797,8.303407669067383,12.482980728149414
85,20.733055114746094,9.611612319946289,11.121442794799805
86,20.24388885498047,9.90750789642334,10.336380958557129
87,19.857675552368164,10.593019485473633,9.264656066894531
88,19.853961944580078,11.432069778442383,8.421892166137695
89,19.57811164855957,11.982430458068848,7.595681190490723
90,19.22858238220215,12.442317008972168,6.7862653732299805
91,19.063461303710938,11.580891609191895,7.482569694519043
92,19.269786834716797,11.90031623840332,7.369470596313477
93,19.19499969482422,9.612651824951172,9.582347869873047
94,19.5184383392334,10.46371841430664,9.054719924926758
95,19.47671890258789,9.81340503692627,9.663313865661621
96,19.812088012695312,10.671660423278809,9.140427589416504
97,19.36341094970703,9.823806762695312,9.539604187011719
98,18.912700653076172,11.704794883728027,7.2079057693481445
99,18.765172958374023,12.447305679321289,6.317867279052734
100,18.966110229492188,12.554818153381348,6.41129207611084
101,19.093050003051758,14.229681015014648,4.863368988037109
102,18.74305534362793,8.898760795593262,9.844294548034668
103,18.338388442993164,8.50744342803955,9.830945014953613
104,18.482614517211914,8.180960655212402,10.301653861999512
105,18.956111907958984,8.661718368530273,10.294393539428711
106,19.49080467224121,8.591192245483398,10.899612426757812
107,19.096763610839844,11.56732177734375,7.529441833496094
108,18.65712547302246,10.651071548461914,8.006053924560547
109,18.155000686645508,11.772634506225586,6.382366180419922
110,18.08922004699707,13.205169677734375,4.884050369262695
111,18.152355194091797,13.349364280700684,4.802990913391113
112,18.078479766845703,13.124563217163086,4.953916549682617
113,18.356130599975586,12.531329154968262,5.824801445007324
114,18.279014587402344,13.088369369506836,5.190645217895508
115,18.44005012512207,9.191740989685059,9.248309135437012
116,18.805580139160156,10.679106712341309,8.126473426818848
117,19.423324584960938,10.20889949798584,9.214425086975098
118,20.045000076293945,10.505927085876465,9.53907299041748
119,20.614999771118164,10.429780960083008,10.185218811035156
120,21.151945114135742,9.502735137939453,11.649209976196289
121,21.156944274902344,11.39157485961914,9.765369415283203
122,20.693485260009766,11.977300643920898,8.716184616088867
123,20.132524490356445,11.876333236694336,8.25619125366211
124,19.82694435119629,12.356825828552246,7.470118522644043
125,19.673986434936523,11.565224647521973,8.10876178741455
126,19.733888626098633,10.558191299438477,9.175697326660156
127,20.215068817138672,10.015324592590332,10.19974422454834
128,19.896944046020508,10.638431549072266,9.258512496948242
129,19.45143699645996,9.985893249511719,9.465543746948242
130,19.309738159179688,10.788251876831055,8.521486282348633
131,19.474761962890625,12.646970748901367,6.827791213989258
132,19.89764404296875,10.846994400024414,9.050649642944336
133,20.38721466064453,11.324872016906738,9.062342643737793
134,20.766944885253906,8.885558128356934,11.881386756896973
135,20.211111068725586,8.3710355758667,11.840075492858887
136,19.823211669921875,8.865194320678711,10.958017349243164
137,19.298839569091797,9.237114906311035,10.061724662780762
138,19.123056411743164,9.755494117736816,9.367562294006348
139,19.0049991607666,10.202022552490234,8.802976608276367
140,18.53611183166504,9.161942481994629,9.37416934967041
141,18.126075744628906,9.28459644317627,8.841479301452637
142,17.91990089416504,10.158143997192383,7.761756896972656
143,18.031686782836914,9.417630195617676,8.614056587219238
144,17.979999542236328,10.098943710327148,7.88105583190918
145,18.003055572509766,8.775508880615234,9.227546691894531
146,18.074655532836914,9.758036613464355,8.316618919372559
147,17.6380558013916,10.243309020996094,7.394746780395508
148,17.608461380004883,10.363715171813965,7.244746208190918
149,17.647443771362305,10.799321174621582,6.848122596740723
150,18.35381317138672,12.610067367553711,5.743745803833008
151,19.054616928100586,12.844047546386719,6.210569381713867
152,19.706844329833984,12.44119644165039,7.265647888183594
153,20.303754806518555,13.593337059020996,6.710417747497559
154,20.93577003479004,14.062231063842773,6.873538970947266
155,21.49186134338379,14.256373405456543,7.235487937927246
156,21.77805519104004,14.124210357666016,7.653844833374023
157,22.07891082763672,14.257054328918457,7.821856498718262
158,22.299938201904297,11.355897903442383,10.944040298461914
159,22.587865829467773,11.217560768127441,11.370305061340332
160,22.966480255126953,10.704601287841797,12.261878967285156
161,23.119781494140625,10.787898063659668,12.331883430480957
162,23.16611099243164,10.964340209960938,12.201770782470703
163,23.04805564880371,10.590096473693848,12.457959175109863
164,23.162843704223633,11.750958442687988,11.411885261535645
165,23.316944122314453,13.048738479614258,10.268205642700195
166,23.646944046020508,10.895073890686035,12.751870155334473
167,23.941774368286133,12.409696578979492,11.53207778930664
168,24.03611183166504,12.76259708404541,11.273514747619629
169,24.28067970275879,11.201348304748535,13.079331398010254
170,24.46887969970703,8.940855026245117,15.528024673461914
171,24.094738006591797,9.185161590576172,14.909576416015625
172,24.007492065429688,9.200984954833984,14.806507110595703
173,24.062339782714844,9.279792785644531,14.782546997070312
174,24.228174209594727,9.339970588684082,14.888203620910645
175,24.483055114746094,9.290459632873535,15.192595481872559
176,24.57694435119629,10.164179801940918,14.412764549255371
177,24.559938430786133,9.939043998718262,14.620894432067871
178,24.53553009033203,9.858785629272461,14.67674446105957
179,24.339799880981445,10.830705642700195,13.50909423828125
180,24.232343673706055,13.41899585723877,10.813347816467285
181,24.133888244628906,12.118748664855957,12.01513957977295
182,23.976943969726562,13.445442199707031,10.531501770019531
183,23.77886199951172,14.532352447509766,9.246509552001953
184,23.71311378479004,14.705639839172363,9.007473945617676
185,23.645538330078125,13.870489120483398,9.775049209594727
186,23.498668670654297,13.042303085327148,10.456365585327148
187,23.443889617919922,16.19906997680664,7.244819641113281
188,23.308889389038086,16.85721206665039,6.451677322387695
189,23.13888931274414,22.058555603027344,1.0803337097167969
190,22.66063117980957,22.66843032836914,0.0077991485595703125
191,22.10712432861328,22.821815490722656,0.714691162109375
192,21.54655647277832,12.09696102142334,9.44959545135498
193,21.156110763549805,12.76844596862793,8.387664794921875
194,20.867204666137695,12.04857349395752,8.818631172180176
195,21.10664939880371,9.208895683288574,11.897753715515137
196,21.476943969726562,10.028371810913086,11.448572158813477
197,21.7194881439209,10.803475379943848,10.91601276397705
198,22.009136199951172,9.962306022644043,12.046830177307129
199,22.236988067626953,10.756645202636719,11.480342864990234
200,22.518054962158203,11.776727676391602,10.741327285766602
201,22.700000762939453,11.601958274841309,11.098042488098145
202,23.126550674438477,12.459797859191895,10.666752815246582
203,23.561281204223633,12.591568946838379,10.969712257385254
204,23.667627334594727,11.392045021057129,12.275582313537598
205,23.56194496154785,12.74330997467041,10.818634986877441
206,23.348400115966797,10.704455375671387,12.64394474029541
207,22.979768753051758,10.923470497131348,12.05629825592041
208,22.519668579101562,12.107514381408691,10.412154197692871
209,22.121944427490234,11.892589569091797,10.229354858398438
210,21.92305564880371,11.818320274353027,10.104735374450684
211,21.854372024536133,10.712091445922852,11.142280578613281
212,21.893064498901367,11.090319633483887,10.80274486541748
213,22.03706932067871,10.566514015197754,11.470555305480957
214,22.101110458374023,10.462869644165039,11.638240814208984
215,21.87388801574707,11.783363342285156,10.090524673461914
216,21.901411056518555,11.673199653625488,10.228211402893066
217,22.083032608032227,9.911592483520508,12.171440124511719
218,22.23426055908203,10.175370216369629,12.058890342712402
219,22.355100631713867,10.2077054977417,12.147395133972168
220,22.19796371459961,9.447419166564941,12.750544548034668
221,22.046112060546875,11.043859481811523,11.002252578735352
222,21.826313018798828,11.109502792358398,10.71681022644043
223,21.625669479370117,10.311232566833496,11.314436912536621
224,21.653888702392578,9.756526947021484,11.897361755371094
225,21.843889236450195,8.964303016662598,12.879586219787598
226,21.916149139404297,9.640732765197754,12.275416374206543
227,21.98314094543457,10.532647132873535,11.450493812561035
228,21.688888549804688,14.743831634521484,6.945056915283203
229,21.48247718811035,22.275468826293945,0.7929916381835938
230,21.168495178222656,23.346330642700195,2.177835464477539
231,20.966930389404297,23.895963668823242,2.9290332794189453
232,20.77606964111328,22.897560119628906,2.121490478515625
233,20.463624954223633,10.590166091918945,9.873458862304688
234,20.20111083984375,10.05251693725586,10.14859390258789
235,19.366111755371094,9.251254081726074,10.11485767364502
236,18.37254524230957,11.150789260864258,7.2217559814453125
237,16.79336166381836,10.446183204650879,6.3471784591674805
238,15.996944427490234,10.142010688781738,5.854933738708496
239,14.873055458068848,10.58847713470459,4.284578323364258
240,14.297494888305664,9.53048038482666,4.767014503479004
241,13.846963882446289,8.740396499633789,5.1065673828125
242,13.674830436706543,10.446535110473633,3.22829532623291
243,13.588055610656738,9.8248291015625,3.7632265090942383
244,14.036944389343262,10.35622787475586,3.6807165145874023
245,14.556410789489746,11.270085334777832,3.286325454711914
246,14.656169891357422,11.522309303283691,3.1338605880737305
247,14.226055145263672,10.127230644226074,4.098824501037598
248,13.603219032287598,10.151275634765625,3.4519433975219727
249,13.08888053894043,8.717024803161621,4.371855735778809
250,13.341111183166504,7.866733074188232,5.4743781089782715
251,14.022955894470215,8.453300476074219,5.569655418395996
252,14.651944160461426,9.891349792480469,4.760594367980957
253,14.633889198303223,9.305676460266113,5.328212738037109
254,14.165338516235352,10.285422325134277,3.879916191101074
255,13.896111488342285,9.802964210510254,4.093147277832031
256,13.358888626098633,10.563078880310059,2.795809745788574
257,13.35991096496582,10.905655860900879,2.4542551040649414
258,13.327361106872559,10.63675594329834,2.6906051635742188
259,13.79888916015625,9.878853797912598,3.9200353622436523
260,14.4866943359375,8.057496070861816,6.429198265075684
261,14.817255973815918,8.876235008239746,5.941020965576172
262,15.045588493347168,9.045668601989746,5.999919891357422
263,15.400869369506836,9.15391731262207,6.246952056884766
264,15.536944389343262,10.045069694519043,5.491874694824219
265,15.978011131286621,10.220314025878906,5.757697105407715
266,16.01603889465332,10.890702247619629,5.125336647033691
267,16.072086334228516,11.137410163879395,4.934676170349121
268,15.961050033569336,11.832926750183105,4.1281232833862305
269,16.54305648803711,12.442265510559082,4.100790977478027
270,17.038055419921875,11.2800931930542,5.757962226867676
271,17.306533813476562,9.700357437133789,7.606176376342773
272,17.443056106567383,12.630699157714844,4.812356948852539
273,17.97536849975586,13.158039093017578,4.817329406738281
274,17.978830337524414,13.03939151763916,4.939438819885254
275,18.134204864501953,14.416934967041016,3.7172698974609375
276,18.577611923217773,13.887208938598633,4.690402984619141
277,18.256439208984375,13.410405158996582,4.846034049987793
278,17.774988174438477,10.353421211242676,7.421566963195801
279,17.933889389038086,10.353047370910645,7.580842018127441
280,18.23611068725586,11.142430305480957,7.093680381774902
281,18.684999465942383,10.350648880004883,8.3343505859375
282,18.948055267333984,11.029045104980469,7.919010162353516
283,19.04888916015625,12.439201354980469,6.609687805175781
284,19.3700008392334,11.167713165283203,8.202287673950195
285,19.979188919067383,9.872831344604492,10.10635757446289
286,20.568025588989258,10.832417488098145,9.735608100891113
287,20.983888626098633,10.018308639526367,10.965579986572266
288,21.29313087463379,10.324394226074219,10.96873664855957
289,21.539419174194336,8.85792350769043,12.681495666503906
290,21.854135513305664,9.877787590026855,11.976347923278809
291,22.323810577392578,9.686101913452148,12.63770866394043
292,22.656110763549805,10.368349075317383,12.287761688232422
293,22.647125244140625,11.074470520019531,11.572654724121094
294,22.741111755371094,11.980578422546387,10.760533332824707
295,22.656814575195312,12.123326301574707,10.533488273620605
296,22.614561080932617,12.936232566833496,9.678328514099121
297,22.41611099243164,13.392816543579102,9.023294448852539
298,22.100400924682617,13.445277214050293,8.655123710632324
299,22.131011962890625,11.83790111541748,10.293110847473145
300,22.24032974243164,12.145037651062012,10.095292091369629
301,21.98334503173828,11.415128707885742,10.568216323852539
302,22.05866050720215,11.268152236938477,10.790508270263672
303,22.08888816833496,11.283782958984375,10.805105209350586
304,22.2067813873291,10.592148780822754,11.614632606506348
305,22.241945266723633,11.450728416442871,10.791216850280762
306,22.1162109375,11.243178367614746,10.873032569885254
307,22.03611183166504,11.99055290222168,10.04555892944336
308,21.758888244628906,8.686814308166504,13.072073936462402
309,21.08194351196289,10.339750289916992,10.742193222045898
310,20.633888244628906,10.372904777526855,10.26098346710205
311,20.058889389038086,9.809988021850586,10.2489013671875
312,19.46524429321289,8.767833709716797,10.697410583496094
313,19.261777877807617,11.117684364318848,8.14409351348877
314,19.326568603515625,11.307762145996094,8.018806457519531
315,19.783056259155273,11.79638957977295,7.986666679382324
316,20.333805084228516,12.035128593444824,8.298676490783691
317,20.768800735473633,11.905319213867188,8.863481521606445
318,21.06712532043457,12.021870613098145,9.045254707336426
319,21.161945343017578,12.897934913635254,8.264010429382324
320,21.148889541625977,11.169078826904297,9.97981071472168
321,20.641111373901367,13.165637969970703,7.475473403930664
322,20.105594635009766,12.397480010986328,7.7081146240234375
323,20.030000686645508,12.281353950500488,7.7486467361450195
324,20.180330276489258,12.720139503479004,7.460190773010254
325,20.536945343017578,12.964651107788086,7.572294235229492
326,20.834077835083008,11.976001739501953,8.858076095581055
327,20.739999771118164,13.042686462402344,7.69731330871582
328,20.80828857421875,12.471261024475098,8.337027549743652
329,21.06746482849121,11.489969253540039,9.577495574951172
330,21.46388816833496,11.646623611450195,9.817264556884766
331,21.741382598876953,11.211690902709961,10.529691696166992
332,21.762636184692383,10.633368492126465,11.129267692565918
333,21.988056182861328,10.241031646728516,11.747024536132812
334,22.164106369018555,10.762455940246582,11.401650428771973
335,22.395000457763672,10.181916236877441,12.21308422088623
336,22.691110610961914,10.560760498046875,12.130350112915039
337,22.823888778686523,9.4468355178833,13.377053260803223
338,22.896575927734375,10.986337661743164,11.910238265991211
339,22.813888549804688,9.418429374694824,13.395459175109863
340,22.779727935791016,10.309062957763672,12.470664978027344
341,23.125,9.777027130126953,13.347972869873047
342,23.891944885253906,9.856836318969727,14.03510856628418
343,24.703393936157227,10.377994537353516,14.325399398803711
344,25.310749053955078,9.876084327697754,15.434664726257324
345,25.523056030273438,10.263368606567383,15.259687423706055
346,25.381628036499023,9.651498794555664,15.73012924194336
347,25.250171661376953,9.956011772155762,15.294159889221191
348,25.33305549621582,12.55920124053955,12.77385425567627
349,25.29694366455078,13.33354377746582,11.963399887084961
350,25.119218826293945,10.053192138671875,15.06602668762207
351,24.904571533203125,10.350817680358887,14.553753852844238
352,24.79305648803711,11.062962532043457,13.730093955993652
353,24.71500015258789,10.523104667663574,14.191895484924316
354,24.503889083862305,12.221663475036621,12.282225608825684
355,24.258888244628906,10.726020812988281,13.532867431640625
356,24.14495086669922,10.829398155212402,13.315552711486816
357,23.789770126342773,10.11901569366455,13.670754432678223
358,23.625022888183594,10.976048469543457,12.648974418640137
359,23.413305282592773,11.142654418945312,12.270650863647461
360,23.271835327148438,10.491758346557617,12.78007698059082
361,23.047245025634766,11.363122940063477,11.684122085571289
362,22.830381393432617,11.585107803344727,11.24527359008789
363,22.563064575195312,10.66770076751709,11.895363807678223
364,22.453887939453125,10.18692684173584,12.266961097717285
365,22.301111221313477,10.911538124084473,11.389573097229004
366,22.317224502563477,10.61701774597168,11.700206756591797
367,22.427043914794922,10.395835876464844,12.031208038330078
368,22.75016975402832,11.868136405944824,10.882033348083496
369,22.933006286621094,12.139252662658691,10.793753623962402
370,22.948888778686523,14.445755004882812,8.503133773803711
371,22.981111526489258,15.43401050567627,7.547101020812988
372,23.080060958862305,14.582452774047852,8.497608184814453
373,23.335350036621094,13.793522834777832,9.541827201843262
374,23.483055114746094,15.260994911193848,8.222060203552246
375,23.46969985961914,13.375930786132812,10.093769073486328
376,23.395349502563477,13.731249809265137,9.66409969329834
377,23.465768814086914,12.989835739135742,10.475933074951172
378,23.33194351196289,12.156362533569336,11.175580978393555
379,22.850000381469727,11.97275447845459,10.877245903015137
380,22.549360275268555,11.186717987060547,11.362642288208008
381,22.61761474609375,10.583961486816406,12.033653259277344
382,22.805030822753906,11.428020477294922,11.377010345458984
383,22.82694435119629,11.648388862609863,11.178555488586426
384,22.598186492919922,12.764209747314453,9.833976745605469
385,22.616111755371094,10.317700386047363,12.29841136932373
386,22.679119110107422,10.81673526763916,11.862383842468262
387,22.107810974121094,10.690205574035645,11.41760540008545
388,21.381654739379883,10.431221008300781,10.950433731079102
389,20.926111221313477,9.868226051330566,11.05788516998291
390,20.179611206054688,10.786788940429688,9.392822265625
391,19.586111068725586,11.319665908813477,8.26644515991211
392,19.42572021484375,10.8098783493042,8.61584186553955
393,19.6380558013916,11.59531021118164,8.042745590209961
394,19.907333374023438,11.294076919555664,8.613256454467773
395,19.598888397216797,11.572858810424805,8.026029586791992
396,19.48116111755371,10.510469436645508,8.970691680908203
397,19.44046974182129,9.541215896606445,9.899253845214844
398,19.258888244628906,10.352221488952637,8.90666675567627
399,19.27252960205078,9.933849334716797,9.338680267333984
400,19.665660858154297,11.748826026916504,7.916834831237793
401,19.893444061279297,10.895228385925293,8.998215675354004
402,19.79305648803711,9.8656587600708,9.927397727966309
403,20.01441192626953,10.696375846862793,9.318036079406738
404,20.378650665283203,10.796114921569824,9.582535743713379
405,20.551074981689453,11.076984405517578,9.474090576171875
406,20.16336441040039,11.631779670715332,8.531584739685059
407,19.96500015258789,11.57174301147461,8.393257141113281
408,19.60039710998535,11.79073715209961,7.809659957885742
409,19.35242462158203,9.9694242477417,9.383000373840332
410,19.2952880859375,11.707006454467773,7.588281631469727
411,19.184925079345703,12.077101707458496,7.107823371887207
412,19.528661727905273,12.877127647399902,6.651534080505371
413,19.33543586730957,14.284032821655273,5.051403045654297
414,18.82118797302246,15.330110549926758,3.491077423095703
415,18.791963577270508,12.808761596679688,5.98320198059082
416,18.783924102783203,11.216850280761719,7.567073822021484
417,18.956111907958984,11.71200180053711,7.244110107421875
418,19.258888244628906,12.554349899291992,6.704538345336914
419,19.718055725097656,9.532859802246094,10.185195922851562
420,19.883888244628906,8.180440902709961,11.703447341918945
421,20.568889617919922,8.3890380859375,12.179851531982422
422,21.158889770507812,8.599066734313965,12.559823036193848
423,21.999860763549805,8.692194938659668,13.307665824890137
424,22.51771354675293,8.73059368133545,13.78711986541748
425,22.77528953552246,12.11046314239502,10.664826393127441
426,23.153888702392578,11.608734130859375,11.545154571533203
427,23.665849685668945,15.661666870117188,8.004182815551758
428,24.226943969726562,18.657983779907227,5.568960189819336
429,24.74773406982422,24.48370933532715,0.2640247344970703
430,25.226943969726562,23.25756072998047,1.9693832397460938
431,25.608888626098633,24.394628524780273,1.2142601013183594
432,26.077913284301758,13.49525260925293,12.582660675048828
433,26.113889694213867,16.357288360595703,9.756601333618164
434,26.04305648803711,14.816585540771484,11.226470947265625
435,26.156333923339844,24.42682647705078,1.7295074462890625
436,26.367544174194336,27.376482009887695,1.0089378356933594
437,26.6068058013916,20.529510498046875,6.077295303344727
438,26.633054733276367,16.013896942138672,10.619157791137695
439,26.723888397216797,9.408418655395508,17.31546974182129
440,26.90999984741211,9.201252937316895,17.708746910095215
441,27.091943740844727,9.949743270874023,17.142200469970703
442,27.20305633544922,9.594293594360352,17.608762741088867
443,27.223054885864258,8.291220664978027,18.93183422088623
444,27.305511474609375,9.194656372070312,18.110855102539062
445,27.140663146972656,10.255316734313965,16.88534641265869
446,26.69588851928711,11.150225639343262,15.545662879943848
447,26.321125030517578,20.066631317138672,6.254493713378906
448,25.784318923950195,15.954741477966309,9.829577445983887
449,25.45111083984375,12.76833724975586,12.68277359008789
450,25.211944580078125,10.977832794189453,14.234111785888672
451,25.236785888671875,11.081685066223145,14.15510082244873
452,25.333324432373047,11.69571304321289,13.637611389160156
453,25.473054885864258,11.452849388122559,14.0202054977417
454,25.512863159179688,8.71314811706543,16.799715042114258
455,25.3799991607666,10.613337516784668,14.766661643981934
456,25.26081085205078,10.274173736572266,14.986637115478516
457,25.03818702697754,9.51010513305664,15.528081893920898
458,24.885522842407227,10.56050968170166,14.325013160705566
459,24.306425094604492,11.404234886169434,12.902190208435059
460,23.824838638305664,11.453032493591309,12.371806144714355
461,23.584238052368164,10.047334671020508,13.536903381347656
462,23.221094131469727,13.606968879699707,9.61412525177002
463,22.641124725341797,12.79666519165039,9.844459533691406
464,22.065000534057617,11.32099723815918,10.744003295898438
465,21.886110305786133,12.933627128601074,8.952483177185059
466,21.79805564880371,10.423869132995605,11.374186515808105
467,21.36805534362793,10.988945960998535,10.379109382629395
468,20.438125610351562,11.540350914001465,8.897774696350098
469,18.66666603088379,9.735629081726074,8.931036949157715
470,16.712656021118164,10.457984924316406,6.254671096801758
471,15.691736221313477,10.380783081054688,5.310953140258789
472,14.69719409942627,10.223957061767578,4.473237037658691
473,14.130149841308594,12.007808685302734,2.1223411560058594
474,13.221944808959961,10.432461738586426,2.789483070373535
475,12.177618980407715,10.027982711791992,2.1496362686157227
476,11.378055572509766,10.553609848022461,0.8244457244873047
477,10.716944694519043,9.812456130981445,0.9044885635375977
478,10.424985885620117,9.428613662719727,0.9963722229003906
479,11.066944122314453,9.892441749572754,1.1745023727416992
480,11.516111373901367,10.777459144592285,0.738652229309082
481,11.993888854980469,9.542671203613281,2.4512176513671875
482,12.421111106872559,10.267484664916992,2.1536264419555664
483,12.95502758026123,10.781611442565918,2.1734161376953125
484,13.004919052124023,8.719816207885742,4.285102844238281
485,13.166219711303711,8.274510383605957,4.891709327697754
486,13.253889083862305,7.180150985717773,6.073738098144531
487,13.433055877685547,7.407773971557617,6.02528190612793
488,13.546577453613281,8.204249382019043,5.342328071594238
489,13.641944885253906,8.226105690002441,5.415839195251465
490,13.451944351196289,9.229653358459473,4.222290992736816
491,13.182605743408203,8.654914855957031,4.527690887451172
492,12.511344909667969,8.819439888000488,3.6919050216674805
493,11.718055725097656,9.098485946655273,2.619569778442383
494,11.219327926635742,8.770573616027832,2.44875431060791
495,10.882389068603516,8.711058616638184,2.171330451965332
496,10.928400039672852,10.096242904663086,0.8321571350097656
497,11.41296672821045,9.4392671585083,1.9736995697021484
498,11.736374855041504,9.273222923278809,2.4631519317626953
499,12.382964134216309,9.187060356140137,3.195903778076172
500,12.652755737304688,9.809782981872559,2.842972755432129
501,12.473555564880371,9.495991706848145,2.9775638580322266
502,12.32306957244873,8.99915599822998,3.32391357421875
503,12.213889122009277,10.009439468383789,2.2044496536254883
504,12.291350364685059,8.986722946166992,3.3046274185180664
505,12.474669456481934,10.30038833618164,2.174281120300293
506,12.714799880981445,10.227155685424805,2.4876441955566406
507,12.793055534362793,10.35089111328125,2.442164421081543
508,12.936111450195312,11.577672958374023,1.358438491821289
509,13.014739036560059,9.68599796295166,3.3287410736083984
510,12.95918083190918,10.487295150756836,2.4718856811523438
511,12.911110877990723,8.776020050048828,4.1350908279418945
512,12.667230606079102,9.208182334899902,3.459048271179199
513,12.358939170837402,8.538113594055176,3.8208255767822266
514,11.9795503616333,7.307493686676025,4.672056674957275
515,11.63611125946045,5.233813762664795,6.402297496795654
516,11.5649995803833,6.224612236022949,5.340387344360352
517,12.06611156463623,6.098715305328369,5.967396259307861
518,9.920724868774414,5.986494541168213,3.934230327606201
519,7.206110954284668,6.38342809677124,0.8226828575134277
520,5.944699764251709,6.03261661529541,0.08791685104370117
521,5.283055782318115,5.91747522354126,0.6344194412231445
522,3.5245139598846436,5.204624176025391,1.680110216140747
523,2.4955945014953613,5.267704486846924,2.7721099853515625
524,1.9661943912506104,4.337610721588135,2.3714163303375244
525,1.1150000095367432,4.2992024421691895,3.1842024326324463
526,0.022183332592248917,3.1739773750305176,3.1517940424382687
527,0.03194444626569748,2.9838502407073975,2.9519057944417
528,0.004988888744264841,3.4480507373809814,3.4430618486367166
529,0.018888888880610466,3.063079595565796,3.0441907066851854
530,0.00316388881765306,4.369206428527832,4.366042539710179
531,0.010119444690644741,4.069601535797119,4.059482091106474
532,0.014641666784882545,3.294282913208008,3.2796412464231253
533,0.18611110746860504,4.210525035858154,4.024413928389549
534,0.371111124753952,3.479893207550049,3.108782082796097
535,1.1805888414382935,2.9423863887786865,1.761797547340393
536,1.4294694662094116,2.0937716960906982,0.6643022298812866
537,1.3716249465942383,3.79888653755188,2.4272615909576416
538,0.8350555300712585,2.7388269901275635,1.903771460056305
539,0.04611111059784889,2.61875581741333,2.572644706815481
540,0.9291611313819885,2.4725067615509033,1.5433456301689148
541,1.0941499471664429,3.143242597579956,2.049092650413513
542,0.6161110997200012,3.8343117237091064,3.2182006239891052
543,0.17684444785118103,4.108079433441162,3.931234985589981
544,0.03282500058412552,4.068193435668945,4.03536843508482
545,0.253888875246048,4.958858489990234,4.704969614744186
546,1.0011111497879028,5.577262878417969,4.576151728630066
547,1.7797610759735107,5.824808597564697,4.0450475215911865
548,1.6549999713897705,6.3726911544799805,4.71769118309021
549,1.912144422531128,7.595885276794434,5.683740854263306
550,3.325350046157837,6.830545902252197,3.5051958560943604
551,4.622875213623047,6.829319953918457,2.20644474029541
552,6.252139091491699,6.318794250488281,0.06665515899658203
553,6.539969444274902,6.749513149261475,0.20954370498657227
554,6.512800216674805,7.478989601135254,0.9661893844604492
555,6.226650238037109,8.574471473693848,2.3478212356567383
556,6.072236061096191,9.096670150756836,3.0244340896606445
557,6.150000095367432,11.379670143127441,5.22967004776001
558,7.487150192260742,11.560445785522461,4.073295593261719
559,8.867011070251465,10.839881896972656,1.9728708267211914
560,10.256769180297852,10.74609375,0.48932456970214844
561,11.550000190734863,11.924535751342773,0.37453556060791016
562,12.589425086975098,10.265060424804688,2.32436466217041
563,13.533763885498047,11.197738647460938,2.3360252380371094
564,14.211771965026855,11.19031810760498,3.021453857421875
565,14.551944732666016,11.095254898071289,3.4566898345947266
566,14.96755599975586,10.6550931930542,4.31246280670166
567,15.10111141204834,11.298842430114746,3.8022689819335938
568,15.251944541931152,12.017338752746582,3.2346057891845703
569,15.878825187683105,11.864224433898926,4.01460075378418
570,16.586944580078125,10.515273094177246,6.071671485900879
571,16.784799575805664,10.753034591674805,6.031764984130859
572,17.00101089477539,11.846917152404785,5.1540937423706055
573,17.160139083862305,11.738425254821777,5.421713829040527
574,17.571945190429688,11.397608757019043,6.1743364334106445
575,17.96778678894043,13.476171493530273,4.491615295410156
576,18.54694366455078,13.609893798828125,4.937049865722656
577,19.016599655151367,14.711715698242188,4.30488395690918
578,19.658727645874023,13.977210998535156,5.681516647338867
579,20.166324615478516,11.900328636169434,8.265995979309082
580,20.34000015258789,9.588993072509766,10.751007080078125
581,20.28356170654297,10.39988899230957,9.883672714233398
582,20.210275650024414,10.95794677734375,9.252328872680664
583,19.80221939086914,11.853178024291992,7.949041366577148
584,19.207393646240234,14.629685401916504,4.5777082443237305
585,18.106945037841797,12.072821617126465,6.034123420715332
586,15.492030143737793,11.386367797851562,4.1056623458862305
587,14.231863975524902,10.408607482910156,3.823256492614746
588,13.946110725402832,9.974127769470215,3.971982955932617
589,14.170319557189941,10.300976753234863,3.869342803955078
590,14.951944351196289,11.675034523010254,3.276909828186035
591,16.108444213867188,12.263850212097168,3.8445940017700195
592,17.07237434387207,12.77107048034668,4.301303863525391
593,18.038888931274414,11.242399215698242,6.796489715576172
594,18.694129943847656,11.43083667755127,7.263293266296387
595,20.4512939453125,11.144773483276367,9.306520462036133
596,20.826431274414062,11.586386680603027,9.240044593811035
597,20.923450469970703,11.705092430114746,9.218358039855957
598,21.71500015258789,11.719526290893555,9.995473861694336
599,22.49083137512207,11.831147193908691,10.659684181213379
600,23.253889083862305,11.315176963806152,11.938712120056152
601,23.746944427490234,11.011404991149902,12.735539436340332
602,24.371944427490234,11.307746887207031,13.064197540283203
603,24.71833038330078,11.712904930114746,13.005425453186035
604,25.023056030273438,10.479859352111816,14.543196678161621
605,25.456260681152344,9.538130760192871,15.918129920959473
606,25.531713485717773,11.807018280029297,13.724695205688477
607,25.553054809570312,13.583359718322754,11.969695091247559
608,25.203887939453125,15.142409324645996,10.061478614807129
609,24.766286849975586,15.248003005981445,9.51828384399414
610,23.657079696655273,15.198062896728516,8.459016799926758
611,22.838054656982422,15.074810028076172,7.76324462890625
612,22.18000030517578,12.567151069641113,9.612849235534668
613,22.151538848876953,13.117484092712402,9.03405475616455
614,22.484561920166016,12.631531715393066,9.85303020477295
615,22.775867462158203,12.882173538208008,9.893693923950195
616,22.983888626098633,13.52984619140625,9.454042434692383
617,22.973499298095703,13.338501930236816,9.634997367858887
618,22.996549606323242,12.290857315063477,10.705692291259766
619,23.471111297607422,13.449912071228027,10.021199226379395
620,23.73979949951172,13.684025764465332,10.055773735046387
621,24.198930740356445,13.901321411132812,10.297609329223633
622,24.366945266723633,13.921135902404785,10.445809364318848
623,24.747005462646484,13.189870834350586,11.557134628295898
624,25.182649612426758,13.470352172851562,11.712297439575195
625,25.354814529418945,12.664196968078613,12.690617561340332
626,25.624061584472656,12.83509635925293,12.788965225219727
627,25.778989791870117,12.950270652770996,12.828719139099121
628,26.145000457763672,14.754007339477539,11.390993118286133
629,26.121110916137695,15.054764747619629,11.066346168518066
630,26.11805534362793,14.792204856872559,11.325850486755371
631,26.744943618774414,13.648306846618652,13.096636772155762
632,26.403512954711914,10.484166145324707,15.919346809387207
633,26.154388427734375,11.237998962402344,14.916389465332031
634,25.566160202026367,11.277985572814941,14.288174629211426
635,25.253211975097656,12.406713485717773,12.846498489379883
636,25.231670379638672,13.30850601196289,11.923164367675781
637,25.175350189208984,16.258459091186523,8.916891098022461
638,25.841110229492188,13.364858627319336,12.476251602172852
639,26.011110305786133,14.225218772888184,11.78589153289795
640,26.450220108032227,14.509764671325684,11.940455436706543
641,26.889999389648438,14.186424255371094,12.703575134277344
642,27.072895050048828,14.10134506225586,12.971549987792969
643,26.83888816833496,15.907538414001465,10.931349754333496
644,26.371538162231445,15.935851097106934,10.435687065124512
645,26.221799850463867,15.079948425292969,11.141851425170898
646,26.33143424987793,13.90650463104248,12.42492961883545
647,26.126766204833984,12.9393310546875,13.187435150146484
648,26.146944046020508,12.887968063354492,13.258975982666016
649,26.246944427490234,11.614458084106445,14.632486343383789
650,26.475231170654297,10.15957260131836,16.315658569335938
651,26.678054809570312,9.88284969329834,16.795205116271973
652,26.131895065307617,10.133745193481445,15.998149871826172
653,25.640411376953125,11.185705184936523,14.454706192016602
654,24.933889389038086,12.078327178955078,12.855562210083008
655,24.531110763549805,13.15307903289795,11.378031730651855
656,23.75611114501953,11.623956680297852,12.13215446472168
657,23.290739059448242,12.536334991455078,10.754404067993164
658,23.136255264282227,10.408354759216309,12.727900505065918
659,22.830381393432617,10.579639434814453,12.250741958618164
660,22.495513916015625,11.017521858215332,11.477992057800293
661,22.10736083984375,10.471732139587402,11.635628700256348
662,22.39426612854004,9.893787384033203,12.500478744506836
663,22.9747314453125,11.65739631652832,11.31733512878418
664,23.50493812561035,10.931906700134277,12.573031425476074
665,23.689964294433594,12.028170585632324,11.66179370880127
666,23.716110229492188,11.884025573730469,11.832084655761719
667,23.648056030273438,11.377739906311035,12.270316123962402
668,23.948760986328125,12.159435272216797,11.789325714111328
669,23.96613121032715,13.273183822631836,10.692947387695312
670,24.371944427490234,12.442875862121582,11.929068565368652
671,24.039974212646484,12.257209777832031,11.782764434814453
672,23.7060604095459,9.759721755981445,13.946338653564453
673,23.22194480895996,9.60051155090332,13.62143325805664
674,23.258075714111328,9.263797760009766,13.994277954101562
675,23.730810165405273,9.6488676071167,14.081942558288574
676,24.082075119018555,10.389500617980957,13.692574501037598
677,24.3619441986084,10.786684036254883,13.575260162353516
678,24.68000030517578,11.373197555541992,13.306802749633789
679,24.741613388061523,12.135520935058594,12.60609245300293
680,24.690000534057617,10.870287895202637,13.81971263885498
681,24.94898796081543,12.546786308288574,12.402201652526855
682,24.878711700439453,11.400646209716797,13.478065490722656
683,24.652725219726562,11.276575088500977,13.376150131225586
684,24.669410705566406,12.682668685913086,11.98674201965332
685,24.639999389648438,14.156132698059082,10.483866691589355
686,25.203388214111328,13.88648509979248,11.316903114318848
687,25.557119369506836,14.006287574768066,11.55083179473877
688,25.423269271850586,12.580610275268555,12.842658996582031
689,25.925710678100586,10.26880168914795,15.656908988952637
690,25.9283504486084,9.836284637451172,16.092065811157227
691,25.59351348876953,9.907205581665039,15.686307907104492
692,25.351943969726562,8.11347484588623,17.238469123840332
693,25.1380558013916,9.9645414352417,15.173514366149902
694,25.068056106567383,11.007383346557617,14.060672760009766
695,24.83169937133789,10.733907699584961,14.09779167175293
696,24.703630447387695,11.62984561920166,13.073784828186035
697,23.993450164794922,12.808947563171387,11.184502601623535
698,20.509286880493164,12.141674995422363,8.3676118850708
699,18.479999542236328,13.78103256225586,4.698966979980469
700,18.00111198425293,13.448988914489746,4.552123069763184
701,17.501693725585938,10.52833080291748,6.973362922668457
702,17.469999313354492,11.607711791992188,5.862287521362305
703,18.207935333251953,10.115427017211914,8.092508316040039
704,18.996925354003906,11.57168960571289,7.425235748291016
705,19.917024612426758,10.502498626708984,9.414525985717773
706,20.74643898010254,10.226120948791504,10.520318031311035
707,21.251794815063477,10.663520812988281,10.588274002075195
708,21.574249267578125,10.945638656616211,10.628610610961914
709,21.892444610595703,10.00440788269043,11.888036727905273
710,22.221200942993164,9.181923866271973,13.039277076721191
711,22.57361602783203,10.538056373596191,12.03555965423584
712,22.900339126586914,10.384665489196777,12.515673637390137
713,23.213054656982422,9.635692596435547,13.577362060546875
714,23.662487030029297,9.97034740447998,13.692139625549316
715,23.92716407775879,10.751466751098633,13.175697326660156
716,23.835111618041992,11.493573188781738,12.341538429260254
717,23.83826446533203,12.157638549804688,11.680625915527344
718,23.865949630737305,13.047786712646484,10.81816291809082
719,23.726150512695312,12.966302871704102,10.759847640991211
720,23.401994705200195,14.448053359985352,8.953941345214844
721,23.026111602783203,15.305940628051758,7.720170974731445
722,22.718055725097656,13.477499008178711,9.240556716918945
723,22.0029354095459,21.95756721496582,0.045368194580078125
724,21.512229919433594,11.546772003173828,9.965457916259766
725,20.62611198425293,7.636545181274414,12.989566802978516
726,19.76250648498535,8.74913501739502,11.013371467590332
727,18.790000915527344,8.449755668640137,10.340245246887207
728,17.228055953979492,8.126646041870117,9.101409912109375
729,16.01388931274414,8.990412712097168,7.023476600646973
730,14.20888900756836,9.97972583770752,4.22916316986084
731,13.426944732666016,8.442695617675781,4.984249114990234
732,11.92388916015625,9.865665435791016,2.0582237243652344
733,11.59660530090332,10.810041427612305,0.7865638732910156
734,12.140000343322754,10.94163990020752,1.1983604431152344
735,13.303889274597168,10.267147064208984,3.0367422103881836
736,14.461111068725586,11.104400634765625,3.356710433959961
737,15.823055267333984,11.166038513183594,4.657016754150391
738,16.971885681152344,11.468236923217773,5.50364875793457
739,17.133386611938477,12.465234756469727,4.66815185546875
740,17.031400680541992,13.709243774414062,3.3221569061279297
741,16.871950149536133,14.348587036132812,2.5233631134033203
742,16.470300674438477,12.841720581054688,3.628580093383789
743,16.278888702392578,12.263648986816406,4.015239715576172
744,16.460039138793945,11.977267265319824,4.482771873474121
745,17.17912483215332,10.908300399780273,6.270824432373047
746,17.999099731445312,11.223241806030273,6.775857925415039
747,18.606229782104492,10.818138122558594,7.788091659545898
748,18.816110610961914,10.89937686920166,7.916733741760254
749,18.706418991088867,12.351914405822754,6.354504585266113
750,18.237550735473633,12.321098327636719,5.916452407836914
751,18.539661407470703,12.562067985534668,5.977593421936035
752,18.50687026977539,12.764426231384277,5.742444038391113
753,18.174589157104492,12.04617691040039,6.128412246704102
754,18.13996124267578,11.396217346191406,6.743743896484375
755,18.378889083862305,10.531550407409668,7.847338676452637
756,19.523889541625977,9.014139175415039,10.509750366210938
757,20.128787994384766,10.325307846069336,9.80348014831543
758,20.112510681152344,9.999978065490723,10.112532615661621
759,19.698881149291992,9.83830451965332,9.860576629638672
760,18.881263732910156,10.8613862991333,8.019877433776855
761,18.413888931274414,10.788692474365234,7.62519645690918
762,17.864999771118164,13.094572067260742,4.770427703857422
763,17.42388916015625,12.297833442687988,5.126055717468262
764,16.88433074951172,12.591044425964355,4.293286323547363
765,16.30866050720215,11.368057250976562,4.940603256225586
766,16.1119441986084,11.473353385925293,4.6385908126831055
767,14.688888549804688,11.970178604125977,2.718709945678711
768,13.567336082458496,10.139670372009277,3.4276657104492188
769,12.946944236755371,10.297530174255371,2.6494140625
770,13.241944313049316,10.480962753295898,2.760981559753418
771,13.58597469329834,8.863372802734375,4.722601890563965
772,14.23888874053955,8.61133098602295,5.627557754516602
773,14.26746940612793,9.560340881347656,4.707128524780273
774,14.348889350891113,8.036791801452637,6.312097549438477
775,14.534130096435547,8.51324462890625,6.020885467529297
776,14.806694030761719,9.477070808410645,5.329623222351074
777,15.298336029052734,10.054291725158691,5.244044303894043
778,15.761894226074219,11.157022476196289,4.60487174987793
779,15.818561553955078,11.249436378479004,4.569125175476074
780,15.954889297485352,11.549023628234863,4.405865669250488
781,16.4416446685791,11.463061332702637,4.978583335876465
782,16.86868667602539,12.590153694152832,4.278532981872559
783,17.59688949584961,12.392415046691895,5.204474449157715
784,18.36111068725586,13.968646049499512,4.392464637756348
785,19.1119441986084,14.435464859008789,4.676479339599609
786,19.638530731201172,14.170626640319824,5.467904090881348
787,20.09886932373047,11.54455280303955,8.554316520690918
788,20.898056030273438,11.764719009399414,9.133337020874023
789,21.446619033813477,10.921590805053711,10.525028228759766
790,21.776945114135742,11.391925811767578,10.385019302368164
791,21.980960845947266,10.629321098327637,11.351639747619629
792,22.231111526489258,11.11473560333252,11.116375923156738
793,22.58194351196289,12.415048599243164,10.166894912719727
794,22.893054962158203,12.302785873413086,10.590269088745117
795,23.117305755615234,11.281926155090332,11.835379600524902
796,23.463411331176758,12.137523651123047,11.325887680053711
797,23.719999313354492,12.064992904663086,11.655006408691406
798,23.825031280517578,12.945182800292969,10.87984848022461
799,24.027175903320312,12.121731758117676,11.905444145202637
800,23.808055877685547,12.3480863571167,11.459969520568848
801,23.608888626098633,9.94741153717041,13.661477088928223
802,23.3886661529541,10.606212615966797,12.782453536987305
803,23.337310791015625,10.848909378051758,12.488401412963867
804,22.918888092041016,9.476120948791504,13.442767143249512
805,22.633888244628906,9.815977096557617,12.817911148071289
806,22.319610595703125,9.63051986694336,12.689090728759766
807,21.816110610961914,9.638771057128906,12.177339553833008
808,20.746110916137695,12.053180694580078,8.692930221557617
809,19.419031143188477,12.57081413269043,6.848217010498047
810,17.808889389038086,13.234492301940918,4.574397087097168
811,16.29888916015625,13.238716125488281,3.0601730346679688
812,15.418055534362793,11.510093688964844,3.907961845397949
813,13.782938957214355,12.03392505645752,1.749013900756836
814,12.80888843536377,11.022528648376465,1.7863597869873047
815,11.481239318847656,6.799863815307617,4.681375503540039
816,9.396944046020508,7.105034828186035,2.2919092178344727
817,6.995850086212158,6.632999420166016,0.3628506660461426
818,4.088600158691406,7.133211612701416,3.0446114540100098
819,1.6464861631393433,6.178003311157227,4.531517148017883
820,0.42582499980926514,6.034152030944824,5.608327031135559
821,0.015138888731598854,5.257913112640381,5.242774223908782
822,0.008888889104127884,5.541032791137695,5.532143902033567
823,0.04170555621385574,5.7919464111328125,5.750240854918957
824,0.015044444240629673,5.047998428344727,5.032953984104097
825,0.03177500143647194,5.005649089813232,4.9738740883767605
826,0.011111111380159855,5.200566291809082,5.189455180428922
827,0.01608055643737316,6.056362152099609,6.040281595662236
828,0.006188889034092426,6.162740707397461,6.1565518183633685
829,0.014999999664723873,7.120570659637451,7.105570659972727
830,0.019999999552965164,7.62047815322876,7.600478153675795
831,0.014999999664723873,10.74013900756836,10.725139007903636
832,1.5689889192581177,10.553804397583008,8.98481547832489
833,4.297169208526611,10.329468727111816,6.032299518585205
834,6.668055534362793,10.336572647094727,3.6685171127319336
835,8.501944541931152,10.743924140930176,2.2419795989990234
836,10.048055648803711,10.657423973083496,0.6093683242797852
837,11.156210899353027,11.943665504455566,0.7874546051025391
838,12.630688667297363,11.758282661437988,0.872406005859375
839,13.714275360107422,11.004456520080566,2.7098188400268555
840,14.878067016601562,11.016694068908691,3.861372947692871
841,15.581944465637207,11.02126693725586,4.560677528381348
842,16.20058822631836,11.551654815673828,4.648933410644531
843,16.73733901977539,10.834904670715332,5.902434349060059
844,16.25104522705078,11.921911239624023,4.329133987426758
845,16.714780807495117,12.505561828613281,4.209218978881836
846,16.875730514526367,13.974495887756348,2.9012346267700195
847,16.896944046020508,12.608644485473633,4.288299560546875
848,17.346935272216797,11.441405296325684,5.905529975891113
849,17.73848533630371,11.682937622070312,6.055547714233398
850,18.18694496154785,9.282496452331543,8.904448509216309
851,18.321945190429688,9.3234224319458,8.998522758483887
852,18.12611198425293,10.570380210876465,7.555731773376465
853,17.43805503845215,11.099456787109375,6.338598251342773
854,16.497066497802734,11.751832008361816,4.745234489440918
855,15.86215591430664,13.774831771850586,2.0873241424560547
856,15.24305534362793,13.91761302947998,1.3254423141479492
857,14.730330467224121,11.993965148925781,2.73636531829834
858,14.289199829101562,10.529983520507812,3.75921630859375
859,13.98194408416748,10.161223411560059,3.820720672607422
860,13.789111137390137,10.971957206726074,2.8171539306640625
861,13.251199722290039,10.39716911315918,2.8540306091308594
862,12.34938907623291,10.22133731842041,2.1280517578125
863,11.43608570098877,8.884112358093262,2.551973342895508
864,10.54983901977539,8.514043807983398,2.035795211791992
865,10.598055839538574,9.76059341430664,0.8374624252319336
866,11.538888931274414,9.052172660827637,2.4867162704467773
867,12.619999885559082,10.089503288269043,2.530496597290039
868,13.680000305175781,10.332656860351562,3.3473434448242188
869,14.824999809265137,9.892549514770508,4.932450294494629
870,15.653736114501953,9.548262596130371,6.105473518371582
871,16.19313621520996,9.933878898620605,6.2592573165893555
872,16.358888626098633,10.394811630249023,5.964076995849609
873,16.75694465637207,11.968429565429688,4.788515090942383
874,16.78373146057129,11.141683578491211,5.642047882080078
875,16.61111068725586,11.662704467773438,4.948406219482422
876,16.893064498901367,10.393710136413574,6.499354362487793
877,16.925819396972656,11.670464515686035,5.255354881286621
878,16.982494354248047,12.155011177062988,4.827483177185059
879,17.088054656982422,10.111640930175781,6.976413726806641
880,17.255489349365234,12.182321548461914,5.07316780090332
881,17.463905334472656,11.031327247619629,6.432578086853027
882,17.691110610961914,10.521769523620605,7.169341087341309
883,17.798154830932617,10.462503433227539,7.335651397705078
884,17.325044631958008,10.183961868286133,7.141082763671875
885,17.884349822998047,10.483990669250488,7.400359153747559
886,17.649999618530273,10.747173309326172,6.902826309204102
887,17.163055419921875,10.234231948852539,6.928823471069336
888,15.16219425201416,12.22476577758789,2.9374284744262695
889,13.031944274902344,11.710508346557617,1.3214359283447266
890,12.465261459350586,12.234443664550781,0.2308177947998047
891,12.478055953979492,11.208638191223145,1.2694177627563477
892,13.102935791015625,12.025961875915527,1.0769739151000977
893,14.116944313049316,12.387471199035645,1.7294731140136719
894,15.167336463928223,11.803365707397461,3.3639707565307617
895,15.281630516052246,12.020760536193848,3.2608699798583984
896,15.151110649108887,13.04097843170166,2.1101322174072266
897,14.617661476135254,11.159255981445312,3.4584054946899414
898,13.891655921936035,12.19184684753418,1.6998090744018555
899,13.719261169433594,10.866288185119629,2.852972984313965
900,13.949700355529785,10.056038856506348,3.8936614990234375
901,14.73888874053955,11.346686363220215,3.392202377319336
902,15.940933227539062,9.254101753234863,6.686831474304199
903,16.571945190429688,9.487296104431152,7.084649085998535
904,17.03499984741211,10.17148494720459,6.8635149002075195
905,17.234500885009766,9.125377655029297,8.109123229980469
906,17.234106063842773,10.750909805297852,6.483196258544922
907,17.578887939453125,10.99846363067627,6.5804243087768555
908,17.475000381469727,10.669889450073242,6.805110931396484
909,16.817005157470703,10.409233093261719,6.407772064208984
910,16.292770385742188,10.059150695800781,6.233619689941406
911,15.851936340332031,10.06428050994873,5.787655830383301
912,15.444280624389648,9.230052947998047,6.214227676391602
913,15.13509464263916,10.658499717712402,4.476594924926758
914,14.620230674743652,11.755132675170898,2.865097999572754
915,13.812613487243652,12.834918975830078,0.9776945114135742
916,13.006505966186523,11.739601135253906,1.2669048309326172
917,11.200111389160156,11.05098819732666,0.1491231918334961
918,8.85111141204834,11.516763687133789,2.665652275085449
919,7.391288757324219,11.378643035888672,3.987354278564453
920,6.166544437408447,11.045222282409668,4.878677845001221
921,8.103799819946289,11.720163345336914,3.616363525390625
922,8.866944313049316,10.754940032958984,1.887995719909668
923,10.001944541931152,10.53062915802002,0.5286846160888672
924,10.798055648803711,10.821615219116211,0.0235595703125
925,11.599660873413086,9.49360179901123,2.1060590744018555
926,11.74987506866455,9.799960136413574,1.9499149322509766
927,10.538900375366211,10.314363479614258,0.22453689575195312
928,8.30773639678955,10.382384300231934,2.074647903442383
929,7.966038703918457,10.445321083068848,2.4792823791503906
930,8.164999961853027,10.265558242797852,2.100558280944824
931,9.130000114440918,10.227357864379883,1.0973577499389648
932,9.978375434875488,9.461605072021484,0.5167703628540039
933,10.6850004196167,10.74279499053955,0.05779457092285156
934,10.844922065734863,11.954647064208984,1.109724998474121
935,10.011789321899414,12.270733833312988,2.258944511413574
936,9.117363929748535,10.343137741088867,1.225773811340332
937,8.826274871826172,11.463215827941895,2.6369409561157227
938,9.058616638183594,11.81414794921875,2.7555313110351562
939,9.824999809265137,11.1742582321167,1.3492584228515625
940,10.915410995483398,12.061121940612793,1.1457109451293945
941,11.694999694824219,9.074287414550781,2.6207122802734375
942,12.571624755859375,10.137317657470703,2.434307098388672
943,12.753889083862305,9.262931823730469,3.490957260131836
944,12.800000190734863,9.4589262008667,3.341073989868164
945,12.122900009155273,10.322060585021973,1.8008394241333008
946,10.34042739868164,9.88554859161377,0.4548788070678711
947,7.469536304473877,11.719827651977539,4.250291347503662
948,6.512599945068359,11.682819366455078,5.170219421386719
949,6.053325176239014,11.70962905883789,5.656303882598877
950,7.288888931274414,10.669837951660156,3.380949020385742
951,8.800000190734863,12.639430046081543,3.8394298553466797
952,9.991944313049316,9.29784870147705,0.6940956115722656
953,11.021111488342285,9.995980262756348,1.0251312255859375
954,11.95805549621582,10.081413269042969,1.8766422271728516
955,12.321944236755371,10.21766471862793,2.1042795181274414
956,12.648486137390137,10.060659408569336,2.587826728820801
957,12.536110877990723,10.79648208618164,1.739628791809082
958,12.476943969726562,9.952011108398438,2.524932861328125
959,12.216944694519043,10.293867111206055,1.9230775833129883
960,12.17212200164795,11.43619155883789,0.7359304428100586
961,11.841625213623047,9.603458404541016,2.2381668090820312
962,11.891111373901367,9.737882614135742,2.153228759765625
963,12.033839225769043,10.193885803222656,1.8399534225463867
964,12.34623908996582,10.141014099121094,2.2052249908447266
965,12.088889122009277,9.58556079864502,2.503328323364258
966,12.128055572509766,11.299779891967773,0.8282756805419922
967,12.401944160461426,10.356038093566895,2.0459060668945312
968,12.85694408416748,11.763684272766113,1.0932598114013672
969,13.198055267333984,10.884255409240723,2.3137998580932617
970,13.1850004196167,10.853501319885254,2.3314990997314453
971,13.361944198608398,9.620749473571777,3.741194725036621
972,13.206944465637207,10.256817817687988,2.9501266479492188
973,12.846814155578613,10.319351196289062,2.527462959289551
974,12.524511337280273,10.868875503540039,1.6556358337402344
975,12.6451997756958,11.385820388793945,1.2593793869018555
976,12.829999923706055,13.448243141174316,0.6182432174682617
977,13.33465576171875,12.314127922058105,1.0205278396606445
978,13.834074974060059,11.144384384155273,2.689690589904785
979,13.881111145019531,10.630331993103027,3.250779151916504
980,13.811111450195312,10.2023344039917,3.6087770462036133
981,13.59511947631836,6.611973762512207,6.983145713806152
982,13.153055191040039,3.2899112701416016,9.863143920898438
983,11.668880462646484,2.7157857418060303,8.953094720840454
984,8.648650169372559,2.943202257156372,5.7054479122161865
985,3.8297693729400635,4.343586444854736,0.5138170719146729
986,0.5699999928474426,4.243090629577637,3.673090636730194
987,0.013036111369729042,3.932828664779663,3.919792553409934
988,0.00998888909816742,4.218268871307373,4.208279982209206
989,0.003088888945057988,3.8520729541778564,3.8489840652327985
990,0.013819443993270397,4.563793182373047,4.5499737383797765
991,0.018930556252598763,4.206695556640625,4.187765000388026
992,0.006180555559694767,3.270911693572998,3.2647311380133033
993,0.01692499965429306,3.112306594848633,3.0953815951943398
994,0.026805555447936058,2.9700331687927246,2.9432276133447886
995,0.1996111124753952,2.483785390853882,2.2841742783784866
996,0.6200888752937317,2.323202133178711,1.7031132578849792
997,0.1289111077785492,2.199985980987549,2.0710748732089996
998,0.008124999701976776,2.1912989616394043,2.1831739619374275
999,0.006963889114558697,1.927258014678955,1.9202941255643964
1000,0.029999999329447746,1.783577561378479,1.7535775620490313
1001,0.013869444839656353,1.629842758178711,1.6159733133390546
1002,0.007036111317574978,1.5340529680252075,1.5270168567076325
1003,0.013074999675154686,1.4422491788864136,1.4291741792112589
1004,0.0069444444961845875,1.5090930461883545,1.50214860169217
1005,0.018869444727897644,1.7156041860580444,1.6967347413301468
1006,0.013055555522441864,1.2699699401855469,1.256914384663105
1007,0.004019444342702627,1.2220557928085327,1.21803634846583
1008,0.013830555602908134,1.4504605531692505,1.4366299975663424
1009,0.017936110496520996,1.4698755741119385,1.4519394636154175
1010,0.0069444444961845875,1.464858055114746,1.4579136106185615
1011,0.008055555634200573,1.3750263452529907,1.3669707896187901
1012,0.027633333578705788,1.449452519416809,1.4218191858381033
1013,0.036944445222616196,3.310797929763794,3.2738534845411777
1014,0.008055555634200573,5.116829872131348,5.108774316497147
1015,0.029838887974619865,5.261000156402588,5.231161268427968
1016,0.02388888970017433,5.324536323547363,5.300647433847189
1017,0.0852888897061348,7.2754998207092285,7.190210931003094
1018,0.875,7.1107916831970215,6.2357916831970215
1019,2.7078611850738525,7.186607360839844,4.478746175765991
1020,4.075819492340088,7.789686679840088,3.7138671875
1021,4.6377363204956055,9.04175853729248,4.404022216796875
1022,4.513994216918945,8.949216842651367,4.435222625732422
1023,4.3738250732421875,10.16064739227295,5.786822319030762
1024,6.003694534301758,8.546792030334473,2.543097496032715
1025,7.232611179351807,9.043852806091309,1.811241626739502
1026,8.212936401367188,8.999910354614258,0.7869739532470703
1027,9.128889083862305,9.297332763671875,0.1684436798095703
1028,9.953055381774902,9.782636642456055,0.17041873931884766
1029,10.343055725097656,11.659071922302246,1.3160161972045898
1030,10.151110649108887,12.867944717407227,2.71683406829834
1031,10.386369705200195,10.93096923828125,0.5445995330810547
1032,10.739469528198242,10.649971961975098,0.08949756622314453
1033,10.760000228881836,10.564094543457031,0.1959056854248047
1034,10.663888931274414,10.74359130859375,0.07970237731933594
1035,10.599611282348633,11.601505279541016,1.0018939971923828
1036,11.01805591583252,8.317146301269531,2.7009096145629883
1037,11.321944236755371,8.439014434814453,2.882929801940918
1038,11.44111156463623,8.054474830627441,3.386636734008789
1039,11.031399726867676,8.298946380615234,2.7324533462524414
1040,10.033019065856934,9.037943840026855,0.9950752258300781
1041,8.53398609161377,9.36626148223877,0.832275390625
1042,7.523425102233887,8.182849884033203,0.6594247817993164
1043,7.55388879776001,8.790595054626465,1.236706256866455
1044,8.028210639953613,8.599775314331055,0.5715646743774414
1045,9.373530387878418,8.90662670135498,0.4669036865234375
1046,9.469849586486816,8.818439483642578,0.6514101028442383
1047,8.411944389343262,10.246399879455566,1.8344554901123047
1048,6.3039140701293945,10.824382781982422,4.520468711853027
1049,5.554813861846924,12.509644508361816,6.954830646514893
1050,7.206110954284668,9.911779403686523,2.7056684494018555
1051,8.310519218444824,11.627130508422852,3.3166112899780273
1052,8.842280387878418,11.468353271484375,2.626072883605957
1053,9.450577735900879,10.7484130859375,1.297835350036621
1054,9.77018928527832,9.12218189239502,0.6480073928833008
1055,8.916025161743164,9.533308029174805,0.6172828674316406
1056,8.160050392150879,9.07348346710205,0.9134330749511719
1057,7.201111316680908,9.395051956176758,2.1939406394958496
1058,7.829236030578613,11.665517807006836,3.8362817764282227
1059,8.829360961914062,11.86938762664795,3.0400266647338867
1060,9.527189254760742,11.665318489074707,2.138129234313965
1061,9.636866569519043,8.777690887451172,0.8591756820678711
1062,9.100625038146973,8.88654613494873,0.2140789031982422
1063,8.473686218261719,8.979118347167969,0.50543212890625
1064,8.338055610656738,8.905501365661621,0.5674457550048828
1065,8.116944313049316,9.732574462890625,1.6156301498413086
1066,6.575110912322998,8.893855094909668,2.31874418258667
1067,5.621725082397461,8.55344009399414,2.9317150115966797
1068,5.340791702270508,9.617789268493652,4.2769975662231445
1069,6.173055648803711,10.000154495239258,3.827098846435547
1070,7.408055782318115,9.396097183227539,1.9880414009094238
1071,8.580310821533203,13.14332103729248,4.563010215759277
1072,8.37173080444336,11.00161361694336,2.6298828125
1073,9.0064115524292,12.649500846862793,3.6430892944335938
1074,9.665480613708496,12.781362533569336,3.11588191986084
1075,10.24406909942627,13.466958999633789,3.2228899002075195
1076,9.661588668823242,13.485877990722656,3.824289321899414
1077,7.9183807373046875,14.756505012512207,6.8381242752075195
1078,6.621944427490234,11.52656364440918,4.904619216918945
1079,6.973055362701416,13.509669303894043,6.536613941192627
1080,7.849999904632568,14.42699909210205,6.576999187469482
1081,8.82616138458252,15.234009742736816,6.407848358154297
1082,9.483055114746094,15.999778747558594,6.5167236328125
1083,9.438919067382812,13.138982772827148,3.700063705444336
1084,9.469038963317871,11.47824478149414,2.0092058181762695
1085,9.243805885314941,10.713579177856445,1.469773292541504
1086,9.568619728088379,11.421330451965332,1.8527107238769531
1087,9.979999542236328,11.17174243927002,1.1917428970336914
1088,10.241989135742188,12.609861373901367,2.3678722381591797
1089,10.608805656433105,13.86691665649414,3.258111000061035
1090,11.294513702392578,13.151240348815918,1.8567266464233398
1091,11.45644474029541,12.099930763244629,0.6434860229492188
1092,11.048055648803711,10.678476333618164,0.3695793151855469
1093,10.752219200134277,11.52346420288086,0.771245002746582
1094,10.413105964660645,11.706653594970703,1.2935476303100586
1095,10.405988693237305,12.061637878417969,1.655649185180664
1096,10.179169654846191,12.730569839477539,2.5514001846313477
1097,10.838889122009277,11.179510116577148,0.3406209945678711
1098,11.626138687133789,10.708044052124023,0.9180946350097656
1099,12.50088882446289,10.459187507629395,2.041701316833496
1100,12.863055229187012,10.323382377624512,2.5396728515625
1101,13.218863487243652,8.86398983001709,4.3548736572265625
1102,13.765000343322754,8.101556777954102,5.663443565368652
1103,13.70805549621582,8.730636596679688,4.977418899536133
1104,13.353044509887695,8.943662643432617,4.409381866455078
1105,13.032869338989258,9.820419311523438,3.2124500274658203
1106,12.625,10.587477684020996,2.037522315979004
1107,12.453466415405273,13.417627334594727,0.9641609191894531
1108,12.477555274963379,11.665878295898438,0.8116769790649414
1109,12.370811462402344,11.960545539855957,0.4102659225463867
1110,12.466944694519043,10.410139083862305,2.0568056106567383
1111,11.77388858795166,2.4339065551757812,9.339982032775879
1112,9.379480361938477,1.6040514707565308,7.775428891181946
1113,6.732839107513428,1.8711779117584229,4.861661195755005
1114,3.9928112030029297,2.8956501483917236,1.097161054611206
1115,1.3163777589797974,2.754784345626831,1.4384065866470337
1116,0.25,2.8271946907043457,2.5771946907043457
1117,0.1720166653394699,3.182589292526245,3.010572627186775
1118,0.10681388527154922,2.9902522563934326,2.8834383711218834
1119,0.09354166686534882,2.952895402908325,2.8593537360429764
1120,0.03143055737018585,2.712733745574951,2.6813031882047653
1121,0.011019444093108177,2.598785638809204,2.587766194716096
1122,0.029999999329447746,2.3067729473114014,2.2767729479819536
1123,0.011944444850087166,2.1846256256103516,2.1726811807602644
1124,0.017944443970918655,2.6819348335266113,2.6639903895556927
1125,0.012024999596178532,4.718862056732178,4.706837057135999
1126,0.013094444759190083,5.223538875579834,5.210444430820644
1127,0.013888888992369175,5.649012088775635,5.635123199783266
1128,0.026100000366568565,6.696585655212402,6.670485654845834
1129,0.28691110014915466,9.659994125366211,9.373083025217056
1130,1.9323805570602417,9.166244506835938,7.233863949775696
1131,4.068336009979248,8.403923988342285,4.335587978363037
1132,5.239999771118164,7.927798271179199,2.687798500061035
1133,6.721944332122803,7.75627326965332,1.0343289375305176
1134,7.480000019073486,7.4549336433410645,0.025066375732421875
1135,7.546855449676514,6.570737361907959,0.9761180877685547
1136,6.789430618286133,6.305593013763428,0.4838376045227051
1137,4.51194429397583,6.839419364929199,2.327475070953369
1138,3.6269445419311523,6.859777927398682,3.2328333854675293
1139,3.222024917602539,6.042200565338135,2.8201756477355957
1140,2.9663360118865967,5.882806777954102,2.916470766067505
1141,2.7149999141693115,6.977252006530762,4.26225209236145
1142,2.8188889026641846,6.124846935272217,3.3059580326080322
1143,3.190180540084839,6.400976657867432,3.2107961177825928
1144,0.006149999797344208,2.4739797115325928,2.4678297117352486
1145,0.01368888933211565,3.230774402618408,3.2170855132862926
1146,0.013005555607378483,2.2259459495544434,2.212940393947065
1147,0.006794444285333157,2.211412191390991,2.204617747105658
1148,0.018888888880610466,2.166044235229492,2.1471553463488817
1149,0.016038889065384865,2.1398208141326904,2.1237819250673056
1150,0.011099999770522118,2.875051975250244,2.863951975479722
1151,0.018888888880610466,3.96189284324646,3.9430039543658495
1152,0.01805555634200573,4.663114547729492,4.6450589913874865
1153,0.2011111080646515,4.826239109039307,4.625128000974655
1154,0.7488889098167419,5.597099781036377,4.848210871219635
1155,0.16305555403232574,6.5714521408081055,6.40839658677578
1156,0.01493055559694767,7.4443793296813965,7.429448774084449
1157,0.004999999888241291,6.597120761871338,6.592120761983097
1158,0.31194445490837097,8.544435501098633,8.232491046190262
1159,0.7340139150619507,8.425271034240723,7.691257119178772
1160,1.6388888359069824,9.09328556060791,7.454396724700928
1161,2.961944341659546,10.305368423461914,7.343424081802368
1162,4.463055610656738,10.574029922485352,6.110974311828613
1163,6.217525005340576,10.298710823059082,4.081185817718506
1164,7.345788955688477,9.790706634521484,2.444917678833008
1165,7.556944370269775,9.75703239440918,2.2000880241394043
1166,7.363394260406494,9.907093048095703,2.543698787689209
1167,7.463889122009277,9.086664199829102,1.6227750778198242
1168,8.313888549804688,10.411441802978516,2.097553253173828
1169,9.120388984680176,11.706804275512695,2.5864152908325195
1170,9.829999923706055,11.28331470489502,1.4533147811889648
1171,10.470000267028809,11.47642707824707,1.0064268112182617
1172,10.82611083984375,12.780795097351074,1.9546842575073242
1173,11.183055877685547,13.0535888671875,1.8705329895019531
1174,11.558405876159668,12.177726745605469,0.6193208694458008
1175,11.734013557434082,11.677510261535645,0.0565032958984375
1176,12.183055877685547,9.356094360351562,2.8269615173339844
1177,12.74305534362793,7.9379191398620605,4.805136203765869
1178,13.102386474609375,7.342820644378662,5.759565830230713
1179,13.284850120544434,7.9512739181518555,5.333576202392578
1180,13.477688789367676,7.750537395477295,5.727151393890381
1181,13.76717472076416,9.438682556152344,4.328492164611816
1182,13.616110801696777,9.950549125671387,3.6655616760253906
1183,13.818188667297363,10.268080711364746,3.550107955932617
1184,14.228055953979492,10.782211303710938,3.4458446502685547
1185,14.40018081665039,8.192453384399414,6.207727432250977
1186,14.259099960327148,8.351217269897461,5.9078826904296875
1187,14.11340045928955,8.177424430847168,5.935976028442383
1188,13.768638610839844,8.937287330627441,4.831351280212402
1189,13.319999694824219,9.056681632995605,4.263318061828613
1190,12.818055152893066,9.481871604919434,3.336183547973633
1191,11.487519264221191,10.430018424987793,1.0575008392333984
1192,10.586705207824707,10.629437446594238,0.04273223876953125
1193,10.006111145019531,8.511012077331543,1.4950990676879883
1194,9.421111106872559,11.001022338867188,1.579911231994629
1195,9.253774642944336,10.131957054138184,0.8781824111938477
1196,9.66736125946045,10.873003959655762,1.2056427001953125
1197,10.331619262695312,11.051920890808105,0.720301628112793
1198,11.076680183410645,11.61476993560791,0.5380897521972656
1199,11.828330993652344,10.70797348022461,1.1203575134277344
1200,11.859460830688477,10.88834285736084,0.9711179733276367
1201,12.089799880981445,10.221561431884766,1.8682384490966797
1202,12.531944274902344,10.25674057006836,2.2752037048339844
1203,12.851019859313965,10.754874229431152,2.0961456298828125
1204,13.18399429321289,12.085938453674316,1.0980558395385742
1205,13.501111030578613,12.01792049407959,1.4831905364990234
1206,13.663105964660645,13.000823020935059,0.6622829437255859
1207,13.378055572509766,13.590001106262207,0.2119455337524414
1208,13.118888854980469,14.322522163391113,1.2036333084106445
1209,13.352530479431152,13.85540771484375,0.5028772354125977
1210,13.158888816833496,12.954183578491211,0.20470523834228516
1211,12.923055648803711,11.729162216186523,1.1938934326171875
1212,12.963889122009277,8.904075622558594,4.059813499450684
1213,13.104999542236328,9.5040283203125,3.600971221923828
1214,12.851943969726562,10.725011825561523,2.126932144165039
1215,12.688888549804688,9.6035795211792,3.0853090286254883
1216,13.103469848632812,9.371355056762695,3.732114791870117
1217,13.383889198303223,10.117901802062988,3.2659873962402344
1218,13.594161033630371,10.462052345275879,3.132108688354492
1219,13.57538890838623,11.41097354888916,2.1644153594970703
1220,13.757085800170898,10.37501335144043,3.3820724487304688
1221,13.819219589233398,11.0241060256958,2.7951135635375977
1222,13.943144798278809,11.359334945678711,2.5838098526000977
1223,13.918669700622559,10.815899848937988,3.1027698516845703
1224,13.849100112915039,11.399142265319824,2.449957847595215
1225,13.880000114440918,11.95984935760498,1.9201507568359375
1226,14.259599685668945,11.291794776916504,2.9678049087524414
1227,14.806944847106934,11.818940162658691,2.988004684448242
1228,15.078055381774902,11.413817405700684,3.6642379760742188
1229,15.047813415527344,11.513627052307129,3.534186363220215
1230,15.263055801391602,13.465404510498047,1.7976512908935547
1231,15.721869468688965,14.359355926513672,1.362513542175293
1232,16.231111526489258,15.245255470275879,0.9858560562133789
1233,16.651111602783203,14.409244537353516,2.2418670654296875
1234,16.92194366455078,15.07265853881836,1.8492851257324219
1235,16.899999618530273,13.7655611038208,3.1344385147094727
1236,16.98692512512207,9.633895874023438,7.353029251098633
1237,16.881975173950195,9.992596626281738,6.889378547668457
1238,16.7943115234375,9.85195541381836,6.942356109619141
1239,16.895000457763672,9.770293235778809,7.124707221984863
1240,17.029279708862305,10.65234375,6.376935958862305
1241,17.17308807373047,11.630879402160645,5.542208671569824
1242,17.068056106567383,11.770318031311035,5.297738075256348
1243,16.733888626098633,12.318467140197754,4.415421485900879
1244,16.186111450195312,12.580412864685059,3.605698585510254
1245,15.691824913024902,10.899943351745605,4.791881561279297
1246,15.563474655151367,10.74212646484375,4.821348190307617
1247,15.842463493347168,11.511168479919434,4.331295013427734
1248,16.331510543823242,11.106629371643066,5.224881172180176
1249,16.777910232543945,11.992642402648926,4.7852678298950195
1250,17.09113883972168,10.96138858795166,6.1297502517700195
1251,17.104537963867188,9.84283447265625,7.2617034912109375
1252,16.575679779052734,10.680524826049805,5.89515495300293
1253,16.51674461364746,9.755535125732422,6.761209487915039
1254,16.59006118774414,10.678252220153809,5.911808967590332
1255,16.768888473510742,11.682585716247559,5.086302757263184
1256,17.216110229492188,12.986696243286133,4.229413986206055
1257,17.613889694213867,13.492502212524414,4.121387481689453
1258,17.896944046020508,13.540056228637695,4.3568878173828125
1259,17.887035369873047,14.468914985656738,3.4181203842163086
1260,18.149999618530273,11.55928897857666,6.590710639953613
1261,18.549161911010742,11.106331825256348,7.4428300857543945
1262,18.86888885498047,10.234479904174805,8.634408950805664
1263,19.228055953979492,9.998133659362793,9.2299222946167
1264,18.73740577697754,10.73753833770752,7.9998674392700195
1265,18.116111755371094,10.689579010009766,7.426532745361328
1266,17.69898796081543,12.842049598693848,4.856938362121582
1267,17.386110305786133,10.87518310546875,6.510927200317383
1268,17.060319900512695,12.139525413513184,4.920794486999512
1269,16.626874923706055,12.44170093536377,4.185173988342285
1270,16.46500015258789,11.175074577331543,5.289925575256348
1271,16.168888092041016,12.10375690460205,4.065131187438965
1272,16.334369659423828,11.408045768737793,4.926323890686035
1273,16.899999618530273,11.668023109436035,5.231976509094238
1274,17.31194496154785,11.969265937805176,5.342679023742676
1275,17.098054885864258,10.527986526489258,6.570068359375
1276,16.638931274414062,10.917893409729004,5.721037864685059
1277,16.363056182861328,10.665475845336914,5.697580337524414
1278,16.56393814086914,10.723281860351562,5.840656280517578
1279,17.308561325073242,9.999126434326172,7.30943489074707
1280,17.975000381469727,10.61608600616455,7.358914375305176
1281,18.53349494934082,10.49393081665039,8.03956413269043
1282,19.189699172973633,8.99760913848877,10.192090034484863
1283,19.542564392089844,9.203768730163574,10.33879566192627
1284,19.601110458374023,9.676131248474121,9.924979209899902
1285,19.321945190429688,10.23071002960205,9.091235160827637
1286,18.991111755371094,10.019049644470215,8.972062110900879
1287,18.790000915527344,10.430903434753418,8.359097480773926
1288,19.06344985961914,11.049509048461914,8.013940811157227
1289,19.241945266723633,9.77133846282959,9.470606803894043
1290,19.50726318359375,9.58992862701416,9.91733455657959
1291,19.828887939453125,10.26414680480957,9.564741134643555
1292,20.313888549804688,9.979904174804688,10.333984375
1293,20.511110305786133,9.180008888244629,11.331101417541504
1294,20.10163688659668,8.654043197631836,11.447593688964844
1295,18.747560501098633,9.183863639831543,9.56369686126709
1296,16.239999771118164,10.225923538208008,6.014076232910156
1297,13.596944808959961,9.641242980957031,3.9557018280029297
1298,11.961485862731934,8.706671714782715,3.2548141479492188
1299,10.948055267333984,10.529241561889648,0.41881370544433594
1300,10.581110954284668,9.029470443725586,1.551640510559082
1301,10.033730506896973,8.546891212463379,1.4868392944335938
1302,9.509410858154297,7.893579959869385,1.615830898284912
1303,8.93696403503418,8.795503616333008,0.14146041870117188
1304,8.323949813842773,8.788627624511719,0.4646778106689453
1305,8.005080223083496,8.284867286682129,0.2797870635986328
1306,8.265000343322754,9.35177230834961,1.0867719650268555
1307,8.848889350891113,9.13124942779541,0.2823600769042969
1308,8.971686363220215,8.81141471862793,0.16027164459228516
1309,8.356111526489258,8.862692832946777,0.5065813064575195
1310,7.63093900680542,8.494750022888184,0.8638110160827637
1311,7.932438850402832,9.541348457336426,1.6089096069335938
1312,8.778055191040039,9.961434364318848,1.1833791732788086
1313,9.073055267333984,9.682525634765625,0.6094703674316406
1314,8.920000076293945,9.250091552734375,0.3300914764404297
1315,8.426111221313477,10.498589515686035,2.0724782943725586
1316,7.931189060211182,9.797720909118652,1.8665318489074707
1317,7.898889064788818,8.318787574768066,0.41989850997924805
1318,8.610180854797363,8.776590347290039,0.16640949249267578
1319,8.960000038146973,8.716964721679688,0.24303531646728516
1320,10.277935981750488,9.266207695007324,1.011728286743164
1321,11.526389122009277,8.923243522644043,2.6031455993652344
1322,13.116788864135742,9.354281425476074,3.762507438659668
1323,14.196944236755371,9.529579162597656,4.667365074157715
1324,14.766944885253906,7.7174835205078125,7.049461364746094
1325,13.983888626098633,8.527222633361816,5.456665992736816
1326,14.086944580078125,9.607595443725586,4.479349136352539
1327,13.90280532836914,9.875844955444336,4.026960372924805
1328,11.223038673400879,9.99620246887207,1.2268362045288086
1329,10.431111335754395,11.964676856994629,1.5335655212402344
1330,9.795905113220215,10.773158073425293,0.9772529602050781
1331,9.104188919067383,11.299965858459473,2.19577693939209
1332,8.725000381469727,10.112556457519531,1.3875560760498047
1333,8.547961235046387,10.119054794311523,1.5710935592651367
1334,8.756111145019531,9.974353790283203,1.2182426452636719
1335,9.429239273071289,10.5221586227417,1.0929193496704102
1336,9.17388916015625,9.198522567749023,0.024633407592773438
1337,9.046619415283203,9.019211769104004,0.02740764617919922
1338,9.75,7.967019081115723,1.7829809188842773
1339,10.271944046020508,7.0166401863098145,3.2553038597106934
1340,9.968889236450195,7.43103551864624,2.537853717803955
1341,10.298155784606934,5.361568450927734,4.936587333679199
1342,11.35111141204834,2.8001387119293213,8.550972700119019
1343,12.478750228881836,2.402299642562866,10.07645058631897
1344,12.816944122314453,2.4937963485717773,10.323147773742676
1345,10.295000076293945,2.9784131050109863,7.316586971282959
1346,7.179999828338623,2.4069573879241943,4.773042440414429
1347,4.630000114440918,3.042654037475586,1.587346076965332
1348,3.0030555725097656,2.6687192916870117,0.3343362808227539
1349,0.7119444608688354,2.68607497215271,1.9741305112838745
1350,0.026119444519281387,2.1449453830718994,2.118825938552618
1351,0.01805555634200573,2.212902307510376,2.1948467511683702
1352,0.011111111380159855,4.16357946395874,4.15246835257858
1353,0.013036111369729042,4.233317852020264,4.220281740650535
1354,0.01805555634200573,5.243651866912842,5.225596310570836
1355,0.043888889253139496,5.871462345123291,5.8275734558701515
1356,0.09000000357627869,7.9239935874938965,7.833993583917618
1357,0.10305555909872055,8.058588027954102,7.955532468855381
1358,0.15378889441490173,8.742328643798828,8.588539749383926
1359,0.17000000178813934,8.3198881149292,8.14988811314106
1360,0.4760499894618988,9.081822395324707,8.605772405862808
1361,2.9488887786865234,11.704176902770996,8.755288124084473
1362,3.903869390487671,9.582562446594238,5.678693056106567
1363,5.534999847412109,8.550455093383789,3.0154552459716797
1364,7.296380519866943,8.38116455078125,1.0847840309143066
1365,9.038888931274414,7.4942626953125,1.544626235961914
1366,10.153274536132812,7.647083759307861,2.506190776824951
1367,11.231111526489258,8.069998741149902,3.1611127853393555
1368,12.601839065551758,8.170551300048828,4.43128776550293
1369,13.940316200256348,7.4324517250061035,6.507864475250244
1370,15.24305534362793,7.8897705078125,7.35328483581543
1371,16.318889617919922,8.255090713500977,8.063798904418945
1372,16.991945266723633,8.504034996032715,8.487910270690918
1373,17.653888702392578,9.035330772399902,8.618557929992676
1374,18.302536010742188,11.165913581848145,7.136622428894043
1375,18.69499969482422,10.935195922851562,7.759803771972656
1376,19.268054962158203,9.531593322753906,9.736461639404297
1377,19.871110916137695,9.275972366333008,10.595138549804688
1378,20.29568099975586,9.88929271697998,10.406388282775879
1379,21.010000228881836,8.74355411529541,12.266446113586426
1380,21.768054962158203,9.041772842407227,12.726282119750977
1381,22.413888931274414,8.784786224365234,13.62910270690918
1382,23.25726318359375,9.04825496673584,14.20900821685791
1383,23.975000381469727,8.505693435668945,15.469306945800781
1384,24.644868850708008,8.40610122680664,16.238767623901367
1385,24.553054809570312,7.921570777893066,16.631484031677246
1386,24.50326156616211,7.774184703826904,16.729076862335205
1387,24.729999542236328,7.366153240203857,17.36384630203247
1388,24.520469665527344,8.690597534179688,15.829872131347656
1389,24.271944046020508,8.73476791381836,15.537176132202148
1390,24.219999313354492,8.513694763183594,15.706304550170898
1391,24.2549991607666,8.3710298538208,15.8839693069458
1392,24.15323829650879,7.488283157348633,16.664955139160156
1393,23.995519638061523,7.002814769744873,16.99270486831665
1394,23.66805648803711,7.457275390625,16.21078109741211
1395,23.403345108032227,8.019486427307129,15.383858680725098
1396,23.3619441986084,8.035735130310059,15.32620906829834
1397,23.294137954711914,8.797277450561523,14.49686050415039
1398,23.334999084472656,7.999157905578613,15.335841178894043
1399,23.38194465637207,7.587233543395996,15.794711112976074
1400,23.45194435119629,7.785109043121338,15.666835308074951
1401,23.213830947875977,7.616678237915039,15.597152709960938
1402,22.822755813598633,6.827512264251709,15.995243549346924
1403,22.521554946899414,7.273115158081055,15.24843978881836
1404,22.246814727783203,8.532816886901855,13.713997840881348
1405,22.165260314941406,8.832051277160645,13.333209037780762
1406,22.016944885253906,8.193116188049316,13.82382869720459
1407,22.023889541625977,8.948201179504395,13.075688362121582
1408,22.133054733276367,9.73656940460205,12.396485328674316
1409,22.339920043945312,9.629422187805176,12.710497856140137
1410,22.706111907958984,8.611114501953125,14.09499740600586
1411,22.48198699951172,8.003769874572754,14.478217124938965
1412,22.452754974365234,9.2855224609375,13.167232513427734
1413,22.7791805267334,9.114694595336914,13.664485931396484
1414,22.86805534362793,9.220398902893066,13.647656440734863
1415,22.891111373901367,9.53176212310791,13.359349250793457
1416,23.128055572509766,9.388898849487305,13.739156723022461
1417,23.41077995300293,10.697759628295898,12.713020324707031
1418,23.25,11.364100456237793,11.885899543762207
1419,23.00111198425293,10.730875015258789,12.27023696899414
1420,23.096111297607422,10.384156227111816,12.711955070495605
1421,23.592344284057617,10.69572639465332,12.896617889404297
1422,23.973888397216797,9.761016845703125,14.212871551513672
1423,23.95888900756836,9.29407787322998,14.664811134338379
1424,23.410600662231445,9.294240951538086,14.11635971069336
1425,22.926944732666016,9.139800071716309,13.787144660949707
1426,22.88224983215332,8.835989952087402,14.046259880065918
1427,23.221111297607422,9.13988971710205,14.081221580505371
1428,23.3799991607666,8.505889892578125,14.874109268188477
1429,23.348888397216797,8.532952308654785,14.815936088562012
1430,23.466718673706055,10.742326736450195,12.72439193725586
1431,23.211645126342773,9.504690170288086,13.706954956054688
1432,23.295000076293945,9.878192901611328,13.416807174682617
1433,23.66611099243164,10.577973365783691,13.08813762664795
1434,23.623138427734375,9.625678062438965,13.99746036529541
1435,23.433055877685547,9.427223205566406,14.00583267211914
1436,23.711111068725586,9.538248062133789,14.172863006591797
1437,24.04805564880371,9.684407234191895,14.363648414611816
1438,24.454450607299805,9.438626289367676,15.015824317932129
1439,24.72888946533203,10.886011123657227,13.842878341674805
1440,24.94523048400879,10.947744369506836,13.997486114501953
1441,25.011661529541016,10.64306354522705,14.368597984313965
1442,25.211111068725586,11.16884708404541,14.042263984680176
1443,25.317035675048828,9.001631736755371,16.315403938293457
1444,25.456111907958984,9.479690551757812,15.976421356201172
1445,25.68000030517578,7.914971351623535,17.765028953552246
1446,25.999530792236328,7.953607559204102,18.045923233032227
1447,25.76388931274414,8.164846420288086,17.599042892456055
1448,25.588054656982422,8.737893104553223,16.8501615524292
1449,25.264999389648438,8.20616626739502,17.058833122253418
1450,25.066944122314453,7.846011638641357,17.220932483673096
1451,25.086835861206055,7.545989990234375,17.54084587097168
1452,24.815000534057617,8.12986946105957,16.685131072998047
1453,24.531110763549805,8.85714340209961,15.673967361450195
1454,24.41455078125,7.87032413482666,16.54422664642334
1455,24.201793670654297,8.322402000427246,15.87939167022705
1456,24.260881423950195,8.705225944519043,15.555655479431152
1457,24.108055114746094,9.475400924682617,14.632654190063477
1458,24.201311111450195,9.382710456848145,14.81860065460205
1459,24.646150588989258,12.320063591003418,12.32608699798584
1460,24.781944274902344,11.765305519104004,13.01663875579834
1461,24.69499969482422,12.829513549804688,11.865486145019531
1462,25.01722526550293,12.38593864440918,12.63128662109375
1463,25.366111755371094,12.379308700561523,12.98680305480957
1464,25.758054733276367,11.388283729553223,14.369771003723145
1465,26.02837562561035,10.546401977539062,15.481973648071289
1466,26.353055953979492,11.159087181091309,15.193968772888184
1467,26.411418914794922,9.040056228637695,17.371362686157227
1468,26.30500030517578,9.036026954650879,17.268973350524902
1469,26.30906867980957,9.73690414428711,16.57216453552246
1470,26.12388801574707,8.625863075256348,17.498024940490723
1471,25.781410217285156,9.322282791137695,16.45912742614746
1472,25.981111526489258,9.923696517944336,16.057415008544922
1473,26.01388931274414,10.369524002075195,15.644365310668945
1474,25.888750076293945,9.91523551940918,15.973514556884766
1475,25.62993812561035,10.021454811096191,15.60848331451416
1476,25.196313858032227,10.741782188415527,14.4545316696167
1477,24.844999313354492,10.19279670715332,14.652202606201172
1478,24.537599563598633,8.963212966918945,15.574386596679688
1479,24.344579696655273,9.792350769042969,14.552228927612305
1480,24.22194480895996,8.71235466003418,15.509590148925781
1481,24.128055572509766,9.022604942321777,15.105450630187988
1482,24.371944427490234,9.286276817321777,15.085667610168457
1483,24.449289321899414,8.57499885559082,15.874290466308594
1484,24.29194450378418,8.22322940826416,16.06871509552002
1485,23.88111114501953,8.927401542663574,14.953709602355957
1486,23.60728645324707,9.516886711120605,14.090399742126465
1487,23.168888092041016,9.014510154724121,14.154377937316895
1488,22.95111083984375,9.767069816589355,13.184041023254395
1489,23.04201316833496,9.208565711975098,13.833447456359863
1490,23.102863311767578,10.021483421325684,13.081379890441895
1491,23.149999618530273,10.457986831665039,12.692012786865234
1492,22.992136001586914,9.215177536010742,13.776958465576172
1493,23.308889389038086,8.568047523498535,14.74084186553955
1494,23.764999389648438,8.885780334472656,14.879219055175781
1495,24.153888702392578,10.237860679626465,13.916028022766113
1496,24.32948875427246,9.670223236083984,14.659265518188477
1497,24.26473045349121,10.895071029663086,13.369659423828125
1498,24.188888549804688,11.072620391845703,13.116268157958984
1499,24.11903953552246,9.151459693908691,14.96757984161377
1500,24.00694465637207,9.533203125,14.47374153137207
1501,24.346111297607422,8.926273345947266,15.419837951660156
1502,24.911945343017578,8.937594413757324,15.974350929260254
1503,25.19611167907715,9.94110107421875,15.255010604858398
1504,25.135000228881836,9.785052299499512,15.349947929382324
1505,25.248619079589844,11.587542533874512,13.661076545715332
1506,25.551944732666016,10.882940292358398,14.669004440307617
1507,25.835229873657227,12.028182983398438,13.807046890258789
1508,25.959999084472656,10.478673934936523,15.481325149536133
1509,25.89611053466797,11.327730178833008,14.568380355834961
1510,25.781944274902344,11.035263061523438,14.746681213378906
1511,25.808055877685547,11.018588066101074,14.789467811584473
1512,25.733888626098633,11.376337051391602,14.357551574707031
1513,25.371944427490234,12.628966331481934,12.7429780960083
1514,25.040000915527344,12.193878173828125,12.846122741699219
1515,24.8814697265625,11.880809783935547,13.000659942626953
1516,25.016944885253906,10.409585952758789,14.607358932495117
1517,25.258888244628906,10.993718147277832,14.265170097351074
1518,25.63201332092285,9.660849571228027,15.971163749694824
1519,25.691110610961914,10.835168838500977,14.855941772460938
1520,25.598054885864258,11.026483535766602,14.571571350097656
1521,25.143888473510742,11.544240951538086,13.599647521972656
1522,24.928054809570312,11.080174446105957,13.847880363464355
1523,24.79888916015625,11.789557456970215,13.009331703186035
1524,24.71859359741211,14.478532791137695,10.240060806274414
1525,24.816219329833984,24.511058807373047,0.3051605224609375
1526,24.578887939453125,24.260379791259766,0.3185081481933594
1527,24.757244110107422,21.452560424804688,3.3046836853027344
1528,25.049999237060547,10.676836013793945,14.373163223266602
1529,25.44499969482422,10.815468788146973,14.629530906677246
1530,25.788145065307617,13.715081214904785,12.073063850402832
1531,26.203649520874023,18.80988121032715,7.393768310546875
1532,26.29805564880371,21.56507682800293,4.732978820800781
1533,26.38888931274414,22.230121612548828,4.1587677001953125
1534,26.688186645507812,19.489301681518555,7.198884963989258
1535,26.70098114013672,19.68442726135254,7.01655387878418
1536,26.56194496154785,21.412242889404297,5.149702072143555
1537,26.459999084472656,23.01010513305664,3.4498939514160156
1538,26.573055267333984,23.223876953125,3.3491783142089844
1539,26.825611114501953,23.09266471862793,3.7329463958740234
1540,26.881261825561523,24.598737716674805,2.2825241088867188
1541,26.702394485473633,23.792449951171875,2.909944534301758
1542,26.226943969726562,22.58935546875,3.6375885009765625
1543,25.854999542236328,10.640127182006836,15.214872360229492
1544,26.001943588256836,10.137232780456543,15.864710807800293
1545,26.193025588989258,10.977890968322754,15.215134620666504
1546,26.328887939453125,12.15572738647461,14.173160552978516
1547,26.148588180541992,14.22087287902832,11.927715301513672
1548,25.69499969482422,22.800466537475586,2.894533157348633
1549,25.153499603271484,23.939453125,1.2140464782714844
1550,24.702913284301758,23.855422973632812,0.8474903106689453
1551,24.509288787841797,25.098148345947266,0.5888595581054688
1552,24.696945190429688,24.858211517333984,0.16126632690429688
1553,25.241111755371094,26.591218948364258,1.350107192993164
1554,25.66611099243164,28.367599487304688,2.701488494873047
1555,25.94420051574707,25.53114128112793,0.4130592346191406
1556,26.338054656982422,19.844480514526367,6.493574142456055
1557,26.49388885498047,10.800386428833008,15.693502426147461
1558,26.873056411743164,11.658243179321289,15.214813232421875
1559,26.836111068725586,8.841496467590332,17.994614601135254
1560,26.703449249267578,10.659674644470215,16.043774604797363
1561,26.44611167907715,12.801491737365723,13.644619941711426
1562,26.50788688659668,11.395171165466309,15.112715721130371
1563,26.939950942993164,11.833452224731445,15.106498718261719
1564,27.406944274902344,11.386656761169434,16.02028751373291
1565,27.75111198425293,11.954874992370605,15.796236991882324
1566,28.16805648803711,11.254310607910156,16.913745880126953
1567,28.37946128845215,11.627568244934082,16.751893043518066
1568,28.82694435119629,11.318263053894043,17.508681297302246
1569,29.356605529785156,9.918968200683594,19.437637329101562
1570,29.933889389038086,10.666240692138672,19.267648696899414
1571,29.76388931274414,9.77929973602295,19.98458957672119
1572,29.79305648803711,9.278695106506348,20.51436138153076
1573,29.44499969482422,10.839444160461426,18.605555534362793
1574,29.171100616455078,10.992988586425781,18.178112030029297
1575,28.944238662719727,11.837784767150879,17.106453895568848
1576,28.966110229492188,12.796435356140137,16.16967487335205
1577,29.07694435119629,12.210760116577148,16.86618423461914
1578,29.295000076293945,13.567095756530762,15.727904319763184
1579,29.40305519104004,13.220319747924805,16.182735443115234
1580,29.58388900756836,12.438254356384277,17.145634651184082
1581,29.69499969482422,12.777107238769531,16.917892456054688
1582,29.981670379638672,13.03825855255127,16.943411827087402
1583,30.093889236450195,12.272626876831055,17.82126235961914
1584,29.916175842285156,12.841296195983887,17.07487964630127
1585,29.54305648803711,11.800950050354004,17.742106437683105
1586,29.70111083984375,10.767467498779297,18.933643341064453
1587,29.795000076293945,10.110154151916504,19.68484592437744
1588,29.843889236450195,11.183128356933594,18.6607608795166
1589,29.736188888549805,10.559574127197266,19.17661476135254
1590,29.479999542236328,9.902057647705078,19.57794189453125
1591,29.350337982177734,10.264876365661621,19.085461616516113
1592,29.583425521850586,9.71652603149414,19.866899490356445
1593,29.91694450378418,10.438087463378906,19.478857040405273
1594,30.150680541992188,12.08702564239502,18.063654899597168
1595,30.34694480895996,11.761553764343262,18.5853910446167
1596,30.211111068725586,13.663324356079102,16.547786712646484
1597,30.063411712646484,13.546570777893066,16.516840934753418
1598,29.729999542236328,12.434575080871582,17.295424461364746
1599,29.563735961914062,13.273082733154297,16.290653228759766
1600,29.843589782714844,12.77981185913086,17.063777923583984
1601,30.157106399536133,12.245950698852539,17.911155700683594
1602,30.166231155395508,12.6187744140625,17.547456741333008
1603,30.23611068725586,13.013936042785645,17.222174644470215
1604,30.093889236450195,11.074241638183594,19.0196475982666
1605,29.81130599975586,11.452903747558594,18.358402252197266
1606,29.40305519104004,13.915801048278809,15.48725414276123
1607,28.959999084472656,18.07135009765625,10.888648986816406
1608,28.681894302368164,22.058406829833984,6.62348747253418
1609,28.39611053466797,21.692590713500977,6.703519821166992
1610,28.191944122314453,19.479515075683594,8.71242904663086
1611,27.971111297607422,13.598102569580078,14.373008728027344
1612,27.883054733276367,12.955909729003906,14.927145004272461
1613,27.776264190673828,13.703255653381348,14.07300853729248
1614,27.625,12.259868621826172,15.365131378173828
1615,27.593055725097656,11.670577049255371,15.922478675842285
1616,27.76388931274414,11.562050819396973,16.201838493347168
1617,27.886943817138672,13.121621131896973,14.7653226852417
1618,27.553054809570312,13.8069429397583,13.746111869812012
1619,27.546112060546875,23.932579040527344,3.6135330200195312
1620,27.422988891601562,23.929874420166016,3.493114471435547
1621,27.16694450378418,13.90829849243164,13.258646011352539
1622,27.1123046875,11.979307174682617,15.132997512817383
1623,27.026893615722656,11.741947174072266,15.28494644165039
1624,26.658889770507812,12.725113868713379,13.933775901794434
1625,26.288888931274414,13.774300575256348,12.514588356018066
1626,25.970069885253906,23.260757446289062,2.7093124389648438
1627,25.726943969726562,22.68433380126953,3.0426101684570312
1628,25.364999771118164,26.631799697875977,1.2667999267578125
1629,25.476943969726562,25.553531646728516,0.07658767700195312
1630,25.51388931274414,24.38970184326172,1.1241874694824219
1631,25.628055572509766,22.389720916748047,3.2383346557617188
1632,25.683055877685547,14.602140426635742,11.080915451049805
1633,26.018054962158203,15.655991554260254,10.36206340789795
1634,26.315200805664062,21.596296310424805,4.718904495239258
1635,26.33888816833496,18.847625732421875,7.491262435913086
1636,26.591110229492188,18.274648666381836,8.316461563110352
1637,26.65962028503418,16.029802322387695,10.629817962646484
1638,26.973054885864258,14.135873794555664,12.837181091308594
1639,27.210411071777344,14.74650764465332,12.463903427124023
1640,27.361820220947266,18.520877838134766,8.8409423828125
1641,27.55701446533203,20.521028518676758,7.035985946655273
1642,27.75611114501953,19.451580047607422,8.30453109741211
1643,28.06356430053711,16.685375213623047,11.378189086914062
1644,28.343889236450195,25.34598731994629,2.9979019165039062
1645,28.651945114135742,25.881635665893555,2.7703094482421875
1646,28.625,24.689960479736328,3.935039520263672
1647,28.775968551635742,22.13572883605957,6.640239715576172
1648,28.88581085205078,16.912927627563477,11.972883224487305
1649,29.10819435119629,15.47377872467041,13.634415626525879
1650,29.16111183166504,12.893808364868164,16.267303466796875
1651,29.4315242767334,11.0922269821167,18.3392972946167
1652,29.4869441986084,17.698530197143555,11.788414001464844
1653,29.674449920654297,16.749452590942383,12.924997329711914
1654,29.787044525146484,11.277786254882812,18.509258270263672
1655,29.63888931274414,15.125567436218262,14.513321876525879
1656,29.453269958496094,15.66740894317627,13.785861015319824
1657,29.121374130249023,14.106945037841797,15.014429092407227
1658,28.961944580078125,19.932249069213867,9.029695510864258
1659,28.573104858398438,21.34391975402832,7.229185104370117
1660,28.329999923706055,13.095356941223145,15.23464298248291
1661,28.160930633544922,11.86855697631836,16.292373657226562
1662,28.429819107055664,10.858560562133789,17.571258544921875
1663,28.711360931396484,10.992613792419434,17.71874713897705
1664,29.165000915527344,9.643738746643066,19.521262168884277
1665,29.540000915527344,11.15365982055664,18.386341094970703
1666,29.75,11.287299156188965,18.462700843811035
1667,29.84830093383789,9.261246681213379,20.58705425262451
1668,29.718889236450195,8.637561798095703,21.081327438354492
1669,29.83888816833496,9.168914794921875,20.669973373413086
1670,29.7796688079834,8.779377937316895,21.000290870666504
1671,29.556554794311523,9.350744247436523,20.205810546875
1672,29.21186065673828,11.204378128051758,18.007482528686523
1673,28.759611129760742,12.927679061889648,15.831932067871094
1674,28.24305534362793,10.824420928955078,17.41863441467285
1675,28.30500030517578,10.559906005859375,17.745094299316406
1676,28.478055953979492,10.743185043334961,17.73487091064453
1677,28.78861427307129,10.70712947845459,18.0814847946167
1678,28.69611167907715,10.825111389160156,17.871000289916992
1679,28.661945343017578,11.188589096069336,17.473356246948242
1680,28.78611183166504,11.059890747070312,17.726221084594727
1681,28.768888473510742,11.291390419006348,17.477498054504395
1682,28.711111068725586,10.690132141113281,18.020978927612305
1683,28.858800888061523,11.376880645751953,17.48192024230957
1684,28.82207489013672,11.52698040008545,17.29509449005127
1685,28.541629791259766,11.766827583312988,16.774802207946777
1686,28.558055877685547,13.307785987854004,15.250269889831543
1687,28.630538940429688,10.355966567993164,18.274572372436523
1688,28.810138702392578,10.360191345214844,18.449947357177734
1689,28.983888626098633,9.3738374710083,19.610051155090332
1690,29.315000534057617,9.934120178222656,19.38088035583496
1691,29.52111053466797,10.88436508178711,18.63674545288086
1692,29.639738082885742,10.450348854064941,19.1893892288208
1693,29.930030822753906,10.841968536376953,19.088062286376953
1694,30.174999237060547,10.060026168823242,20.114973068237305
1695,30.405000686645508,9.646992683410645,20.758008003234863
1696,30.731111526489258,10.189702987670898,20.54140853881836
1697,30.415000915527344,11.048938751220703,19.36606216430664
1698,30.33194351196289,11.808560371398926,18.523383140563965
1699,30.398056030273438,11.916099548339844,18.481956481933594
1700,30.30069923400879,13.674068450927734,16.626630783081055
1701,30.156944274902344,12.901362419128418,17.255581855773926
1702,29.95305633544922,13.732233047485352,16.220823287963867
1703,28.58305549621582,12.47189998626709,16.11115550994873
1704,25.3799991607666,12.224738121032715,13.155261039733887
1705,24.551111221313477,11.403100967407227,13.14801025390625
1706,24.270000457763672,12.034550666809082,12.23544979095459
1707,24.042224884033203,11.175310134887695,12.866914749145508
1708,24.155080795288086,11.082354545593262,13.072726249694824
1709,24.620800018310547,13.05369758605957,11.567102432250977
1710,25.242399215698242,11.403816223144531,13.838582992553711
1711,25.99834442138672,8.050564765930176,17.947779655456543
1712,26.511943817138672,9.309581756591797,17.202362060546875
1713,26.881549835205078,9.379195213317871,17.502354621887207
1714,27.23389434814453,9.341073989868164,17.892820358276367
1715,27.706995010375977,11.472227096557617,16.23476791381836
1716,27.828920364379883,10.633715629577637,17.195204734802246
1717,27.65999984741211,9.21812915802002,18.44187068939209
1718,27.464130401611328,7.766388893127441,19.697741508483887
1719,27.26166343688965,7.591568946838379,19.67009449005127
1720,27.091943740844727,8.091049194335938,19.00089454650879
1721,26.933889389038086,8.529786109924316,18.40410327911377
1722,27.19611167907715,9.14114761352539,18.054964065551758
1723,27.068056106567383,8.700098991394043,18.36795711517334
1724,25.776945114135742,9.70796012878418,16.068984985351562
1725,21.58388900756836,9.865506172180176,11.718382835388184
1726,20.18000030517578,10.240403175354004,9.939597129821777
1727,18.9281005859375,10.452444076538086,8.475656509399414
1728,18.750774383544922,9.430874824523926,9.319899559020996
1729,18.28499984741211,9.206608772277832,9.078391075134277
1730,18.128055572509766,9.261920928955078,8.866134643554688
1731,18.437088012695312,10.473967552185059,7.963120460510254
1732,19.294036865234375,12.26458740234375,7.029449462890625
1733,20.196945190429688,18.36742401123047,1.8295211791992188
1734,20.922300338745117,23.398340225219727,2.4760398864746094
1735,21.899999618530273,16.829345703125,5.070653915405273
1736,22.90713119506836,10.226418495178223,12.680712699890137
1737,23.8619441986084,8.877388954162598,14.9845552444458
1738,24.81194496154785,9.03711986541748,15.774825096130371
1739,25.559999465942383,10.629983901977539,14.930015563964844
1740,25.959199905395508,13.593158721923828,12.36604118347168
1741,26.476943969726562,21.182445526123047,5.294498443603516
1742,26.971689224243164,13.867012023925781,13.104677200317383
1743,27.233055114746094,10.823853492736816,16.409201622009277
1744,27.34463119506836,13.19631290435791,14.14831829071045
1745,27.748056411743164,13.031573295593262,14.716483116149902
1746,28.11888885498047,12.241276741027832,15.877612113952637
1747,28.25611114501953,13.794227600097656,14.461883544921875
1748,28.334999084472656,14.594169616699219,13.740829467773438
1749,28.45473861694336,9.152753829956055,19.301984786987305
1750,28.360000610351562,10.977227210998535,17.382773399353027
1751,28.139999389648438,11.841385841369629,16.29861354827881
1752,28.020462036132812,12.976994514465332,15.04346752166748
1753,28.104999542236328,24.283138275146484,3.8218612670898438
1754,28.056943893432617,26.689167022705078,1.367776870727539
1755,27.99305534362793,25.702611923217773,2.2904434204101562
1756,27.796663284301758,25.912195205688477,1.8844680786132812
1757,27.670000076293945,15.47819709777832,12.191802978515625
1758,27.211944580078125,11.62098217010498,15.590962409973145
1759,27.13255500793457,10.288774490356445,16.843780517578125
1760,27.141944885253906,10.2725191116333,16.869425773620605
1761,26.963054656982422,9.284905433654785,17.678149223327637
1762,26.415000915527344,10.86245059967041,15.552550315856934
1763,25.78611183166504,11.074125289916992,14.711986541748047
1764,25.248369216918945,9.376052856445312,15.872316360473633
1765,24.69985008239746,9.2911376953125,15.408712387084961
1766,24.201269149780273,8.912343978881836,15.288925170898438
1767,23.758289337158203,9.56072998046875,14.197559356689453
1768,23.20694351196289,9.145332336425781,14.06161117553711
1769,22.95305633544922,10.126570701599121,12.826485633850098
1770,23.068889617919922,9.577301979064941,13.49158763885498
1771,23.57805633544922,10.441679000854492,13.136377334594727
1772,24.011905670166016,10.742996215820312,13.268909454345703
1773,24.549999237060547,13.313101768493652,11.236897468566895
1774,24.991439819335938,22.215200424194336,2.7762393951416016
1775,25.10388946533203,23.488082885742188,1.6158065795898438
1776,25.049999237060547,23.5247745513916,1.5252246856689453
1777,25.30388832092285,23.530595779418945,1.7732925415039062
1778,25.676179885864258,23.236995697021484,2.4391841888427734
1779,25.958024978637695,21.781583786010742,4.176441192626953
1780,26.14402961730957,12.352777481079102,13.791252136230469
1781,26.20918083190918,10.687216758728027,15.521964073181152
1782,26.391944885253906,9.771409034729004,16.620535850524902
1783,26.676944732666016,9.900793075561523,16.776151657104492
1784,26.61602020263672,10.685776710510254,15.930243492126465
1785,26.223054885864258,11.039127349853516,15.183927536010742
1786,25.70805549621582,9.529529571533203,16.178525924682617
1787,24.81791114807129,10.585847854614258,14.232063293457031
1788,23.471111297607422,9.16540241241455,14.305708885192871
1789,22.703887939453125,9.749814987182617,12.954072952270508
1790,22.26983070373535,18.451725006103516,3.818105697631836
1791,21.92888832092285,19.97829818725586,1.9505901336669922
1792,21.53499984741211,22.295242309570312,0.7602424621582031
1793,20.83013916015625,19.628267288208008,1.2018718719482422
1794,20.190000534057617,13.567768096923828,6.622232437133789
1795,19.801944732666016,13.384320259094238,6.417624473571777
1796,19.5518741607666,10.745807647705078,8.806066513061523
1797,19.779144287109375,10.667455673217773,9.111688613891602
1798,20.274999618530273,9.891550064086914,10.38344955444336
1799,20.496944427490234,10.131244659423828,10.365699768066406
1800,20.683889389038086,10.532015800476074,10.151873588562012
1801,20.863889694213867,11.391875267028809,9.472014427185059
1802,21.321985244750977,11.564645767211914,9.757339477539062
1803,21.809999465942383,10.434557914733887,11.375441551208496
1804,22.20560073852539,10.670011520385742,11.535589218139648
1805,22.083410263061523,10.386362075805664,11.69704818725586
1806,21.899255752563477,9.97357177734375,11.925683975219727
1807,22.12388801574707,10.299240112304688,11.824647903442383
1808,22.396411895751953,11.15904426574707,11.237367630004883
1809,22.436914443969727,11.176830291748047,11.26008415222168
1810,22.502674102783203,10.427972793579102,12.074701309204102
1811,22.707050323486328,10.502471923828125,12.204578399658203
1812,22.77111053466797,9.776606559753418,12.99450397491455
1813,22.787336349487305,10.50117301940918,12.286163330078125
1814,22.56895637512207,10.583717346191406,11.985239028930664
1815,22.700031280517578,10.3480806350708,12.351950645446777
1816,22.96500015258789,11.075900077819824,11.889100074768066
1817,23.19622230529785,11.3970308303833,11.79919147491455
1818,23.23593521118164,11.23129653930664,12.004638671875
1819,23.037885665893555,11.77292537689209,11.264960289001465
1820,23.218889236450195,12.58182144165039,10.637067794799805
1821,23.20194435119629,10.721433639526367,12.480510711669922
1822,23.108619689941406,10.191874504089355,12.91674518585205
1823,23.24108123779297,10.895742416381836,12.345338821411133
1824,22.88806915283203,10.975536346435547,11.912532806396484
1825,23.00611114501953,9.446393013000488,13.559718132019043
1826,22.639999389648438,8.976180076599121,13.663819313049316
1827,22.193056106567383,9.398987770080566,12.794068336486816
1828,21.744831085205078,10.106039047241211,11.638792037963867
1829,21.871944427490234,10.460533142089844,11.41141128540039
1830,22.056110382080078,9.941113471984863,12.114996910095215
1831,21.98287582397461,11.72260856628418,10.26026725769043
1832,22.228185653686523,11.0807523727417,11.147433280944824
1833,22.443889617919922,10.447136878967285,11.996752738952637
1834,22.48870086669922,11.836776733398438,10.651924133300781
1835,21.949161529541016,12.210986137390137,9.738175392150879
1836,21.37123680114746,11.42538833618164,9.94584846496582
1837,20.82111167907715,12.065485954284668,8.75562572479248
1838,20.383337020874023,13.461100578308105,6.922236442565918
1839,20.319969177246094,19.383710861206055,0.9362583160400391
1840,19.996944427490234,10.50972843170166,9.487215995788574
1841,19.718889236450195,11.745587348937988,7.973301887512207
1842,19.938888549804688,10.2616605758667,9.677227973937988
1843,20.540189743041992,10.146007537841797,10.394182205200195
1844,20.801944732666016,10.54774284362793,10.254201889038086
1845,20.480369567871094,10.574369430541992,9.906000137329102
1846,19.966554641723633,9.291583061218262,10.674971580505371
1847,19.72800636291504,10.902135848999023,8.825870513916016
1848,19.976943969726562,10.305461883544922,9.67148208618164
1849,20.216188430786133,10.95733642578125,9.258852005004883
1850,20.3387508392334,11.791455268859863,8.547295570373535
1851,20.520000457763672,12.914122581481934,7.605877876281738
1852,20.914194107055664,12.19419002532959,8.720004081726074
1853,21.575000762939453,11.970942497253418,9.604058265686035
1854,21.933645248413086,12.847050666809082,9.086594581604004
1855,21.91611099243164,11.904613494873047,10.011497497558594
1856,22.181110382080078,10.900358200073242,11.280752182006836
1857,22.721038818359375,9.884445190429688,12.836593627929688
1858,22.67388916015625,10.88929557800293,11.78459358215332
1859,22.80491065979004,10.736739158630371,12.068171501159668
1860,23.088424682617188,10.954471588134766,12.133953094482422
1861,22.994760513305664,10.62807559967041,12.366684913635254
1862,22.488574981689453,10.62820053100586,11.860374450683594
1863,22.362163543701172,9.986410140991211,12.375753402709961
1864,22.536643981933594,10.781594276428223,11.755049705505371
1865,22.44611167907715,9.752828598022461,12.693283081054688
1866,22.396944046020508,10.10245418548584,12.294489860534668
1867,22.461524963378906,9.874503135681152,12.587021827697754
1868,22.94223403930664,10.652030944824219,12.290203094482422
1869,23.153888702392578,11.012962341308594,12.140926361083984
1870,23.74388885498047,14.718023300170898,9.02586555480957
1871,23.43694496154785,12.092134475708008,11.344810485839844
1872,22.834999084472656,10.9104585647583,11.924540519714355
1873,22.264999389648438,10.583184242248535,11.681815147399902
1874,21.86805534362793,9.883820533752441,11.984234809875488
1875,21.555849075317383,10.822602272033691,10.733246803283691
1876,21.23611068725586,11.860530853271484,9.375579833984375
1877,21.540000915527344,11.465119361877441,10.074881553649902
1878,22.132675170898438,10.91510009765625,11.217575073242188
1879,22.116111755371094,11.316325187683105,10.799786567687988
1880,22.37442970275879,9.793832778930664,12.580596923828125
1881,22.533361434936523,8.90591812133789,13.627443313598633
1882,22.401945114135742,11.133590698242188,11.268354415893555
1883,22.421825408935547,10.562796592712402,11.859028816223145
1884,22.491945266723633,10.558088302612305,11.933856964111328
1885,22.962400436401367,10.452313423156738,12.510087013244629
1886,23.214962005615234,10.500785827636719,12.714176177978516
1887,23.03611183166504,8.794105529785156,14.242006301879883
1888,22.551944732666016,9.4950590133667,13.056885719299316
1889,22.186111450195312,8.47374153137207,13.712369918823242
1890,21.24305534362793,8.804309844970703,12.438745498657227
1891,20.833730697631836,8.684008598327637,12.1497220993042
1892,20.735885620117188,10.47042179107666,10.265463829040527
1893,20.985031127929688,10.252057075500488,10.7329740524292
1894,21.393054962158203,10.765007019042969,10.628047943115234
1895,21.683889389038086,11.98570728302002,9.698182106018066
1896,22.47488021850586,12.299379348754883,10.175500869750977
1897,23.035619735717773,11.32409381866455,11.711525917053223
1898,23.483304977416992,11.130148887634277,12.353156089782715
1899,23.674999237060547,9.588614463806152,14.086384773254395
1900,23.60835075378418,9.302075386047363,14.306275367736816
1901,23.627586364746094,9.889362335205078,13.738224029541016
1902,23.883054733276367,8.707229614257812,15.175825119018555
1903,24.267574310302734,9.304561614990234,14.9630126953125
1904,24.2369441986084,10.831571578979492,13.405372619628906
1905,24.461111068725586,10.428780555725098,14.032330513000488
1906,24.66694450378418,11.645219802856445,13.021724700927734
1907,24.97194480895996,11.030097007751465,13.941847801208496
1908,24.76132583618164,11.534039497375488,13.227286338806152
1909,24.018054962158203,13.232657432556152,10.78539752960205
1910,23.563810348510742,14.873063087463379,8.690747261047363
1911,23.316944122314453,23.18124008178711,0.13570404052734375
1912,23.223054885864258,24.35982322692871,1.1367683410644531
1913,23.69499969482422,24.998302459716797,1.3033027648925781
1914,24.395877838134766,24.230548858642578,0.1653289794921875
1915,24.82611083984375,23.451549530029297,1.3745613098144531
1916,25.351943969726562,23.15656280517578,2.1953811645507812
1917,25.483530044555664,23.39826774597168,2.0852622985839844
1918,25.832685470581055,17.43404197692871,8.398643493652344
1919,26.343889236450195,12.725360870361328,13.618528366088867
1920,26.532686233520508,11.43816089630127,15.094525337219238
1921,26.636110305786133,11.333904266357422,15.302206039428711
1922,26.338144302368164,11.210055351257324,15.12808895111084
1923,26.058889389038086,12.483670234680176,13.57521915435791
1924,25.7630558013916,12.32555866241455,13.43749713897705
1925,25.420621871948242,11.027132034301758,14.393489837646484
1926,24.920310974121094,11.389901161193848,13.530409812927246
1927,24.03611183166504,13.03826904296875,10.997842788696289
1928,23.488981246948242,11.456197738647461,12.032783508300781
1929,23.165000915527344,13.325416564941406,9.839584350585938
1930,23.448013305664062,12.605345726013184,10.842667579650879
1931,23.97864532470703,12.314992904663086,11.663652420043945
1932,24.728830337524414,12.011022567749023,12.71780776977539
1933,25.350000381469727,9.555472373962402,15.794528007507324
1934,26.04805564880371,11.096782684326172,14.951272964477539
1935,26.645000457763672,10.380936622619629,16.264063835144043
1936,27.20941162109375,10.526215553283691,16.68319606781006
1937,27.751943588256836,10.824267387390137,16.9276762008667
1938,28.09661102294922,8.848520278930664,19.248090744018555
1939,28.46388816833496,9.386178016662598,19.077710151672363
1940,28.073055267333984,11.252408027648926,16.82064723968506
1941,27.628889083862305,20.391555786132812,7.237333297729492
1942,27.233030319213867,26.209257125854492,1.023773193359375
1943,26.878599166870117,26.40204429626465,0.47655487060546875
1944,26.728055953979492,26.171104431152344,0.5569515228271484
1945,26.68000030517578,26.629976272583008,0.05002403259277344
1946,26.773889541625977,24.497539520263672,2.2763500213623047
1947,26.787986755371094,24.032548904418945,2.7554378509521484
1948,26.386110305786133,23.266267776489258,3.119842529296875
1949,25.918888092041016,22.80697250366211,3.1119155883789062
1950,26.026111602783203,16.099693298339844,9.92641830444336
1951,25.806943893432617,15.17542552947998,10.631518363952637
1952,25.913888931274414,12.75284481048584,13.161044120788574
1953,26.394689559936523,11.426795959472656,14.967893600463867
1954,26.82973861694336,12.905261039733887,13.924477577209473
1955,26.521394729614258,10.13988208770752,16.38151264190674
1956,26.01714515686035,9.998679161071777,16.018465995788574
1957,25.700000762939453,8.890373229980469,16.809627532958984
1958,25.905000686645508,9.824000358581543,16.081000328063965
1959,25.719999313354492,10.2843017578125,15.435697555541992
1960,25.774311065673828,10.901777267456055,14.872533798217773
1961,25.665000915527344,12.189488410949707,13.475512504577637
1962,25.562124252319336,11.45068645477295,14.111437797546387
1963,25.517244338989258,10.11693286895752,15.400311470031738
1964,24.954999923706055,11.122570991516113,13.832428932189941
1965,24.7479248046875,11.608438491821289,13.139486312866211
1966,24.932594299316406,14.14531135559082,10.787282943725586
1967,25.441944122314453,14.94378662109375,10.498157501220703
1968,25.709999084472656,15.546011924743652,10.163987159729004
1969,26.064699172973633,15.135098457336426,10.929600715637207
1970,26.4887752532959,14.619548797607422,11.869226455688477
1971,26.96388816833496,13.652424812316895,13.311463356018066
1972,26.933055877685547,20.13723373413086,6.7958221435546875
1973,26.786563873291016,23.021821975708008,3.764741897583008
1974,26.56678581237793,12.422845840454102,14.143939971923828
1975,26.62388801574707,9.682769775390625,16.941118240356445
1976,26.543039321899414,12.721487045288086,13.821552276611328
1977,26.02805519104004,13.070999145507812,12.957056045532227
1978,26.055700302124023,12.901067733764648,13.154632568359375
1979,26.00611114501953,13.1639986038208,12.84211254119873
1980,25.773435592651367,17.269855499267578,8.503580093383789
1981,25.898889541625977,12.200648307800293,13.698241233825684
1982,25.79805564880371,11.599897384643555,14.198158264160156
1983,25.591724395751953,12.066515922546387,13.525208473205566
1984,25.952594757080078,11.970248222351074,13.982346534729004
1985,26.607154846191406,12.229765892028809,14.377388954162598
1986,26.875,11.548478126525879,15.326521873474121
1987,26.855350494384766,18.684717178344727,8.170633316040039
1988,26.99388885498047,20.865550994873047,6.128337860107422
1989,26.882354736328125,20.504846572875977,6.377508163452148
1990,26.641111373901367,19.46295738220215,7.178153991699219
1991,26.656944274902344,20.800827026367188,5.856117248535156
1992,27.056110382080078,22.62818145751953,4.427928924560547
1993,27.24305534362793,10.741399765014648,16.50165557861328
1994,27.569005966186523,10.43698787689209,17.132018089294434
1995,27.611663818359375,9.49635124206543,18.115312576293945
1996,27.44611167907715,9.890283584594727,17.555828094482422
1997,27.023056030273438,9.319517135620117,17.70353889465332
1998,26.555950164794922,10.115686416625977,16.440263748168945
1999,26.42888832092285,10.322312355041504,16.106575965881348
2000,25.626943588256836,10.208234786987305,15.418708801269531
2001,25.165000915527344,9.778881072998047,15.386119842529297
2002,25.05328941345215,10.50231647491455,14.550972938537598
2003,24.726943969726562,10.030193328857422,14.69675064086914
2004,24.33194351196289,10.688581466674805,13.643362045288086
2005,24.396636962890625,9.779139518737793,14.617497444152832
2006,24.24305534362793,10.802339553833008,13.440715789794922
2007,24.22918128967285,8.54419231414795,15.684988975524902
2008,24.2549991607666,9.344366073608398,14.910633087158203
2009,23.7630558013916,9.70126724243164,14.061788558959961
2010,23.288219451904297,10.775741577148438,12.51247787475586
2011,22.86798858642578,9.863794326782227,13.004194259643555
2012,22.877294540405273,11.700689315795898,11.176605224609375
2013,23.21436309814453,12.217497825622559,10.996865272521973
2014,23.608274459838867,12.449307441711426,11.158967018127441
2015,23.998056411743164,10.770349502563477,13.227706909179688
2016,24.32956886291504,9.990584373474121,14.338984489440918
2017,24.55377197265625,11.170538902282715,13.383233070373535
2018,24.72242546081543,10.597550392150879,14.12487506866455
2019,24.578887939453125,10.032500267028809,14.546387672424316
2020,24.61888885498047,11.116235733032227,13.502653121948242
2021,24.441110610961914,10.837347030639648,13.603763580322266
2022,24.36966323852539,10.738852500915527,13.630810737609863
2023,24.606945037841797,9.521300315856934,15.085644721984863
2024,24.308889389038086,8.851292610168457,15.457596778869629
2025,24.341110229492188,8.86469554901123,15.476414680480957
2026,24.65802001953125,9.486135482788086,15.171884536743164
2027,24.686843872070312,8.45800495147705,16.22883892059326
2028,24.513568878173828,8.820965766906738,15.69260311126709
2029,24.608888626098633,9.913581848144531,14.695306777954102
2030,24.905000686645508,10.778791427612305,14.126209259033203
2031,25.018779754638672,11.369202613830566,13.649577140808105
2032,24.624160766601562,11.88516902923584,12.738991737365723
2033,24.255830764770508,13.181783676147461,11.074047088623047
2034,24.231111526489258,11.916049003601074,12.315062522888184
2035,23.841943740844727,11.367737770080566,12.47420597076416
2036,23.636199951171875,11.329952239990234,12.30624771118164
2037,23.74888801574707,11.028853416442871,12.7200345993042
2038,24.114999771118164,11.882912635803223,12.232087135314941
2039,24.5130558013916,12.448629379272461,12.06442642211914
2040,24.40608024597168,9.54594898223877,14.86013126373291
2041,24.274999618530273,9.957752227783203,14.31724739074707
2042,24.540069580078125,9.683770179748535,14.85629940032959
2043,24.37611198425293,9.708732604980469,14.667379379272461
2044,23.983888626098633,10.196338653564453,13.78754997253418
2045,24.1299991607666,10.222247123718262,13.90775203704834
2046,23.926944732666016,10.06840705871582,13.858537673950195
2047,24.051944732666016,9.526979446411133,14.524965286254883
2048,23.908056259155273,9.440649032592773,14.4674072265625
2049,24.231111526489258,9.625631332397461,14.605480194091797
2050,24.29721450805664,10.49045467376709,13.80675983428955
2051,24.218889236450195,11.677711486816406,12.541177749633789
2052,24.036945343017578,11.05476188659668,12.982183456420898
2053,23.651824951171875,12.240998268127441,11.410826683044434
2054,23.88194465637207,9.592489242553711,14.28945541381836
2055,23.84694480895996,9.971330642700195,13.875614166259766
2056,23.488889694213867,8.972966194152832,14.515923500061035
2057,23.33720588684082,9.604918479919434,13.732287406921387
2058,23.571945190429688,9.786221504211426,13.785723686218262
2059,23.384531021118164,10.405133247375488,12.979397773742676
2060,23.575929641723633,9.219743728637695,14.356185913085938
2061,24.018564224243164,10.598627090454102,13.419937133789062
2062,23.86888885498047,9.822407722473145,14.046481132507324
2063,24.518054962158203,10.538185119628906,13.979869842529297
2064,24.16611099243164,10.058392524719238,14.107718467712402
2065,24.209136962890625,10.464920043945312,13.744216918945312
2066,24.47498893737793,10.668974876403809,13.806014060974121
2067,24.223888397216797,11.020191192626953,13.203697204589844
2068,24.264820098876953,10.89452075958252,13.370299339294434
2069,24.295000076293945,11.766491889953613,12.528508186340332
2070,23.998538970947266,12.547368049621582,11.451170921325684
2071,23.476943969726562,9.766554832458496,13.710389137268066
2072,23.031375885009766,9.647247314453125,13.38412857055664
2073,23.148889541625977,9.750991821289062,13.397897720336914
2074,23.686111450195312,9.032919883728027,14.653191566467285
2075,24.441110610961914,10.693233489990234,13.74787712097168
2076,25.586111068725586,11.587512016296387,13.9985990524292
2077,26.669639587402344,14.58749771118164,12.082141876220703
2078,27.38111114501953,22.025920867919922,5.355190277099609
2079,27.641111373901367,16.43794822692871,11.203163146972656
2080,27.711944580078125,11.848031997680664,15.863912582397461
2081,27.551904678344727,10.594895362854004,16.957009315490723
2082,27.276945114135742,10.39628791809082,16.880657196044922
2083,27.038055419921875,12.660499572753906,14.377555847167969
2084,26.65305519104004,11.666274070739746,14.986781120300293
2085,26.601110458374023,21.796125411987305,4.804985046386719
2086,26.58305549621582,21.433080673217773,5.149974822998047
2087,26.8233642578125,22.572031021118164,4.251333236694336
2088,26.819480895996094,23.787952423095703,3.0315284729003906
2089,26.837825775146484,25.466594696044922,1.3712310791015625
2090,26.983055114746094,25.31818199157715,1.6648731231689453
2091,26.731945037841797,24.667150497436523,2.0647945404052734
2092,26.683889389038086,23.642690658569336,3.04119873046875
2093,26.43757438659668,23.238544464111328,3.1990299224853516
2094,26.065080642700195,23.37940788269043,2.6856727600097656
2095,25.893505096435547,22.904600143432617,2.9889049530029297
2096,25.751230239868164,22.9636287689209,2.7876014709472656
2097,25.699811935424805,23.49367332458496,2.2061386108398438
2098,25.653888702392578,23.497751235961914,2.156137466430664
2099,25.7661190032959,23.048669815063477,2.717449188232422
2100,25.79194450378418,23.026775360107422,2.765169143676758
2101,25.742164611816406,22.245065689086914,3.497098922729492
2102,25.773056030273438,23.162240982055664,2.6108150482177734
2103,25.79694366455078,23.484743118286133,2.3122005462646484
2104,26.296236038208008,23.790666580200195,2.5055694580078125
2105,26.30500030517578,24.27318000793457,2.031820297241211
2106,25.966110229492188,23.693559646606445,2.272550582885742
2107,25.95305633544922,25.316558837890625,0.6364974975585938
2108,25.899919509887695,17.286727905273438,8.613191604614258
2109,26.128889083862305,10.587448120117188,15.541440963745117
2110,26.719999313354492,10.4645357131958,16.25546360015869
2111,25.863889694213867,10.35409164428711,15.509798049926758
2112,26.421112060546875,10.914857864379883,15.506254196166992
2113,25.797813415527344,10.7679443359375,15.029869079589844
2114,25.828887939453125,10.976465225219727,14.852422714233398
2115,25.507511138916016,11.33932113647461,14.168190002441406
2116,25.16694450378418,11.41942024230957,13.74752426147461
2117,25.008054733276367,9.711441993713379,15.296612739562988
2118,25.610000610351562,9.952454566955566,15.657546043395996
2119,26.40999984741211,9.044547080993652,17.365452766418457
2120,27.188804626464844,8.954705238342285,18.23409938812256
2121,28.091875076293945,8.969926834106445,19.1219482421875
2122,28.748336791992188,8.791426658630371,19.956910133361816
2123,29.155038833618164,8.913032531738281,20.242006301879883
2124,29.382944107055664,9.223142623901367,20.159801483154297
2125,29.614656448364258,9.768978118896484,19.845678329467773
2126,29.853261947631836,11.043421745300293,18.809840202331543
2127,29.691944122314453,10.89952278137207,18.792421340942383
2128,29.651945114135742,10.83031177520752,18.821633338928223
2129,29.6293888092041,9.137798309326172,20.49159049987793
2130,29.690000534057617,9.672526359558105,20.01747417449951
2131,29.683086395263672,10.108134269714355,19.574952125549316
2132,29.713054656982422,9.153523445129395,20.559531211853027
2133,29.845218658447266,8.88008975982666,20.965128898620605
2134,30.083829879760742,9.573039054870605,20.510790824890137
2135,30.051111221313477,8.399506568908691,21.651604652404785
2136,29.890338897705078,8.257006645202637,21.63333225250244
2137,29.57303810119629,8.70330810546875,20.86972999572754
2138,29.159461975097656,8.718542098999023,20.440919876098633
2139,28.858055114746094,9.286446571350098,19.571608543395996
2140,28.526945114135742,8.86387825012207,19.663066864013672
2141,28.382474899291992,10.081162452697754,18.30131244659424
2142,28.27111053466797,8.43658447265625,19.83452606201172
2143,28.601943969726562,8.51105785369873,20.090886116027832
2144,28.653013229370117,8.238478660583496,20.41453456878662
2145,28.7630558013916,9.320767402648926,19.442288398742676
2146,28.8880558013916,9.063249588012695,19.824806213378906
2147,28.851110458374023,12.0135498046875,16.837560653686523
2148,28.537961959838867,11.314833641052246,17.22312831878662
2149,28.302135467529297,11.228686332702637,17.07344913482666
2150,28.465312957763672,10.306578636169434,18.15873432159424
2151,28.556943893432617,10.492627143859863,18.064316749572754
2152,28.387975692749023,10.096173286437988,18.291802406311035
2153,28.459999084472656,10.168682098388672,18.291316986083984
2154,28.786945343017578,10.298704147338867,18.48824119567871
2155,29.20941162109375,10.820854187011719,18.38855743408203
2156,29.46091079711914,10.32161808013916,19.13929271697998
2157,29.438888549804688,9.171616554260254,20.267271995544434
2158,29.481111526489258,9.176875114440918,20.30423641204834
2159,28.701662063598633,10.232818603515625,18.468843460083008
2160,28.723054885864258,9.922490119934082,18.800564765930176
2161,28.808055877685547,9.508328437805176,19.29972743988037
2162,28.72194480895996,10.348922729492188,18.373022079467773
2163,28.695249557495117,10.324766159057617,18.3704833984375
2164,28.441585540771484,8.913949012756348,19.527636528015137
2165,28.086111068725586,9.044073104858398,19.042037963867188
2166,27.719738006591797,8.560534477233887,19.15920352935791
2167,27.431943893432617,8.98597526550293,18.445968627929688
2168,27.385000228881836,9.860907554626465,17.52409267425537
2169,27.377944946289062,9.760428428649902,17.61751651763916
2170,27.72194480895996,8.564352035522461,19.1575927734375
2171,27.8743896484375,10.089643478393555,17.784746170043945
2172,28.113889694213867,10.032841682434082,18.081048011779785
2173,28.448888778686523,9.42476749420166,19.024121284484863
2174,28.593505859375,10.49775218963623,18.09575366973877
2175,28.718055725097656,9.93789005279541,18.780165672302246
2176,28.836706161499023,10.176412582397461,18.660293579101562
2177,28.811655044555664,9.571386337280273,19.24026870727539
2178,28.589460372924805,9.349928855895996,19.23953151702881
2179,28.55613136291504,9.563666343688965,18.992465019226074
2180,28.51227569580078,10.418024063110352,18.09425163269043
2181,28.741945266723633,9.739850997924805,19.002094268798828
2182,28.7830867767334,10.381752014160156,18.401334762573242
2183,28.76388931274414,10.351787567138672,18.41210174560547
2184,28.883054733276367,10.381285667419434,18.501769065856934
2185,28.58913803100586,10.638736724853516,17.950401306152344
2186,28.700000762939453,10.822244644165039,17.877756118774414
2187,28.773056030273438,11.06303882598877,17.710017204284668
2188,28.691110610961914,11.070089340209961,17.621021270751953
2189,28.47888946533203,11.53359317779541,16.94529628753662
2190,28.3699893951416,9.652652740478516,18.717336654663086
2191,28.158056259155273,9.582290649414062,18.57576560974121
2192,28.559999465942383,10.272356986999512,18.28764247894287
2193,28.75694465637207,11.082610130310059,17.67433452606201
2194,28.853055953979492,11.343400001525879,17.509655952453613
2195,28.610000610351562,12.82214641571045,15.787854194641113
2196,28.43773651123047,13.561238288879395,14.876498222351074
2197,28.364999771118164,13.268354415893555,15.09664535522461
2198,28.296112060546875,13.805451393127441,14.490660667419434
2199,28.385669708251953,21.644628524780273,6.74104118347168
2200,28.625,21.8482666015625,6.7767333984375
2201,28.65291404724121,17.33254051208496,11.32037353515625
2202,28.95194435119629,15.092351913452148,13.85959243774414
2203,29.21578025817871,10.941670417785645,18.274109840393066
2204,29.177305221557617,10.443116188049316,18.7341890335083
2205,29.358999252319336,11.934745788574219,17.424253463745117
2206,29.13194465637207,11.506226539611816,17.625718116760254
2207,28.67138671875,11.888738632202148,16.78264808654785
2208,28.253055572509766,13.614936828613281,14.638118743896484
2209,28.346805572509766,12.051180839538574,16.29562473297119
2210,28.4622802734375,12.377156257629395,16.085124015808105
2211,28.64611053466797,12.668719291687012,15.977391242980957
2212,28.860000610351562,11.20566463470459,17.654335975646973
2213,29.04111099243164,11.507823944091797,17.533287048339844
2214,29.33888816833496,10.298543930053711,19.04034423828125
2215,29.457725524902344,10.890029907226562,18.56769561767578
2216,29.47106170654297,10.573308944702148,18.89775276184082
2217,29.29111099243164,11.572769165039062,17.718341827392578
2218,29.242889404296875,11.676641464233398,17.566247940063477
2219,29.08888816833496,12.420557975769043,16.668330192565918
2220,28.96500015258789,11.759001731872559,17.205998420715332
2221,28.674999237060547,10.677977561950684,17.997021675109863
2222,28.397436141967773,10.445927619934082,17.95150852203369
2223,28.201786041259766,10.293793678283691,17.907992362976074
2224,27.953950881958008,8.471619606018066,19.48233127593994
2225,27.604238510131836,9.1511812210083,18.453057289123535
2226,27.183889389038086,9.252666473388672,17.931222915649414
2227,26.864999771118164,9.519490242004395,17.34550952911377
2228,27.321849822998047,10.314275741577148,17.0075740814209
2229,27.82032012939453,10.30471420288086,17.515605926513672
2230,28.323055267333984,11.596981048583984,16.72607421875
2231,28.123056411743164,11.304489135742188,16.818567276000977
2232,27.68832015991211,10.182881355285645,17.505438804626465
2233,27.232013702392578,8.847315788269043,18.384697914123535
2234,27.20194435119629,9.739217758178711,17.462726593017578
2235,27.42194366455078,9.650228500366211,17.77171516418457
2236,27.325149536132812,9.657570838928223,17.66757869720459
2237,27.428054809570312,10.759628295898438,16.668426513671875
2238,27.747743606567383,11.872944831848145,15.874798774719238
2239,27.985000610351562,10.491660118103027,17.493340492248535
2240,28.24920082092285,11.383984565734863,16.86521625518799
2241,28.53499984741211,10.769067764282227,17.765932083129883
2242,28.76651382446289,11.64318561553955,17.12332820892334
2243,29.10633087158203,12.358729362487793,16.74760150909424
2244,29.560331344604492,12.856582641601562,16.70374870300293
2245,30.01388931274414,14.308815956115723,15.705073356628418
2246,30.351943969726562,15.665324211120605,14.686619758605957
2247,30.66694450378418,12.649601936340332,18.017342567443848
2248,30.92305564880371,10.769686698913574,20.153368949890137
2249,31.073055267333984,11.486230850219727,19.586824417114258
2250,30.95694351196289,11.092704772949219,19.864238739013672
2251,30.393054962158203,11.556669235229492,18.83638572692871
2252,29.906944274902344,11.734378814697266,18.172565460205078
2253,29.51657485961914,11.628609657287598,17.887965202331543
2254,29.087886810302734,11.754254341125488,17.333632469177246
2255,28.910329818725586,11.392741203308105,17.51758861541748
2256,28.3880558013916,8.918869018554688,19.469186782836914
2257,27.733888626098633,9.237634658813477,18.496253967285156
2258,27.84000015258789,8.856437683105469,18.983562469482422
2259,28.114999771118164,9.742087364196777,18.372912406921387
2260,28.069950103759766,10.489995002746582,17.579955101013184
2261,28.163055419921875,9.933769226074219,18.229286193847656
2262,28.264999389648438,11.085977554321289,17.17902183532715
2263,28.38194465637207,9.56039047241211,18.82155418395996
2264,28.480331420898438,9.35713005065918,19.123201370239258
2265,28.586111068725586,9.571511268615723,19.014599800109863
2266,28.449100494384766,10.94461441040039,17.504486083984375
2267,28.60718536376953,10.43489933013916,18.17228603363037
2268,28.656944274902344,10.33979320526123,18.317151069641113
2269,28.733156204223633,9.68294620513916,19.050209999084473
2270,28.757261276245117,9.505062103271484,19.252199172973633
2271,28.844999313354492,8.682666778564453,20.16233253479004
2272,29.176944732666016,9.110700607299805,20.06624412536621
2273,29.095680236816406,9.153362274169922,19.942317962646484
2274,29.147613525390625,8.887940406799316,20.25967311859131
2275,29.156110763549805,10.031817436218262,19.124293327331543
2276,29.375,10.212230682373047,19.162769317626953
2277,29.71476936340332,9.435338020324707,20.279431343078613
2278,29.684999465942383,11.129520416259766,18.555479049682617
2279,29.729888916015625,12.587218284606934,17.14267063140869
2280,29.59694480895996,21.084701538085938,8.512243270874023
2281,29.723888397216797,21.70620346069336,8.017684936523438
2282,29.91111183166504,14.036778450012207,15.874333381652832
2283,29.741945266723633,14.331557273864746,15.410387992858887
2284,29.803054809570312,12.583239555358887,17.219815254211426
2285,29.965211868286133,11.92716121673584,18.038050651550293
2286,29.538888931274414,11.094768524169922,18.444120407104492
2287,29.65999984741211,11.02082347869873,18.63917636871338
2288,29.396686553955078,10.94786262512207,18.448823928833008
2289,29.191944122314453,10.986676216125488,18.205267906188965
2290,28.8198184967041,12.486078262329102,16.333740234375
2291,28.831438064575195,12.21750545501709,16.613932609558105
2292,29.012075424194336,10.740582466125488,18.271492958068848
2293,28.972835540771484,10.592999458312988,18.379836082458496
2294,28.850099563598633,11.623787879943848,17.226311683654785
2295,28.721111297607422,11.339600563049316,17.381510734558105
2296,28.858888626098633,11.86438274383545,16.994505882263184
2297,28.985910415649414,12.497652053833008,16.488258361816406
2298,28.879131317138672,12.783178329467773,16.0959529876709
2299,28.86888885498047,17.937536239624023,10.931352615356445
2300,28.737995147705078,11.449602127075195,17.288393020629883
2301,28.72926139831543,10.578929901123047,18.150331497192383
2302,28.794111251831055,10.439630508422852,18.354480743408203
2303,28.996944427490234,11.722901344299316,17.274043083190918
2304,28.586931228637695,10.023665428161621,18.563265800476074
2305,28.411338806152344,10.816184043884277,17.595154762268066
2306,28.624549865722656,9.141411781311035,19.48313808441162
2307,28.901994705200195,9.270036697387695,19.6319580078125
2308,28.721080780029297,10.112974166870117,18.60810661315918
2309,28.66805648803711,10.774816513061523,17.893239974975586
2310,28.524822235107422,11.145960807800293,17.37886142730713
2311,28.523889541625977,11.606927871704102,16.916961669921875
2312,28.321945190429688,10.850558280944824,17.471386909484863
2313,28.442386627197266,10.960143089294434,17.482243537902832
2314,28.49888801574707,10.47111701965332,18.02777099609375
2315,28.52805519104004,10.302980422973633,18.225074768066406
2316,28.609270095825195,11.683995246887207,16.92527484893799
2317,28.709999084472656,11.171154975891113,17.538844108581543
2318,28.44523811340332,10.033095359802246,18.412142753601074
2319,28.484689712524414,9.287193298339844,19.19749641418457
2320,28.838054656982422,9.347708702087402,19.49034595489502
2321,29.157554626464844,10.18984603881836,18.967708587646484
2322,29.50247573852539,9.649894714355469,19.852581024169922
2323,29.512775421142578,10.658500671386719,18.85427474975586
2324,29.296112060546875,10.365992546081543,18.930119514465332
2325,29.310049057006836,12.455944061279297,16.85410499572754
2326,29.148056030273438,13.266794204711914,15.881261825561523
2327,29.156944274902344,13.315866470336914,15.84107780456543
2328,29.133750915527344,13.710509300231934,15.42324161529541
2329,29.318889617919922,14.333191871643066,14.985697746276855
2330,29.343889236450195,12.323040008544922,17.020849227905273
2331,29.5130558013916,11.671791076660156,17.841264724731445
2332,29.633054733276367,10.810201644897461,18.822853088378906
2333,29.788888931274414,11.042391777038574,18.74649715423584
2334,29.905519485473633,11.599663734436035,18.305855751037598
2335,29.86888885498047,11.759849548339844,18.109039306640625
2336,30.12611198425293,11.064925193786621,19.06118679046631
2337,30.203887939453125,11.64566707611084,18.558220863342285
2338,30.31120491027832,10.46702766418457,19.84417724609375
2339,30.04194450378418,10.18150520324707,19.86043930053711
2340,29.721111297607422,11.74507999420166,17.97603130340576
2341,29.641111373901367,12.178936958312988,17.46217441558838
2342,29.481945037841797,14.062689781188965,15.419255256652832
2343,29.049999237060547,15.422526359558105,13.627472877502441
2344,28.64635467529297,11.554760932922363,17.091593742370605
2345,28.161945343017578,10.4483060836792,17.71363925933838
2346,27.81305503845215,10.403483390808105,17.409571647644043
2347,27.668289184570312,10.006346702575684,17.66194248199463
2348,27.664600372314453,9.907201766967773,17.75739860534668
2349,27.71298599243164,9.383309364318848,18.329676628112793
2350,27.761110305786133,9.593620300292969,18.167490005493164
2351,27.836944580078125,9.566160202026367,18.270784378051758
2352,27.91431999206543,8.883915901184082,19.030404090881348
2353,28.151111602783203,9.303756713867188,18.847354888916016
2354,28.267913818359375,9.904524803161621,18.363389015197754
2355,27.990699768066406,10.105643272399902,17.885056495666504
2356,28.156110763549805,9.243290901184082,18.912819862365723
2357,28.29194450378418,10.265440940856934,18.026503562927246
2358,28.235000610351562,10.488603591918945,17.746397018432617
2359,28.54888916015625,9.910075187683105,18.638813972473145
2360,28.555944442749023,9.537714004516602,19.018230438232422
2361,28.528764724731445,9.547469139099121,18.981295585632324
2362,28.731111526489258,9.353914260864258,19.377197265625
2363,28.889162063598633,9.406637191772461,19.482524871826172
2364,29.149999618530273,9.900215148925781,19.249784469604492
2365,29.07176399230957,9.460773468017578,19.610990524291992
2366,28.52805519104004,9.743741989135742,18.784313201904297
2367,28.18000030517578,8.662776947021484,19.517223358154297
2368,28.044700622558594,8.015914916992188,20.028785705566406
2369,27.549999237060547,8.318489074707031,19.231510162353516
2370,27.379961013793945,9.074514389038086,18.30544662475586
2371,27.531164169311523,8.739328384399414,18.79183578491211
2372,27.64740562438965,10.690821647644043,16.956583976745605
2373,27.981945037841797,15.37077522277832,12.611169815063477
2374,28.41057014465332,21.00929069519043,7.401279449462891
2375,28.684999465942383,22.357276916503906,6.327722549438477
2376,28.58305549621582,23.038408279418945,5.544647216796875
2377,28.065336227416992,22.881912231445312,5.18342399597168
2378,27.11888885498047,22.282390594482422,4.836498260498047
2379,27.010011672973633,17.9688777923584,9.041133880615234
2380,26.718164443969727,11.30051326751709,15.417651176452637
2381,26.41805648803711,11.929057121276855,14.488999366760254
2382,26.463054656982422,9.875333786010742,16.58772087097168
2383,25.454980850219727,11.366759300231934,14.088221549987793
2384,25.6299991607666,21.975046157836914,3.6549530029296875
2385,26.066110610961914,21.396535873413086,4.669574737548828
2386,26.00694465637207,24.577028274536133,1.4299163818359375
2387,26.801944732666016,24.40864372253418,2.393301010131836
2388,26.941110610961914,23.856876373291016,3.0842342376708984
2389,26.596111297607422,23.410249710083008,3.185861587524414
2390,26.71500015258789,11.990882873535156,14.724117279052734
2391,26.80389404296875,8.327617645263672,18.476276397705078
2392,27.03516960144043,7.9681596755981445,19.067009925842285
2393,26.70194435119629,8.598631858825684,18.103312492370605
2394,26.174999237060547,9.560053825378418,16.61494541168213
2395,26.355880737304688,9.704822540283203,16.651058197021484
2396,26.591569900512695,22.664369583129883,3.9272003173828125
2397,26.925289154052734,25.356477737426758,1.5688114166259766
2398,27.211944580078125,22.757295608520508,4.454648971557617
2399,27.414918899536133,26.940353393554688,0.4745655059814453
2400,27.21571922302246,27.3797550201416,0.16403579711914062
2401,26.95888900756836,25.327030181884766,1.6318588256835938
2402,26.774999618530273,24.893617630004883,1.8813819885253906
2403,26.67633056640625,24.25333023071289,2.4230003356933594
2404,26.395000457763672,23.167755126953125,3.227245330810547
2405,26.110849380493164,22.166166305541992,3.944683074951172
2406,25.92305564880371,9.600924491882324,16.322131156921387
2407,26.241945266723633,9.352747917175293,16.88919734954834
2408,26.510000228881836,8.784947395324707,17.72505283355713
2409,26.78250503540039,8.15451717376709,18.6279878616333
2410,27.193056106567383,8.9515962600708,18.241459846496582
2411,27.262569427490234,9.506996154785156,17.755573272705078
2412,27.584230422973633,10.249855995178223,17.33437442779541
2413,27.621944427490234,10.111119270324707,17.510825157165527
2414,27.537944793701172,10.250519752502441,17.28742504119873
2415,27.51343536376953,10.893022537231445,16.620412826538086
2416,27.8799991607666,12.226837158203125,15.653162002563477
2417,27.87611198425293,15.108183860778809,12.767928123474121
2418,27.663850784301758,20.372922897338867,7.290927886962891
2419,27.525819778442383,13.619800567626953,13.90601921081543
2420,27.921831130981445,10.330513954162598,17.591317176818848
2421,28.231945037841797,11.138737678527832,17.093207359313965
2422,28.484600067138672,12.212652206420898,16.271947860717773
2423,28.511943817138672,11.806713104248047,16.705230712890625
2424,28.284086227416992,13.15353012084961,15.130556106567383
2425,28.31255531311035,12.184113502502441,16.12844181060791
2426,28.487125396728516,11.424732208251953,17.062393188476562
2427,28.775230407714844,10.823380470275879,17.951849937438965
2428,29.175500869750977,9.441908836364746,19.73359203338623
2429,29.173336029052734,8.536993980407715,20.63634204864502
2430,29.624439239501953,9.2487154006958,20.375723838806152
2431,29.693889617919922,9.31659984588623,20.37728977203369
2432,29.58305549621582,9.424847602844238,20.158207893371582
2433,29.356945037841797,10.753409385681152,18.603535652160645
2434,28.893810272216797,9.983102798461914,18.910707473754883
2435,28.371110916137695,9.922956466674805,18.44815444946289
2436,27.88641357421875,11.145731925964355,16.740681648254395
2437,27.55573844909668,11.177498817443848,16.378239631652832
2438,27.177213668823242,11.466706275939941,15.7105073928833
2439,27.265911102294922,9.877596855163574,17.388314247131348
2440,27.16866111755371,15.068328857421875,12.100332260131836
2441,26.87611198425293,11.934176445007324,14.941935539245605
2442,26.661945343017578,13.047628402709961,13.614316940307617
2443,26.336111068725586,9.419451713562012,16.916659355163574
2444,26.073888778686523,8.568366050720215,17.50552272796631
2445,25.703887939453125,8.634597778320312,17.069290161132812
2446,26.27618980407715,8.313300132751465,17.962889671325684
2447,25.702436447143555,9.002257347106934,16.70017910003662
2448,26.813888549804688,10.088794708251953,16.725093841552734
2449,26.273889541625977,10.415419578552246,15.85846996307373
2450,26.336944580078125,9.976357460021973,16.360587120056152
2451,26.68694496154785,9.131866455078125,17.555078506469727
2452,27.00611114501953,9.790377616882324,17.215733528137207
2453,27.098054885864258,8.675978660583496,18.42207622528076
2454,27.221111297607422,8.784077644348145,18.437033653259277
2455,27.487836837768555,9.648933410644531,17.838903427124023
2456,27.438888549804688,9.202652931213379,18.23623561859131
2457,27.68805503845215,8.983771324157715,18.704283714294434
2458,27.709888458251953,10.06743335723877,17.642455101013184
2459,27.77335548400879,10.538366317749023,17.234989166259766
2460,27.818004608154297,11.094642639160156,16.72336196899414
2461,27.93981170654297,9.094573020935059,18.84523868560791
2462,27.825000762939453,10.416943550109863,17.40805721282959
2463,27.61888885498047,11.449785232543945,16.169103622436523
2464,27.398056030273438,9.75398063659668,17.644075393676758
2465,27.158056259155273,9.050923347473145,18.10713291168213
2466,27.40999984741211,9.620055198669434,17.789944648742676
2467,27.531944274902344,9.794673919677734,17.73727035522461
2468,27.6299991607666,9.581454277038574,18.048544883728027
2469,27.558055877685547,9.913488388061523,17.644567489624023
2470,27.62481117248535,9.314477920532227,18.310333251953125
2471,27.373144149780273,9.603883743286133,17.76926040649414
2472,27.23421859741211,10.464603424072266,16.769615173339844
2473,27.29344367980957,10.762334823608398,16.531108856201172
2474,27.518054962158203,10.682178497314453,16.83587646484375
2475,27.804710388183594,10.445439338684082,17.35927104949951
2476,27.979999542236328,11.264206886291504,16.715792655944824
2477,28.236345291137695,10.027243614196777,18.209101676940918
2478,28.426944732666016,11.043420791625977,17.38352394104004
2479,28.549999237060547,10.842000007629395,17.707999229431152
2480,28.768888473510742,10.400429725646973,18.36845874786377
2481,29.039819717407227,10.447574615478516,18.59224510192871
2482,29.209070205688477,10.346221923828125,18.86284828186035
2483,30.13194465637207,9.58652114868164,20.54542350769043
2484,29.551111221313477,9.130707740783691,20.420403480529785
2485,29.545000076293945,9.984261512756348,19.560738563537598
2486,29.334999084472656,8.163046836853027,21.17195224761963
2487,29.175899505615234,8.606925964355469,20.568973541259766
2488,29.07805633544922,8.826399803161621,20.251656532287598
2489,28.966110229492188,9.71982479095459,19.246285438537598
2490,29.02805519104004,8.981956481933594,20.046098709106445
2491,28.945980072021484,10.43355941772461,18.512420654296875
2492,28.7549991607666,9.96687126159668,18.788127899169922
2493,28.74388885498047,9.640575408935547,19.103313446044922
2494,28.77151870727539,9.428102493286133,19.343416213989258
2495,28.781944274902344,9.40673828125,19.375205993652344
2496,28.784900665283203,9.620041847229004,19.1648588180542
2497,28.606945037841797,9.720954895019531,18.885990142822266
2498,28.621110916137695,10.825246810913086,17.79586410522461
2499,28.848888397216797,11.198747634887695,17.6501407623291
2500,29.168888092041016,12.230658531188965,16.93822956085205
2501,29.318056106567383,13.2180757522583,16.099980354309082
2502,29.458005905151367,12.494495391845703,16.963510513305664
2503,29.646894454956055,13.197590827941895,16.44930362701416
2504,29.771989822387695,13.446096420288086,16.32589340209961
2505,30.128055572509766,13.36212158203125,16.765933990478516
2506,30.57032012939453,16.688785552978516,13.881534576416016
2507,30.851743698120117,15.254390716552734,15.597352981567383
2508,30.921112060546875,14.806279182434082,16.114832878112793
2509,31.026111602783203,14.138011932373047,16.888099670410156
2510,31.06999969482422,20.83635902404785,10.233640670776367
2511,30.91452407836914,20.721982955932617,10.192541122436523
2512,31.469999313354492,21.23150634765625,10.238492965698242
2513,31.47760581970215,15.257721900939941,16.219883918762207
2514,31.48287582397461,13.083959579467773,18.398916244506836
2515,31.40233039855957,11.042375564575195,20.359954833984375
2516,31.75611114501953,10.298847198486328,21.457263946533203
2517,30.718889236450195,10.16689395904541,20.551995277404785
2518,30.448888778686523,9.871856689453125,20.5770320892334
2519,30.17388916015625,10.994009971618652,19.179879188537598
2520,30.1200008392334,10.937278747558594,19.182722091674805
2521,30.121944427490234,8.17264461517334,21.949299812316895
2522,29.758054733276367,7.798313617706299,21.95974111557007
2523,29.54194450378418,7.4680938720703125,22.073850631713867
2524,29.320011138916016,6.753991603851318,22.566019535064697
2525,29.163888931274414,7.960567474365234,21.20332145690918
2526,28.883054733276367,8.826871871948242,20.056182861328125
2527,28.632375717163086,10.374495506286621,18.257880210876465
2528,28.505720138549805,10.467996597290039,18.037723541259766
2529,28.465681076049805,11.613167762756348,16.852513313293457
2530,28.42576026916504,12.336543083190918,16.08921718597412
2531,28.868804931640625,13.272897720336914,15.595907211303711
2532,29.348888397216797,13.335702896118164,16.013185501098633
2533,29.426664352416992,12.802071571350098,16.624592781066895
2534,29.617813110351562,12.868529319763184,16.74928379058838
2535,29.42888832092285,13.946820259094238,15.482068061828613
2536,29.443056106567383,13.00802993774414,16.435026168823242
2537,29.456111907958984,11.89161491394043,17.564496994018555
2538,30.781944274902344,11.422727584838867,19.359216690063477
2539,29.760000228881836,11.255646705627441,18.504353523254395
2540,30.21388816833496,12.10218334197998,18.11170482635498
2541,30.28891944885254,13.348803520202637,16.940115928649902
2542,30.03611183166504,17.40292739868164,12.633184432983398
2543,29.871110916137695,22.009361267089844,7.861749649047852
2544,30.151111602783203,23.134140014648438,7.016971588134766
2545,30.003206253051758,21.517148971557617,8.48605728149414
2546,29.773086547851562,22.93701934814453,6.836067199707031
2547,29.443889617919922,25.0991153717041,4.34477424621582
2548,28.66694450378418,25.03652000427246,3.6304244995117188
2549,27.87961196899414,24.321718215942383,3.557893753051758
2550,27.238056182861328,25.442169189453125,1.7958869934082031
2551,26.594999313354492,25.134716033935547,1.4602832794189453
2552,26.161945343017578,23.230541229248047,2.9314041137695312
2553,25.941944122314453,11.272514343261719,14.669429779052734
2554,25.838054656982422,11.417323112487793,14.420731544494629
2555,25.75408935546875,10.26473617553711,15.48935317993164
2556,26.02680015563965,10.310178756713867,15.716621398925781
2557,26.239999771118164,10.74063777923584,15.499361991882324
2558,25.886375427246094,9.945625305175781,15.940750122070312
2559,25.623130798339844,10.893045425415039,14.730085372924805
2560,25.30401039123535,9.266709327697754,16.037301063537598
2561,25.05698585510254,9.855557441711426,15.201428413391113
2562,25.38888931274414,9.659005165100098,15.729884147644043
2563,26.024749755859375,11.182646751403809,14.842103004455566
2564,26.741945266723633,13.346030235290527,13.395915031433105
2565,27.45805549621582,11.935574531555176,15.522480964660645
2566,27.994619369506836,10.194571495056152,17.800047874450684
2567,27.965961456298828,9.968928337097168,17.99703311920166
2568,27.876943588256836,9.317726135253906,18.55921745300293
2569,27.79805564880371,9.415301322937012,18.3827543258667
2570,27.95230484008789,9.990644454956055,17.961660385131836
2571,28.29305648803711,9.735512733459473,18.557543754577637
2572,28.50334358215332,8.7027006149292,19.80064296722412
2573,28.688644409179688,8.823708534240723,19.864935874938965
2574,28.746110916137695,8.960712432861328,19.785398483276367
2575,28.621110916137695,9.071549415588379,19.549561500549316
2576,28.773738861083984,9.334731101989746,19.43900775909424
2577,28.91111183166504,9.551782608032227,19.359329223632812
2578,28.985210418701172,10.314271926879883,18.67093849182129
2579,29.291593551635742,10.375866889953613,18.91572666168213
2580,29.6119441986084,9.694562911987305,19.917381286621094
2581,30.008054733276367,10.2107515335083,19.797303199768066
2582,30.29305648803711,9.143209457397461,21.14984703063965
2583,30.55243682861328,9.704459190368652,20.84797763824463
2584,30.82262420654297,8.820783615112305,22.001840591430664
2585,30.768888473510742,9.293400764465332,21.47548770904541
2586,30.428054809570312,9.278975486755371,21.14907932281494
2587,30.170961380004883,9.498617172241211,20.672344207763672
2588,30.272212982177734,10.207256317138672,20.064956665039062
2589,30.17116928100586,9.591240882873535,20.579928398132324
2590,29.918888092041016,10.679420471191406,19.23946762084961
2591,29.303125381469727,10.979926109313965,18.32319927215576
2592,28.70694351196289,12.470255851745605,16.236687660217285
2593,28.531110763549805,13.008044242858887,15.523066520690918
2594,29.071945190429688,13.060762405395508,16.01118278503418
2595,28.738889694213867,12.494800567626953,16.244089126586914
2596,28.987565994262695,13.002095222473145,15.98547077178955
2597,29.086944580078125,20.157800674438477,8.929143905639648
2598,28.17203140258789,25.43927001953125,2.7327613830566406
2599,28.878055572509766,25.859094619750977,3.018960952758789
2600,28.504493713378906,26.769807815551758,1.7346858978271484
2601,28.273889541625977,26.670124053955078,1.6037654876708984
2602,27.602663040161133,26.04204559326172,1.560617446899414
2603,27.16694450378418,24.717660903930664,2.4492835998535156
2604,26.72303009033203,12.862866401672363,13.860163688659668
2605,26.39069366455078,9.275993347167969,17.114700317382812
2606,26.103055953979492,8.73859691619873,17.36445903778076
2607,25.975000381469727,8.634251594543457,17.34074878692627
2608,25.981199264526367,8.672737121582031,17.308462142944336
2609,25.943519592285156,7.594512462615967,18.34900712966919
2610,25.773889541625977,9.864189147949219,15.909700393676758
2611,25.454870223999023,9.339807510375977,16.115062713623047
2612,25.2764892578125,9.427361488342285,15.849127769470215
2613,25.125,10.296792030334473,14.828207969665527
2614,25.205760955810547,11.082929611206055,14.122831344604492
2615,25.323888778686523,11.331257820129395,13.992630958557129
2616,25.367061614990234,10.6666259765625,14.700435638427734
2617,25.526111602783203,11.479009628295898,14.047101974487305
2618,25.823888778686523,12.36007022857666,13.463818550109863
2619,25.926111221313477,9.246339797973633,16.679771423339844
2620,26.143054962158203,8.786492347717285,17.356562614440918
2621,26.4469051361084,8.837775230407715,17.609129905700684
2622,26.501943588256836,8.732986450195312,17.768957138061523
2623,26.469064712524414,9.403783798217773,17.06528091430664
2624,26.70305633544922,9.4482421875,17.25481414794922
2625,26.871912002563477,10.330381393432617,16.54153060913086
2626,26.93805503845215,9.779353141784668,17.15870189666748
2627,27.276399612426758,9.483403205871582,17.792996406555176
2628,27.628664016723633,8.74914836883545,18.879515647888184
2629,27.914831161499023,10.161308288574219,17.753522872924805
2630,27.72572135925293,10.034388542175293,17.691332817077637
2631,27.733064651489258,11.110939979553223,16.622124671936035
2632,27.7549991607666,10.503819465637207,17.251179695129395
2633,27.691110610961914,10.606832504272461,17.084278106689453
2634,27.39173126220703,11.244608879089355,16.147122383117676
2635,27.19499969482422,12.366363525390625,14.828636169433594
2636,26.86805534362793,9.397662162780762,17.470393180847168
2637,26.496944427490234,10.001519203186035,16.4954252243042
2638,26.533056259155273,10.239533424377441,16.293522834777832
2639,26.88111114501953,9.879077911376953,17.002033233642578
2640,26.831480026245117,15.821710586547852,11.009769439697266
2641,26.928054809570312,11.621746063232422,15.30630874633789
2642,27.173870086669922,11.715048789978027,15.458821296691895
2643,27.223888397216797,9.621140480041504,17.602747917175293
2644,27.42198944091797,9.03205394744873,18.38993549346924
2645,27.57111167907715,9.945425033569336,17.625686645507812
2646,27.568889617919922,11.119400978088379,16.449488639831543
2647,27.70783042907715,10.72382926940918,16.98400115966797
2648,27.69499969482422,13.856176376342773,13.838823318481445
2649,27.66805648803711,11.522113800048828,16.14594268798828
2650,27.369739532470703,15.634060859680176,11.735678672790527
2651,27.127256393432617,23.656024932861328,3.471231460571289
2652,27.296112060546875,23.098485946655273,4.197626113891602
2653,26.83441162109375,22.516517639160156,4.317893981933594
2654,27.104999542236328,24.812437057495117,2.292562484741211
2655,27.16111183166504,22.89110565185547,4.27000617980957
2656,27.115131378173828,22.018896102905273,5.096235275268555
2657,27.0049991607666,24.68065643310547,2.324342727661133
2658,26.676111221313477,20.655261993408203,6.020849227905273
2659,26.464088439941406,21.42011833190918,5.043970108032227
2660,26.416343688964844,10.523416519165039,15.892927169799805
2661,26.221111297607422,7.9995927810668945,18.221518516540527
2662,26.47686195373535,8.66916275024414,17.80769920349121
2663,26.591005325317383,10.09560775756836,16.495397567749023
2664,26.25,10.793147087097168,15.456852912902832
2665,26.38824462890625,21.971664428710938,4.4165802001953125
2666,27.502004623413086,23.699600219726562,3.8024044036865234
2667,26.746110916137695,24.068115234375,2.6779956817626953
2668,26.60407257080078,23.03744888305664,3.5666236877441406
2669,26.42888832092285,12.671515464782715,13.757372856140137
2670,26.10777473449707,10.547506332397461,15.56026840209961
2671,26.32111167907715,10.879633903503418,15.44147777557373
2672,26.21954917907715,10.047842979431152,16.171706199645996
2673,25.908056259155273,9.658252716064453,16.24980354309082
2674,25.818889617919922,9.866945266723633,15.951944351196289
2675,25.561994552612305,8.599311828613281,16.962682723999023
2676,25.36886978149414,9.226040840148926,16.142828941345215
2677,25.557594299316406,9.139969825744629,16.417624473571777
2678,25.54305648803711,9.126715660095215,16.416340827941895
2679,24.985000610351562,10.02380657196045,14.961194038391113
2680,24.466943740844727,11.099832534790039,13.367111206054688
2681,23.9262638092041,10.899506568908691,13.02675724029541
2682,23.58536148071289,10.689224243164062,12.896137237548828
2683,23.641111373901367,10.425640106201172,13.215471267700195
2684,24.024999618530273,9.504232406616211,14.520767211914062
2685,24.003889083862305,11.21578311920166,12.788105964660645
2686,24.04305648803711,11.032501220703125,13.010555267333984
2687,23.98542022705078,10.453665733337402,13.531754493713379
2688,24.31999969482422,8.631142616271973,15.688857078552246
2689,24.661945343017578,8.59926986694336,16.06267547607422
2690,25.223888397216797,8.806920051574707,16.41696834564209
2691,24.663888931274414,8.771016120910645,15.89287281036377
2692,24.208511352539062,9.930309295654297,14.278202056884766
2693,24.01288604736328,10.570476531982422,13.44240951538086
2694,24.308889389038086,10.933228492736816,13.37566089630127
2695,24.537343978881836,11.138981819152832,13.398362159729004
2696,24.93981170654297,10.242714881896973,14.697096824645996
2697,24.824270248413086,11.919529914855957,12.904740333557129
2698,25.282514572143555,12.40321159362793,12.879302978515625
2699,25.351430892944336,11.630654335021973,13.720776557922363
2700,25.658889770507812,11.633112907409668,14.025776863098145
2701,25.684968948364258,10.634428024291992,15.050540924072266
2702,25.635269165039062,9.383002281188965,16.252266883850098
2703,25.153718948364258,10.346567153930664,14.807151794433594
2704,24.86311912536621,10.218888282775879,14.644230842590332
2705,24.774999618530273,10.977779388427734,13.797220230102539
2706,24.689430236816406,10.924017906188965,13.765412330627441
2707,24.440629959106445,10.469156265258789,13.971473693847656
2708,24.253074645996094,10.409719467163086,13.843355178833008
2709,24.093524932861328,11.22077751159668,12.872747421264648
2710,24.270000457763672,11.496726036071777,12.773274421691895
2711,24.334999084472656,11.05040454864502,13.284594535827637
2712,24.651945114135742,11.720542907714844,12.931402206420898
2713,24.57111167907715,11.279481887817383,13.291629791259766
2714,24.31999969482422,11.762033462524414,12.557966232299805
2715,24.47949981689453,12.20860767364502,12.270892143249512
2716,24.37608528137207,12.575786590576172,11.800298690795898
2717,24.480937957763672,15.501736640930176,8.979201316833496
2718,24.616945266723633,9.655445098876953,14.96150016784668
2719,24.762088775634766,9.557981491088867,15.204107284545898
2720,24.228544235229492,8.838499069213867,15.390045166015625
2721,23.982585906982422,8.308019638061523,15.674566268920898
2722,24.20003890991211,9.377578735351562,14.822460174560547
2723,24.70599937438965,8.841663360595703,15.864336013793945
2724,24.779460906982422,9.451528549194336,15.327932357788086
2725,24.560169219970703,8.996689796447754,15.56347942352295
2726,24.398889541625977,8.09853458404541,16.300354957580566
2727,24.558055877685547,8.835234642028809,15.722821235656738
2728,24.33388900756836,8.115917205810547,16.217971801757812
2729,25.158056259155273,8.51620864868164,16.641847610473633
2730,24.51388931274414,9.994877815246582,14.519011497497559
2731,24.603055953979492,9.971613883972168,14.631442070007324
2732,24.283889770507812,9.435040473937988,14.848849296569824
2733,24.126710891723633,10.681495666503906,13.445215225219727
2734,24.29305648803711,9.619921684265137,14.673134803771973
2735,24.165000915527344,9.15256118774414,15.012439727783203
2736,24.38068962097168,10.888063430786133,13.492626190185547
2737,24.441944122314453,10.50339412689209,13.938549995422363
2738,24.591686248779297,10.272744178771973,14.318942070007324
2739,24.79111099243164,11.260921478271484,13.530189514160156
2740,24.91611099243164,12.048794746398926,12.867316246032715
2741,24.799110412597656,11.210576057434082,13.588534355163574
2742,24.616111755371094,12.052749633789062,12.563362121582031
2743,24.738056182861328,11.575308799743652,13.162747383117676
2744,24.81999969482422,10.020041465759277,14.799958229064941
2745,24.466943740844727,10.742305755615234,13.724637985229492
2746,24.426944732666016,10.399224281311035,14.02772045135498
2747,24.739999771118164,10.808113098144531,13.931886672973633
2748,24.93381118774414,11.598833084106445,13.334978103637695
2749,24.506664276123047,10.60363483428955,13.903029441833496
2750,24.363056182861328,11.22289752960205,13.140158653259277
2751,24.75111198425293,10.933765411376953,13.817346572875977
2752,24.37546157836914,11.727933883666992,12.647527694702148
2753,24.56385612487793,9.892778396606445,14.671077728271484
2754,25.04305648803711,9.667325019836426,15.375731468200684
2755,24.559999465942383,12.095635414123535,12.464364051818848
2756,24.781993865966797,12.4707670211792,12.311226844787598
2757,24.893054962158203,13.351435661315918,11.541619300842285
2758,24.6200008392334,14.31370735168457,10.306293487548828
2759,24.375,16.594491958618164,7.780508041381836
2760,24.23813247680664,21.699939727783203,2.5381927490234375
2761,23.8619441986084,22.566513061523438,1.295431137084961
2762,23.771944046020508,22.21182632446289,1.5601177215576172
2763,24.228055953979492,14.441993713378906,9.786062240600586
2764,24.741270065307617,13.110119819641113,11.631150245666504
2765,25.011943817138672,12.531667709350586,12.480276107788086
2766,25.496580123901367,13.075738906860352,12.420841217041016
2767,25.7549991607666,14.183302879333496,11.571696281433105
2768,25.699264526367188,12.771388053894043,12.927876472473145
2769,25.512855529785156,13.068366050720215,12.444489479064941
2770,25.32316017150879,11.797714233398438,13.525445938110352
2771,25.008054733276367,10.584195137023926,14.423859596252441
2772,24.713539123535156,10.97060775756836,13.742931365966797
2773,24.394479751586914,11.890287399291992,12.504192352294922
2774,24.20111083984375,12.955208778381348,11.245902061462402
2775,23.966943740844727,11.376068115234375,12.590875625610352
2776,24.098888397216797,10.53407096862793,13.564817428588867
2777,24.20805549621582,11.302728652954102,12.905326843261719
2778,24.383054733276367,12.681878089904785,11.701176643371582
2779,24.60842514038086,13.706961631774902,10.901463508605957
2780,25.151588439941406,21.530357360839844,3.6212310791015625
2781,25.524261474609375,22.642183303833008,2.882078170776367
2782,25.61805534362793,22.747541427612305,2.870513916015625
2783,25.49114990234375,22.400047302246094,3.0911026000976562
2784,25.36532974243164,22.356355667114258,3.008974075317383
2785,25.63498878479004,22.857852935791016,2.7771358489990234
2786,25.87611198425293,21.83892059326172,4.037191390991211
2787,26.33762550354004,11.362665176391602,14.974960327148438
2788,26.145000457763672,9.952132225036621,16.19286823272705
2789,25.93000030517578,9.484970092773438,16.445030212402344
2790,25.655000686645508,10.386482238769531,15.268518447875977
2791,25.45111083984375,11.814544677734375,13.636566162109375
2792,25.674999237060547,11.818501472473145,13.856497764587402
2793,26.319889068603516,12.635262489318848,13.684626579284668
2794,26.988313674926758,12.461236953735352,14.527076721191406
2795,27.491111755371094,11.422296524047852,16.068815231323242
2796,27.790531158447266,12.002693176269531,15.787837982177734
2797,28.559999465942383,12.458610534667969,16.101388931274414
2798,28.87563133239746,11.37424373626709,17.50138759613037
2799,29.30898094177246,14.045321464538574,15.263659477233887
2800,29.57933807373047,21.711055755615234,7.868282318115234
2801,29.678054809570312,21.812854766845703,7.865200042724609
2802,30.003055572509766,22.44220733642578,7.560848236083984
2803,29.762454986572266,22.85080337524414,6.911651611328125
2804,29.551944732666016,22.611021041870117,6.940923690795898
2805,29.448888778686523,17.788820266723633,11.66006851196289
2806,29.280799865722656,14.348876953125,14.931922912597656
2807,29.431943893432617,12.760536193847656,16.67140769958496
2808,29.621944427490234,11.731253623962402,17.890690803527832
2809,29.57694435119629,12.803542137145996,16.773402214050293
2810,29.66571044921875,12.275010108947754,17.390700340270996
2811,29.508054733276367,12.9234619140625,16.584592819213867
2812,29.256635665893555,12.188971519470215,17.06766414642334
2813,28.8997802734375,11.242903709411621,17.65687656402588
2814,28.688480377197266,11.923136711120605,16.76534366607666
2815,28.56194496154785,12.21052074432373,16.35142421722412
2816,28.33305549621582,12.42976188659668,15.90329360961914
2817,28.41111183166504,11.126985549926758,17.28412628173828
2818,28.44277572631836,10.756643295288086,17.686132431030273
2819,28.593055725097656,11.169816017150879,17.423239707946777
2820,28.658889770507812,11.01152229309082,17.647367477416992
2821,28.919200897216797,12.199443817138672,16.719757080078125
2822,29.101110458374023,11.119532585144043,17.98157787322998
2823,28.74288558959961,9.645468711853027,19.097416877746582
2824,28.411945343017578,9.325654983520508,19.08629035949707
2825,28.17586898803711,9.144661903381348,19.03120708465576
2826,27.924999237060547,8.584274291992188,19.34072494506836
2827,27.986644744873047,10.462650299072266,17.52399444580078
2828,28.00611114501953,12.268722534179688,15.737388610839844
2829,28.13018798828125,12.710930824279785,15.419257164001465
2830,28.119861602783203,13.106271743774414,15.013589859008789
2831,27.829999923706055,13.234269142150879,14.595730781555176
2832,27.68694496154785,12.782402038574219,14.904542922973633
2833,27.663888931274414,11.552628517150879,16.111260414123535
2834,27.374238967895508,10.698596954345703,16.675642013549805
2835,27.664779663085938,10.169137954711914,17.495641708374023
2836,27.773056030273438,10.885848045349121,16.887207984924316
2837,27.856945037841797,11.641039848327637,16.21590518951416
2838,28.158889770507812,11.553387641906738,16.605502128601074
2839,28.323888778686523,14.173622131347656,14.150266647338867
2840,28.361661911010742,16.894065856933594,11.467596054077148
2841,28.46500015258789,13.115954399108887,15.349045753479004
2842,28.71506118774414,11.858689308166504,16.856371879577637
2843,28.565879821777344,12.56164836883545,16.004231452941895
2844,28.650279998779297,11.953497886657715,16.696782112121582
2845,28.776111602783203,13.472431182861328,15.303680419921875
2846,29.030160903930664,12.925838470458984,16.10432243347168
2847,29.028888702392578,12.41271686553955,16.616171836853027
2848,28.946945190429688,13.619067192077637,15.32787799835205
2849,28.70888900756836,11.946048736572266,16.762840270996094
2850,28.44611167907715,10.780527114868164,17.665584564208984
2851,28.610000610351562,12.83113956451416,15.778861045837402
2852,28.875988006591797,15.799150466918945,13.076837539672852
2853,29.029388427734375,15.04065227508545,13.988736152648926
2854,29.559999465942383,14.795683860778809,14.764315605163574
2855,29.7450008392334,17.31529426574707,12.429706573486328
2856,29.491111755371094,12.643590927124023,16.84752082824707
2857,28.937395095825195,12.946005821228027,15.991389274597168
2858,28.399700164794922,13.10142707824707,15.298273086547852
2859,28.211111068725586,15.001957893371582,13.209153175354004
2860,28.468055725097656,12.8507080078125,15.617347717285156
2861,28.841764450073242,12.503754615783691,16.33800983428955
2862,28.868919372558594,12.716761589050293,16.1521577835083
2863,28.93694496154785,11.95281982421875,16.9841251373291
2864,28.536945343017578,11.948822975158691,16.588122367858887
2865,28.253055572509766,15.656893730163574,12.596161842346191
2866,28.42284393310547,16.490686416625977,11.932157516479492
2867,28.266944885253906,12.023216247558594,16.243728637695312
2868,28.182106018066406,13.357529640197754,14.824576377868652
2869,28.0142879486084,12.499019622802734,15.515268325805664
2870,28.29122543334961,10.662261962890625,17.628963470458984
2871,28.413055419921875,10.426944732666016,17.98611068725586
2872,28.783889770507812,10.095239639282227,18.688650131225586
2873,28.70305633544922,9.573022842407227,19.130033493041992
2874,29.143888473510742,10.373286247253418,18.770602226257324
2875,28.898889541625977,11.038714408874512,17.860175132751465
2876,28.66694450378418,11.929800987243652,16.737143516540527
2877,28.473054885864258,11.283441543579102,17.189613342285156
2878,28.36281394958496,13.029786109924316,15.333027839660645
2879,28.4935302734375,14.128668785095215,14.364861488342285
2880,28.201635360717773,12.827473640441895,15.374161720275879
2881,28.38937759399414,11.599480628967285,16.789896965026855
2882,28.29194450378418,13.125529289245605,15.166415214538574
2883,28.253889083862305,13.4093599319458,14.844529151916504
2884,28.07349395751953,10.391898155212402,17.68159580230713
2885,28.036224365234375,10.511955261230469,17.524269104003906
2886,27.758060455322266,10.879446029663086,16.87861442565918
2887,28.198888778686523,9.480423927307129,18.718464851379395
2888,28.436111450195312,8.657246589660645,19.778864860534668
2889,28.248619079589844,9.217232704162598,19.031386375427246
2890,28.519960403442383,9.775253295898438,18.744707107543945
2891,28.356956481933594,10.002423286437988,18.354533195495605
2892,28.024999618530273,9.529295921325684,18.49570369720459
2893,27.636943817138672,11.12890338897705,16.50804042816162
2894,27.09000015258789,10.715763092041016,16.374237060546875
2895,26.78611183166504,9.49637222290039,17.28973960876465
2896,27.061100006103516,9.797439575195312,17.263660430908203
2897,27.452625274658203,10.143271446228027,17.309353828430176
2898,27.7764949798584,9.123764038085938,18.65273094177246
2899,27.988056182861328,10.460941314697266,17.527114868164062
2900,28.16909408569336,11.833702087402344,16.335391998291016
2901,28.41061019897461,11.248811721801758,17.16179847717285
2902,28.383888244628906,12.014153480529785,16.36973476409912
2903,28.272563934326172,9.814536094665527,18.458027839660645
2904,28.091943740844727,9.376319885253906,18.71562385559082
2905,28.05851173400879,10.40142822265625,17.65708351135254
2906,27.759031295776367,9.727768898010254,18.031262397766113
2907,27.568889617919922,12.003028869628906,15.565860748291016
2908,27.783889770507812,12.05395793914795,15.729931831359863
2909,27.293649673461914,10.302892684936523,16.99075698852539
2910,27.385000228881836,10.612679481506348,16.77232074737549
2911,27.647855758666992,11.634675025939941,16.01318073272705
2912,27.851043701171875,11.804067611694336,16.04697608947754
2913,27.653589248657227,23.310588836669922,4.343000411987305
2914,27.053054809570312,24.580081939697266,2.472972869873047
2915,27.03911018371582,24.65536880493164,2.3837413787841797
2916,27.29694366455078,23.3064022064209,3.990541458129883
2917,27.355010986328125,23.068693161010742,4.286317825317383
2918,27.407381057739258,17.32554817199707,10.081832885742188
2919,27.723339080810547,15.2257719039917,12.497567176818848
2920,27.440000534057617,12.071316719055176,15.368683815002441
2921,27.306110382080078,12.76144027709961,14.544670104980469
2922,27.581066131591797,15.185137748718262,12.395928382873535
2923,27.71500015258789,22.081897735595703,5.6331024169921875
2924,27.610950469970703,19.238483428955078,8.372467041015625
2925,27.422475814819336,23.067243576049805,4.355232238769531
2926,27.50740623474121,22.929948806762695,4.577457427978516
2927,27.456411361694336,21.740848541259766,5.71556282043457
2928,27.258535385131836,22.46954345703125,4.788991928100586
2929,27.399911880493164,22.729318618774414,4.67059326171875
2930,27.776111602783203,23.680484771728516,4.0956268310546875
2931,27.61111068725586,22.573413848876953,5.037696838378906
2932,27.856945037841797,21.867889404296875,5.989055633544922
2933,28.11577033996582,23.743284225463867,4.372486114501953
2934,28.191110610961914,22.44049644470215,5.750614166259766
2935,28.311111450195312,22.547067642211914,5.764043807983398
2936,28.341110229492188,24.10053253173828,4.240577697753906
2937,28.116361618041992,16.522174835205078,11.594186782836914
2938,28.16054916381836,22.77739143371582,5.383157730102539
2939,28.153888702392578,23.211524963378906,4.942363739013672
2940,27.948888778686523,22.771865844726562,5.177022933959961
2941,28.19611167907715,22.243741989135742,5.952369689941406
2942,28.245210647583008,22.78188133239746,5.463329315185547
2943,28.616111755371094,12.31346607208252,16.302645683288574
2944,28.363889694213867,9.706436157226562,18.657453536987305
2945,28.38888931274414,10.67725658416748,17.71163272857666
2946,28.669261932373047,10.871980667114258,17.79728126525879
2947,28.688888549804688,12.755104064941406,15.933784484863281
2948,28.63888931274414,13.630362510681152,15.008526802062988
2949,28.709125518798828,14.216355323791504,14.492770195007324
2950,28.628055572509766,15.021358489990234,13.606697082519531
2951,28.280000686645508,15.483518600463867,12.79648208618164
2952,28.2630558013916,14.514102935791016,13.748952865600586
2953,28.568889617919922,13.68215274810791,14.886736869812012
2954,28.533193588256836,14.656331062316895,13.876862525939941
2955,28.791688919067383,14.50008773803711,14.291601181030273
2956,28.78023910522461,12.851539611816406,15.928699493408203
2957,29.147254943847656,10.69749927520752,18.449755668640137
2958,29.168888092041016,10.913223266601562,18.255664825439453
2959,29.30709457397461,11.327493667602539,17.97960090637207
2960,29.139999389648438,11.519405364990234,17.620594024658203
2961,28.906110763549805,10.960147857666016,17.94596290588379
2962,28.88194465637207,11.461507797241211,17.42043685913086
2963,28.601943969726562,11.145895957946777,17.456048011779785
2964,28.55283546447754,9.696664810180664,18.856170654296875
2965,28.37388801574707,10.061012268066406,18.312875747680664
2966,28.24779510498047,10.808921813964844,17.438873291015625
2967,27.864999771118164,10.9755859375,16.889413833618164
2968,27.5,10.375313758850098,17.124686241149902
2969,27.18670082092285,11.731246948242188,15.455453872680664
2970,27.21648597717285,11.729947090148926,15.486538887023926
2971,27.27111053466797,12.401884078979492,14.869226455688477
2972,27.350000381469727,12.743820190429688,14.606180191040039
2973,27.233055114746094,10.725685119628906,16.507369995117188
2974,27.274160385131836,13.661685943603516,13.61247444152832
2975,26.948888778686523,9.882521629333496,17.066367149353027
2976,26.732736587524414,9.182369232177734,17.55036735534668
2977,26.718889236450195,9.844067573547363,16.874821662902832
2978,26.983055114746094,9.817326545715332,17.16572856903076
2979,26.96588897705078,9.9572114944458,17.00867748260498
2980,27.003055572509766,15.210884094238281,11.792171478271484
2981,26.882661819458008,10.615056037902832,16.267605781555176
2982,26.916913986206055,10.356708526611328,16.560205459594727
2983,26.94611930847168,11.9178466796875,15.02827262878418
2984,26.68000030517578,10.67650318145752,16.00349712371826
2985,26.290000915527344,10.777774810791016,15.512226104736328
2986,26.06194496154785,11.533363342285156,14.528581619262695
2987,25.874670028686523,10.804031372070312,15.070638656616211
2988,25.78561019897461,13.465863227844238,12.319746971130371
2989,25.466524124145508,13.661595344543457,11.80492877960205
2990,25.558055877685547,10.476173400878906,15.08188247680664
2991,25.88137435913086,9.684906959533691,16.196467399597168
2992,26.02056121826172,8.954374313354492,17.066186904907227
2993,25.7210693359375,8.26091480255127,17.46015453338623
2994,25.818056106567383,10.761696815490723,15.05635929107666
2995,26.011943817138672,11.738314628601074,14.273629188537598
2996,26.043275833129883,11.014922142028809,15.028353691101074
2997,25.684680938720703,11.889930725097656,13.794750213623047
2998,24.75694465637207,11.64863395690918,13.10831069946289
2999,25.163888931274414,11.177478790283203,13.986410140991211
3000,25.40691375732422,12.041887283325195,13.365026473999023
3001,25.113386154174805,12.401330947875977,12.712055206298828
3002,24.76936912536621,12.377787590026855,12.391581535339355
3003,24.767505645751953,11.339828491210938,13.427677154541016
3004,24.863056182861328,11.792223930358887,13.070832252502441
3005,24.74323844909668,11.975390434265137,12.767848014831543
3006,24.670000076293945,10.657816886901855,14.01218318939209
3007,24.568889617919922,10.31039047241211,14.258499145507812
3008,24.901229858398438,10.347633361816406,14.553596496582031
3009,25.173194885253906,11.722330093383789,13.450864791870117
3010,25.016756057739258,12.026751518249512,12.990004539489746
3011,24.733888626098633,12.549921035766602,12.183967590332031
3012,24.806110382080078,15.237712860107422,9.568397521972656
3013,24.39073944091797,12.558027267456055,11.832712173461914
3014,24.389999389648438,12.761505126953125,11.628494262695312
3015,24.65606117248535,12.511157989501953,12.144903182983398
3016,25.094999313354492,11.11943531036377,13.975564002990723
3017,25.426111221313477,23.679637908935547,1.7464733123779297
3018,25.57111167907715,22.580686569213867,2.9904251098632812
3019,25.38888931274414,10.899726867675781,14.48916244506836
3020,25.30258560180664,8.67396068572998,16.62862491607666
3021,25.451974868774414,11.407651901245117,14.044322967529297
3022,25.5049991607666,16.650177001953125,8.854822158813477
3023,25.814918518066406,21.41278648376465,4.402132034301758
3024,26.057954788208008,11.139277458190918,14.91867733001709
3025,26.142906188964844,10.518240928649902,15.624665260314941
3026,26.218889236450195,9.694552421569824,16.52433681488037
3027,26.386110305786133,9.999876976013184,16.38623332977295
3028,26.31194496154785,10.447690963745117,15.864253997802734
3029,26.421369552612305,11.421479225158691,14.999890327453613
3030,26.686111450195312,10.46985912322998,16.216252326965332
3031,26.9507999420166,16.774417877197266,10.176382064819336
3032,26.786945343017578,12.527592658996582,14.259352684020996
3033,26.807514190673828,12.72385025024414,14.083663940429688
3034,26.60388946533203,9.85370922088623,16.7501802444458
3035,26.369535446166992,10.529787063598633,15.83974838256836
3036,26.096111297607422,10.948050498962402,15.14806079864502
3037,26.16111183166504,9.619627952575684,16.541483879089355
3038,26.420000076293945,8.504708290100098,17.915291786193848
3039,26.733055114746094,8.719108581542969,18.013946533203125
3040,26.836111068725586,8.673828125,18.162282943725586
3041,27.078155517578125,8.636966705322266,18.44118881225586
3042,27.193889617919922,9.371814727783203,17.82207489013672
3043,27.481945037841797,9.717623710632324,17.764321327209473
3044,27.16694450378418,10.823866844177246,16.343077659606934
3045,27.28611183166504,11.626117706298828,15.659994125366211
3046,27.09773826599121,11.818437576293945,15.279300689697266
3047,27.283044815063477,13.623417854309082,13.659626960754395
3048,27.536945343017578,14.162007331848145,13.374938011169434
3049,27.586944580078125,12.880241394042969,14.706703186035156
3050,27.528888702392578,12.179192543029785,15.349696159362793
3051,27.443889617919922,11.549347877502441,15.89454174041748
3052,27.347793579101562,12.445647239685059,14.902146339416504
3053,27.17569923400879,12.41309928894043,14.76259994506836
3054,26.928186416625977,11.761420249938965,15.166766166687012
3055,26.981624603271484,10.98073673248291,16.000887870788574
3056,27.303316116333008,10.509281158447266,16.794034957885742
3057,27.56297492980957,10.85106372833252,16.71191120147705
3058,27.676944732666016,12.100815773010254,15.576128959655762
3059,27.719999313354492,11.254585266113281,16.46541404724121
3060,27.58888816833496,16.00294303894043,11.585945129394531
3061,27.598054885864258,12.141643524169922,15.456411361694336
3062,27.577911376953125,13.32418441772461,14.253726959228516
3063,27.483888626098633,22.336864471435547,5.147024154663086
3064,27.511943817138672,21.98306655883789,5.528877258300781
3065,27.84964942932129,22.63759422302246,5.212055206298828
3066,27.66111183166504,21.571002960205078,6.090108871459961
3067,28.338285446166992,21.752521514892578,6.585763931274414
3068,28.75111198425293,15.583894729614258,13.167217254638672
3069,29.01943588256836,13.177494049072266,15.841941833496094
3070,29.081336975097656,21.382055282592773,7.699281692504883
3071,29.284488677978516,22.43533706665039,6.849151611328125
3072,29.356945037841797,22.633710861206055,6.723234176635742
3073,28.97313117980957,23.971010208129883,5.0021209716796875
3074,28.61888885498047,25.217239379882812,3.4016494750976562
3075,28.483055114746094,23.852214813232422,4.630840301513672
3076,28.198055267333984,22.457162857055664,5.74089241027832
3077,27.809160232543945,23.62188720703125,4.187273025512695
3078,27.253055572509766,21.596782684326172,5.656272888183594
3079,26.866945266723633,22.82327651977539,4.043668746948242
3080,26.783889770507812,26.130464553833008,0.6534252166748047
3081,26.983888626098633,23.916057586669922,3.067831039428711
3082,27.165000915527344,24.447063446044922,2.717937469482422
3083,27.448360443115234,26.691347122192383,0.7570133209228516
3084,27.112918853759766,23.920515060424805,3.192403793334961
3085,26.758888244628906,23.789369583129883,2.9695186614990234
3086,26.67794418334961,24.088987350463867,2.588956832885742
3087,26.559999465942383,16.104591369628906,10.455408096313477
3088,26.613056182861328,13.302404403686523,13.310651779174805
3089,26.216943740844727,13.167434692382812,13.049509048461914
3090,26.18639373779297,10.247002601623535,15.939391136169434
3091,26.32498550415039,10.873454093933105,15.451531410217285
3092,26.716943740844727,10.074104309082031,16.642839431762695
3093,26.806110382080078,10.891898155212402,15.914212226867676
3094,26.821735382080078,8.756839752197266,18.064895629882812
3095,26.752788543701172,9.44232177734375,17.310466766357422
3096,26.856945037841797,10.468473434448242,16.388471603393555
3097,27.11805534362793,10.753801345825195,16.364253997802734
3098,27.376380920410156,12.58416748046875,14.792213439941406
3099,27.66694450378418,14.348611831665039,13.31833267211914
3100,27.89167594909668,13.979393005371094,13.912282943725586
3101,27.98586082458496,12.221720695495605,15.764140129089355
3102,28.130861282348633,11.098577499389648,17.032283782958984
3103,28.08305549621582,9.727608680725098,18.355446815490723
3104,27.976835250854492,8.879522323608398,19.097312927246094
3105,28.094999313354492,9.848189353942871,18.24680995941162
3106,28.116111755371094,9.504569053649902,18.61154270172119
3107,28.141111373901367,11.881949424743652,16.259161949157715
3108,28.099239349365234,11.657864570617676,16.44137477874756
3109,28.081912994384766,12.852249145507812,15.229663848876953
3110,28.25541114807129,12.288555145263672,15.966856002807617
3111,28.287086486816406,10.495548248291016,17.79153823852539
3112,28.203887939453125,11.313840866088867,16.890047073364258
3113,28.356111526489258,14.733933448791504,13.622178077697754
3114,27.86238670349121,19.29204559326172,8.570341110229492
3115,28.848054885864258,21.86691665649414,6.981138229370117
3116,29.011110305786133,22.468976974487305,6.542133331298828
3117,28.98979949951172,22.361438751220703,6.628360748291016
3118,28.88194465637207,22.04307746887207,6.8388671875
3119,28.95888900756836,22.628332138061523,6.330556869506836
3120,29.2182559967041,21.937450408935547,7.280805587768555
3121,29.670719146728516,23.98126792907715,5.689451217651367
3122,30.081111907958984,22.18963623046875,7.891475677490234
3123,30.136943817138672,22.397647857666016,7.739295959472656
3124,29.99216079711914,21.720571517944336,8.271589279174805
3125,29.871110916137695,21.8649845123291,8.006126403808594
3126,29.690000534057617,22.759910583496094,6.930089950561523
3127,29.276945114135742,22.517932891845703,6.759012222290039
3128,29.703819274902344,23.320066452026367,6.383752822875977
3129,29.38194465637207,21.984201431274414,7.397743225097656
3130,29.293888092041016,23.527864456176758,5.766023635864258
3131,29.332889556884766,21.445362091064453,7.8875274658203125
3132,29.072505950927734,21.779237747192383,7.293268203735352
3133,28.708650588989258,12.669279098510742,16.039371490478516
3134,28.794137954711914,12.133679389953613,16.6604585647583
3135,28.81553840637207,12.351658821105957,16.463879585266113
3136,28.77240562438965,11.31126880645752,17.46113681793213
3137,28.158889770507812,12.106817245483398,16.052072525024414
3138,28.108888626098633,11.803773880004883,16.30511474609375
3139,27.816944122314453,11.39525318145752,16.421690940856934
3140,27.231945037841797,10.76425838470459,16.467686653137207
3141,26.621944427490234,12.754610061645508,13.867334365844727
3142,26.081111907958984,12.073500633239746,14.007611274719238
3143,25.610530853271484,11.27360725402832,14.336923599243164
3144,25.09245491027832,10.95364761352539,14.13880729675293
3145,24.8255615234375,10.373544692993164,14.452016830444336
3146,25.11111068725586,10.89454174041748,14.216568946838379
3147,25.174999237060547,10.750726699829102,14.424272537231445
3148,24.988056182861328,10.331783294677734,14.656272888183594
3149,24.675830841064453,11.159639358520508,13.516191482543945
3150,24.579999923706055,10.800196647644043,13.779803276062012
3151,24.288055419921875,10.290414810180664,13.997640609741211
3152,23.871110916137695,8.752918243408203,15.118192672729492
3153,23.475000381469727,9.512243270874023,13.962757110595703
3154,23.06052017211914,8.783774375915527,14.276745796203613
3155,22.979999542236328,8.408369064331055,14.571630477905273
3156,23.445680618286133,9.033060073852539,14.412620544433594
3157,23.36111068725586,9.0067720413208,14.354338645935059
3158,23.10148811340332,8.773370742797852,14.328117370605469
3159,22.80388832092285,9.955241203308105,12.848647117614746
3160,22.4908447265625,10.584877967834473,11.905966758728027
3161,22.556110382080078,10.493412017822266,12.062698364257812
3162,23.0177059173584,10.921916961669922,12.095788955688477
3163,23.734739303588867,11.058296203613281,12.676443099975586
3164,23.89611053466797,12.239456176757812,11.656654357910156
3165,23.910985946655273,10.061447143554688,13.849538803100586
3166,23.520000457763672,11.78260612487793,11.737394332885742
3167,23.198394775390625,10.825246810913086,12.373147964477539
3168,23.33388900756836,11.459632873535156,11.874256134033203
3169,23.812814712524414,9.8104887008667,14.002326011657715
3170,24.059999465942383,8.715096473693848,15.344902992248535
3171,24.128639221191406,9.984906196594238,14.143733024597168
3172,23.933889389038086,10.920018196105957,13.013871192932129
3173,23.968177795410156,11.06279468536377,12.905383110046387
3174,24.09381866455078,10.990361213684082,13.1034574508667
3175,23.920000076293945,9.710763931274414,14.209236145019531
3176,23.66476058959961,11.317255020141602,12.347505569458008
3177,23.711280822753906,10.162229537963867,13.549051284790039
3178,24.10363006591797,10.211474418640137,13.892155647277832
3179,24.094999313354492,10.697809219360352,13.39719009399414
3180,24.233144760131836,11.757379531860352,12.475765228271484
3181,24.20194435119629,12.393515586853027,11.808428764343262
3182,23.96792984008789,12.309731483459473,11.658198356628418
3183,23.543405532836914,13.053525924682617,10.489879608154297
3184,23.647586822509766,11.549036979675293,12.098549842834473
3185,23.358055114746094,9.419574737548828,13.938480377197266
3186,23.488889694213867,9.118818283081055,14.370071411132812
3187,23.996110916137695,9.21070384979248,14.785407066345215
3188,24.431110382080078,8.577144622802734,15.853965759277344
3189,24.2612361907959,9.876477241516113,14.384758949279785
3190,23.9869441986084,9.890941619873047,14.096002578735352
3191,24.018888473510742,10.669774055480957,13.349114418029785
3192,24.207019805908203,10.69247055053711,13.514549255371094
3193,24.578224182128906,10.941325187683105,13.6368989944458
3194,24.556110382080078,10.993854522705078,13.562255859375
3195,24.46388816833496,11.110661506652832,13.353226661682129
3196,24.858055114746094,10.592487335205078,14.265567779541016
3197,25.02111053466797,9.514840126037598,15.506270408630371
3198,24.67667579650879,9.542640686035156,15.134035110473633
3199,24.273536682128906,9.692687034606934,14.580849647521973
3200,24.04805564880371,11.383715629577637,12.664340019226074
3201,23.871110916137695,10.927799224853516,12.94331169128418
3202,23.58194351196289,15.1038236618042,8.478119850158691
3203,23.450010299682617,10.249307632446289,13.200702667236328
3204,23.163888931274414,11.081348419189453,12.082540512084961
3205,22.682464599609375,10.8889741897583,11.793490409851074
3206,22.15545082092285,9.923128128051758,12.232322692871094
3207,21.57770538330078,10.789311408996582,10.7883939743042
3208,21.218969345092773,9.838679313659668,11.380290031433105
3209,21.279464721679688,11.231376647949219,10.048088073730469
3210,22.00611114501953,11.702902793884277,10.303208351135254
3211,22.632543563842773,10.750446319580078,11.882097244262695
3212,22.551111221313477,11.001291275024414,11.549819946289062
3213,22.913055419921875,11.024279594421387,11.888775825500488
3214,23.193889617919922,10.28670883178711,12.907180786132812
3215,23.238056182861328,10.687482833862305,12.550573348999023
3216,23.110000610351562,9.429737091064453,13.68026351928711
3217,22.954519271850586,9.567285537719727,13.38723373413086
3218,22.703887939453125,9.708157539367676,12.99573040008545
3219,22.633989334106445,9.277348518371582,13.356640815734863
3220,22.511110305786133,9.076857566833496,13.434252738952637
3221,22.773889541625977,11.108600616455078,11.665288925170898
3222,23.358055114746094,11.092964172363281,12.265090942382812
3223,23.75031852722168,12.386117935180664,11.364200592041016
3224,24.07111167907715,11.39677619934082,12.674335479736328
3225,24.431110382080078,11.809401512145996,12.621708869934082
3226,24.551944732666016,11.434642791748047,13.117301940917969
3227,24.6679630279541,10.76876449584961,13.899198532104492
3228,24.434999465942383,11.166631698608398,13.268367767333984
3229,24.29305648803711,11.638505935668945,12.654550552368164
3230,24.308889389038086,10.840184211730957,13.468705177307129
3231,24.316110610961914,11.266770362854004,13.04934024810791
3232,24.523889541625977,11.077051162719727,13.44683837890625
3233,24.372295379638672,11.379779815673828,12.992515563964844
3234,24.565000534057617,11.882193565368652,12.682806968688965
3235,24.461111068725586,12.806395530700684,11.654715538024902
3236,24.38800621032715,22.166553497314453,2.2214527130126953
3237,24.314720153808594,26.151283264160156,1.8365631103515625
3238,24.258888244628906,25.944202423095703,1.6853141784667969
3239,24.4862117767334,27.25922393798828,2.773012161254883
3240,24.973594665527344,28.344697952270508,3.371103286743164
3241,25.58866310119629,29.78837013244629,4.19970703125
3242,25.924999237060547,29.509620666503906,3.5846214294433594
3243,26.093889236450195,28.30374526977539,2.2098560333251953
3244,26.215829849243164,21.876436233520508,4.339393615722656
3245,26.06194496154785,14.264298439025879,11.797646522521973
3246,25.876468658447266,12.089582443237305,13.786886215209961
3247,25.791614532470703,10.748947143554688,15.042667388916016
3248,25.903888702392578,10.307062149047852,15.596826553344727
3249,26.028888702392578,23.0334529876709,2.9954357147216797
3250,26.433055877685547,21.892507553100586,4.540548324584961
3251,26.88888931274414,17.320253372192383,9.568635940551758
3252,27.04568099975586,15.163207054138184,11.882473945617676
3253,26.858888626098633,18.131946563720703,8.72694206237793
3254,26.729949951171875,12.216947555541992,14.513002395629883
3255,27.03445053100586,11.569457054138184,15.464993476867676
3256,27.372314453125,12.575815200805664,14.796499252319336
3257,27.558879852294922,12.686341285705566,14.872538566589355
3258,27.758054733276367,12.67126750946045,15.086787223815918
3259,27.97498893737793,13.355559349060059,14.619429588317871
3260,28.283056259155273,14.970911979675293,13.31214427947998
3261,28.40999984741211,21.832027435302734,6.577972412109375
3262,28.485000610351562,21.367385864257812,7.11761474609375
3263,28.741119384765625,18.09099006652832,10.650129318237305
3264,28.64626121520996,13.439313888549805,15.206947326660156
3265,28.565975189208984,13.525856971740723,15.040118217468262
3266,28.261110305786133,12.133423805236816,16.127686500549316
3267,28.386280059814453,12.798721313476562,15.58755874633789
3268,28.459238052368164,14.245281219482422,14.213956832885742
3269,28.601764678955078,14.419108390808105,14.182656288146973
3270,28.671112060546875,15.946939468383789,12.724172592163086
3271,28.89611053466797,18.229703903198242,10.666406631469727
3272,28.758888244628906,13.329060554504395,15.429827690124512
3273,28.55764389038086,12.158848762512207,16.398795127868652
3274,28.558055877685547,11.198087692260742,17.359968185424805
3275,28.89611053466797,10.831459045410156,18.064651489257812
3276,28.875,9.19902515411377,19.67597484588623
3277,29.081111907958984,9.189661026000977,19.891450881958008
3278,28.943889617919922,8.571812629699707,20.372076988220215
3279,28.633649826049805,9.404985427856445,19.22866439819336
3280,28.45194435119629,9.797382354736328,18.65456199645996
3281,28.163888931274414,10.849403381347656,17.314485549926758
3282,28.06406021118164,12.920562744140625,15.143497467041016
3283,27.954999923706055,17.080684661865234,10.87431526184082
3284,27.89611053466797,24.043392181396484,3.8527183532714844
3285,28.01508903503418,21.30719566345215,6.707893371582031
3286,28.290000915527344,10.392335891723633,17.89766502380371
3287,28.437335968017578,9.089902877807617,19.34743309020996
3288,28.573055267333984,9.254796028137207,19.318259239196777
3289,28.62233543395996,10.1033296585083,18.51900577545166
3290,28.5130558013916,11.541854858398438,16.971200942993164
3291,28.67426109313965,10.9716157913208,17.702645301818848
3292,28.898056030273438,10.110105514526367,18.78795051574707
3293,29.06999969482422,9.472860336303711,19.597139358520508
3294,29.195711135864258,9.41816520690918,19.777545928955078
3295,29.193889617919922,9.560345649719238,19.633543968200684
3296,29.067094802856445,10.214604377746582,18.852490425109863
3297,28.820899963378906,8.931037902832031,19.889862060546875
3298,28.97321891784668,9.715055465698242,19.258163452148438
3299,28.94076919555664,10.509528160095215,18.431241035461426
3300,28.74888801574707,10.783452033996582,17.96543598175049
3301,28.281110763549805,11.837310791015625,16.44379997253418
3302,28.188013076782227,12.459271430969238,15.728741645812988
3303,28.23147964477539,11.877179145812988,16.354300498962402
3304,28.208881378173828,10.80850887298584,17.40037250518799
3305,28.073238372802734,10.907857894897461,17.165380477905273
3306,27.803224563598633,9.446697235107422,18.35652732849121
3307,27.681943893432617,9.610818862915039,18.071125030517578
3308,27.801111221313477,9.61571216583252,18.185399055480957
3309,27.847705841064453,8.875848770141602,18.97185707092285
3310,28.055768966674805,8.387383460998535,19.66838550567627
3311,28.07360076904297,9.227164268493652,18.846436500549316
3312,28.06194496154785,10.134842872619629,17.927102088928223
3313,27.698888778686523,9.966689109802246,17.732199668884277
3314,27.801111221313477,10.263961791992188,17.53714942932129
3315,27.77344512939453,10.920778274536133,16.8526668548584
3316,27.92093849182129,10.858220100402832,17.062718391418457
3317,27.838970184326172,11.851130485534668,15.987839698791504
3318,27.42833137512207,10.454996109008789,16.97333526611328
3319,27.193889617919922,9.733150482177734,17.460739135742188
3320,26.941110610961914,10.371699333190918,16.569411277770996
3321,26.92194366455078,10.638605117797852,16.28333854675293
3322,26.206714630126953,11.515528678894043,14.69118595123291
3323,25.77348518371582,10.563438415527344,15.210046768188477
3324,25.8619441986084,9.33785629272461,16.52408790588379
3325,25.556110382080078,8.739388465881348,16.81672191619873
3326,25.633054733276367,9.80346965789795,15.829585075378418
3327,25.854969024658203,8.860864639282227,16.994104385375977
3328,26.15528106689453,9.451069831848145,16.704211235046387
3329,26.44945526123047,9.992382049560547,16.457073211669922
3330,26.636943817138672,10.876104354858398,15.760839462280273
3331,26.75611114501953,9.541043281555176,17.215067863464355
3332,26.718067169189453,9.509932518005371,17.208134651184082
3333,26.518510818481445,10.206551551818848,16.311959266662598
3334,26.1119441986084,9.851706504821777,16.26023769378662
3335,25.8619441986084,10.782763481140137,15.079180717468262
3336,25.40999984741211,10.15800666809082,15.251993179321289
3337,25.43759536743164,9.569032669067383,15.868562698364258
3338,25.913888931274414,9.494818687438965,16.41907024383545
3339,26.00694465637207,10.099004745483398,15.907939910888672
3340,26.356111526489258,11.52093505859375,14.835176467895508
3341,26.777494430541992,10.211503028869629,16.565991401672363
3342,26.424280166625977,17.919652938842773,8.504627227783203
3343,26.75111198425293,10.471244812011719,16.27986717224121
3344,26.771944046020508,10.05111026763916,16.720833778381348
3345,27.113094329833984,22.08952522277832,5.023569107055664
3346,27.015939712524414,19.4412841796875,7.574655532836914
3347,27.411945343017578,15.112425804138184,12.299519538879395
3348,27.696945190429688,10.979862213134766,16.717082977294922
3349,27.59648895263672,10.194852828979492,17.401636123657227
3350,27.934999465942383,9.782243728637695,18.152755737304688
3351,27.873056411743164,10.796552658081055,17.07650375366211
3352,27.647367477416992,9.353153228759766,18.294214248657227
3353,27.881149291992188,12.303060531616211,15.578088760375977
3354,28.309099197387695,19.262592315673828,9.046506881713867
3355,28.38194465637207,18.723487854003906,9.658456802368164
3356,28.373939514160156,13.260872840881348,15.113066673278809
3357,28.225000381469727,13.036258697509766,15.188741683959961
3358,28.18000030517578,12.21175479888916,15.968245506286621
3359,27.92194366455078,12.380558967590332,15.54138469696045
3360,27.92305564880371,14.565474510192871,13.35758113861084
3361,28.13689422607422,13.38970947265625,14.747184753417969
3362,28.21091079711914,14.95813274383545,13.252778053283691
3363,28.20064926147461,13.834039688110352,14.366609573364258
3364,28.389999389648438,14.229270935058594,14.160728454589844
3365,28.33305549621582,15.069371223449707,13.263684272766113
3366,28.636943817138672,18.714651107788086,9.922292709350586
3367,28.591943740844727,23.0128231048584,5.579120635986328
3368,28.334999084472656,22.699438095092773,5.635560989379883
3369,28.261943817138672,22.812015533447266,5.449928283691406
3370,28.894750595092773,22.594289779663086,6.3004608154296875
3371,29.03611183166504,22.191673278808594,6.844438552856445
3372,29.2549991607666,19.860334396362305,9.394664764404297
3373,29.465869903564453,22.551851272583008,6.914018630981445
3374,29.746244430541992,15.778221130371094,13.968023300170898
3375,29.8251895904541,15.221686363220215,14.603503227233887
3376,30.09902000427246,15.275038719177246,14.823981285095215
3377,30.306110382080078,14.765342712402344,15.540767669677734
3378,30.04694366455078,13.625493049621582,16.4214506149292
3379,29.596111297607422,11.128382682800293,18.46772861480713
3380,29.415081024169922,10.844156265258789,18.570924758911133
3381,29.891111373901367,9.876646041870117,20.01446533203125
3382,30.1033935546875,9.014524459838867,21.088869094848633
3383,29.74496078491211,9.542672157287598,20.20228862762451
3384,29.20111083984375,9.868629455566406,19.332481384277344
3385,28.823888778686523,11.361483573913574,17.46240520477295
3386,28.836944580078125,14.402156829833984,14.43478775024414
3387,28.450000762939453,14.91604995727539,13.533950805664062
3388,28.0675048828125,21.781728744506836,6.285776138305664
3389,27.568056106567383,14.428159713745117,13.139896392822266
3390,27.543960571289062,9.9650297164917,17.578930854797363
3391,27.801111221313477,10.53149127960205,17.269619941711426
3392,28.197681427001953,8.933934211730957,19.263747215270996
3393,28.393054962158203,8.951034545898438,19.442020416259766
3394,28.121110916137695,9.89126205444336,18.229848861694336
3395,27.713212966918945,9.899039268493652,17.814173698425293
3396,27.321945190429688,8.777572631835938,18.54437255859375
3397,27.443889617919922,8.911405563354492,18.53248405456543
3398,27.283889770507812,9.422688484191895,17.861201286315918
3399,26.8799991607666,9.492194175720215,17.387804985046387
3400,26.891111373901367,9.436453819274902,17.454657554626465
3401,26.95805549621582,10.26450252532959,16.69355297088623
3402,27.156110763549805,11.914999961853027,15.241110801696777
3403,27.483888626098633,19.299890518188477,8.183998107910156
3404,27.34150505065918,15.303155899047852,12.038349151611328
3405,27.281944274902344,20.7662296295166,6.515714645385742
3406,27.571319580078125,21.240629196166992,6.330690383911133
3407,27.704811096191406,23.83261489868164,3.8721961975097656
3408,27.58466148376465,25.32958221435547,2.2550792694091797
3409,27.231111526489258,23.059518814086914,4.171592712402344
3410,26.765880584716797,23.999921798706055,2.765958786010742
3411,26.498868942260742,23.686555862426758,2.8123130798339844
3412,26.663055419921875,18.506235122680664,8.156820297241211
3413,26.418888092041016,22.82911491394043,3.589773178100586
3414,25.95305633544922,22.328201293945312,3.6248550415039062
3415,26.033889770507812,22.981544494628906,3.0523452758789062
3416,26.248056411743164,23.68196678161621,2.566089630126953
3417,26.285831451416016,23.23371124267578,3.0521202087402344
3418,25.89383888244629,12.557270050048828,13.336568832397461
3419,25.86087417602539,11.637982368469238,14.222891807556152
3420,25.878543853759766,11.58716106414795,14.291382789611816
3421,26.211111068725586,11.79629135131836,14.414819717407227
3422,26.351943969726562,11.970560073852539,14.381383895874023
3423,26.181804656982422,12.697080612182617,13.484724044799805
3424,25.948055267333984,10.106900215148926,15.841155052185059
3425,26.17242431640625,10.478940963745117,15.693483352661133
3426,26.226110458374023,10.595401763916016,15.630708694458008
3427,26.216636657714844,11.704313278198242,14.512323379516602
3428,26.32782554626465,10.074302673339844,16.253522872924805
3429,26.538055419921875,10.403648376464844,16.13440704345703
3430,26.70669937133789,11.3441162109375,15.36258316040039
3431,26.628055572509766,10.703551292419434,15.924504280090332
3432,27.113731384277344,12.140663146972656,14.973068237304688
3433,27.228055953979492,14.544637680053711,12.683418273925781
3434,27.280000686645508,21.146942138671875,6.133058547973633
3435,26.886943817138672,21.59868812561035,5.28825569152832
3436,27.016944885253906,23.044862747192383,3.9720821380615234
3437,26.843889236450195,23.254962921142578,3.588926315307617
3438,26.521944046020508,22.512195587158203,4.009748458862305
3439,26.12180519104004,22.127634048461914,3.994171142578125
3440,26.133899688720703,22.514728546142578,3.619171142578125
3441,26.276111602783203,22.59097671508789,3.6851348876953125
3442,26.30133056640625,23.69125747680664,2.6100730895996094
3443,26.024999618530273,23.32516860961914,2.699831008911133
3444,25.80157470703125,23.551557540893555,2.2500171661376953
3445,25.512685775756836,22.98520278930664,2.5274829864501953
3446,25.623056411743164,23.707582473754883,1.9154739379882812
3447,25.538055419921875,23.908708572387695,1.6293468475341797
3448,25.741111755371094,23.640785217285156,2.1003265380859375
3449,26.08305549621582,23.592636108398438,2.490419387817383
3450,25.884429931640625,23.496118545532227,2.3883113861083984
3451,25.82111167907715,23.321876525878906,2.499235153198242
3452,26.136661529541016,23.275564193725586,2.8610973358154297
3453,26.226186752319336,24.029582977294922,2.196603775024414
3454,26.207763671875,24.45596694946289,1.7517967224121094
3455,26.28611183166504,23.946081161499023,2.3400306701660156
3456,26.347675323486328,26.335914611816406,0.011760711669921875
3457,26.496000289916992,25.620834350585938,0.8751659393310547
3458,26.688888549804688,24.356191635131836,2.3326969146728516
3459,26.318889617919922,22.55060577392578,3.7682838439941406
3460,25.88194465637207,13.511852264404297,12.370092391967773
3461,25.6668758392334,10.382832527160645,15.284043312072754
3462,25.90691375732422,10.089644432067871,15.817269325256348
3463,26.16380500793457,9.578964233398438,16.584840774536133
3464,26.646018981933594,10.301127433776855,16.34489154815674
3465,26.854999542236328,10.43350601196289,16.421493530273438
3466,27.121944427490234,10.912352561950684,16.20959186553955
3467,27.246110916137695,10.490080833435059,16.756030082702637
3468,27.760000228881836,11.460663795471191,16.299336433410645
3469,28.193056106567383,11.25728988647461,16.935766220092773
3470,27.853055953979492,17.24092674255371,10.612129211425781
3471,27.735000610351562,22.521085739135742,5.21391487121582
3472,27.318889617919922,24.046186447143555,3.272703170776367
3473,26.95805549621582,24.71014976501465,2.247905731201172
3474,26.684999465942383,25.486095428466797,1.198904037475586
3475,26.77876853942871,24.55404281616211,2.2247257232666016
3476,26.646944046020508,25.10650062561035,1.5404434204101562
3477,26.298330307006836,25.88568878173828,0.4126415252685547
3478,26.18056869506836,24.033466339111328,2.1471023559570312
3479,26.259599685668945,22.0942325592041,4.165367126464844
3480,26.260700225830078,14.203499794006348,12.05720043182373
3481,26.1961612701416,10.999670028686523,15.196491241455078
3482,26.439788818359375,9.433881759643555,17.00590705871582
3483,26.649669647216797,10.610742568969727,16.03892707824707
3484,26.38888931274414,9.722830772399902,16.66605854034424
3485,26.73323631286621,9.09603214263916,17.63720417022705
3486,26.890729904174805,9.139451026916504,17.7512788772583
3487,26.45888900756836,9.614997863769531,16.843891143798828
3488,26.29210090637207,12.334003448486328,13.958097457885742
3489,26.573888778686523,21.23576545715332,5.338123321533203
3490,26.41611099243164,23.09738540649414,3.3187255859375
3491,26.273889541625977,17.952129364013672,8.321760177612305
3492,26.654781341552734,10.835756301879883,15.819025039672852
3493,26.386110305786133,10.481375694274902,15.90473461151123
3494,26.356229782104492,9.526021003723145,16.830208778381348
3495,26.140674591064453,9.488947868347168,16.651726722717285
3496,25.86506462097168,8.942246437072754,16.922818183898926
3497,26.070011138916016,9.07978630065918,16.990224838256836
3498,26.57111167907715,9.184289932250977,17.386821746826172
3499,26.771825790405273,8.916047096252441,17.855778694152832
3500,26.608888626098633,10.199764251708984,16.40912437438965
3501,26.60388946533203,9.371113777160645,17.232775688171387
3502,26.556943893432617,10.092708587646484,16.464235305786133
3503,26.938194274902344,9.842288970947266,17.095905303955078
3504,26.858888626098633,9.472393989562988,17.386494636535645
3505,26.9606990814209,9.368895530700684,17.591803550720215
3506,26.768054962158203,11.730813026428223,15.03724193572998
3507,26.95928955078125,13.732926368713379,13.226363182067871
3508,26.783889770507812,19.20640754699707,7.577482223510742
3509,26.67194366455078,12.21229362487793,14.459650039672852
3510,26.737655639648438,11.950846672058105,14.786808967590332
3511,27.021289825439453,10.129596710205078,16.891693115234375
3512,27.174169540405273,9.563996315002441,17.610173225402832
3513,27.341110229492188,12.591376304626465,14.749733924865723
3514,27.165000915527344,20.009737014770508,7.155263900756836
3515,26.85388946533203,22.1729679107666,4.68092155456543
3516,26.656850814819336,24.038095474243164,2.618755340576172
3517,27.04194450378418,24.172874450683594,2.869070053100586
3518,27.593055725097656,22.56692123413086,5.026134490966797
3519,27.539669036865234,24.051952362060547,3.4877166748046875
3520,27.29111099243164,23.704402923583984,3.5867080688476562
3521,26.92888832092285,24.255327224731445,2.6735610961914062
3522,26.34797477722168,26.748422622680664,0.4004478454589844
3523,25.996944427490234,26.143949508666992,0.1470050811767578
3524,25.672988891601562,26.529035568237305,0.8560466766357422
3525,25.671112060546875,26.83268165588379,1.161569595336914
3526,25.945880889892578,22.92658233642578,3.019298553466797
3527,26.161945343017578,14.900642395019531,11.261302947998047
3528,26.018888473510742,12.052066802978516,13.966821670532227
3529,26.03499984741211,10.529093742370605,15.505906105041504
3530,26.325000762939453,11.478911399841309,14.846089363098145
3531,25.899999618530273,10.511685371398926,15.388314247131348
3532,25.610000610351562,10.19809341430664,15.411907196044922
3533,25.30500030517578,10.152099609375,15.152900695800781
3534,25.068889617919922,12.580466270446777,12.488423347473145
3535,25.266944885253906,20.162803649902344,5.1041412353515625
3536,25.06305503845215,24.199729919433594,0.8633251190185547
3537,25.13297462463379,24.916519165039062,0.21645545959472656
3538,25.461389541625977,24.755146026611328,0.7062435150146484
3539,25.45033836364746,23.49082374572754,1.9595146179199219
3540,25.475830078125,24.099590301513672,1.3762397766113281
3541,25.778888702392578,23.201887130737305,2.5770015716552734
3542,25.906944274902344,23.502565383911133,2.404378890991211
3543,26.645000457763672,23.6734676361084,2.9715328216552734
3544,26.854310989379883,23.67178726196289,3.182523727416992
3545,26.569019317626953,23.297788619995117,3.271230697631836
3546,26.57805633544922,25.21464729309082,1.3634090423583984
3547,26.391481399536133,24.76959800720215,1.6218833923339844
3548,26.23134422302246,24.587316513061523,1.6440277099609375
3549,26.108055114746094,23.76594352722168,2.342111587524414
3550,26.136110305786133,22.790456771850586,3.345653533935547
3551,26.198055267333984,20.567211151123047,5.6308441162109375
3552,26.210100173950195,19.574644088745117,6.635456085205078
3553,26.071945190429688,21.763031005859375,4.3089141845703125
3554,25.85516929626465,12.887041091918945,12.968128204345703
3555,25.772724151611328,11.953051567077637,13.819672584533691
3556,25.54805564880371,13.072443008422852,12.47561264038086
3557,25.575000762939453,15.610363006591797,9.964637756347656
3558,25.50111961364746,20.415414810180664,5.085704803466797
3559,25.81866455078125,23.353055953979492,2.465608596801758
3560,26.445730209350586,23.93378448486328,2.5119457244873047
3561,26.684999465942383,23.922639846801758,2.762359619140625
3562,26.481945037841797,23.554771423339844,2.927173614501953
3563,26.29888916015625,22.931371688842773,3.3675174713134766
3564,26.02241325378418,23.588714599609375,2.4336986541748047
3565,25.741111755371094,22.875656127929688,2.8654556274414062
3566,25.63111114501953,22.63345718383789,2.9976539611816406
3567,25.68814468383789,19.811586380004883,5.876558303833008
3568,26.172405242919922,12.585489273071289,13.586915969848633
3569,26.576400756835938,10.650827407836914,15.925573348999023
3570,26.689210891723633,11.406428337097168,15.282782554626465
3571,26.536714553833008,20.258724212646484,6.277990341186523
3572,26.744888305664062,23.160125732421875,3.5847625732421875
3573,26.89611053466797,23.312793731689453,3.5833168029785156
3574,26.69182586669922,23.60791015625,3.0839157104492188
3575,26.476110458374023,23.42229652404785,3.053813934326172
3576,26.373811721801758,23.299541473388672,3.074270248413086
3577,26.5208797454834,22.513669967651367,4.007209777832031
3578,26.425222396850586,22.978612899780273,3.4466094970703125
3579,26.151111602783203,23.256088256835938,2.8950233459472656
3580,25.946945190429688,22.76445198059082,3.182493209838867
3581,25.675989151000977,23.22039031982422,2.455598831176758
3582,25.841766357421875,23.99369239807129,1.848073959350586
3583,26.139999389648438,23.932939529418945,2.207059860229492
3584,26.433799743652344,23.061748504638672,3.372051239013672
3585,26.348054885864258,23.31070327758789,3.037351608276367
3586,26.24769401550293,22.921110153198242,3.3265838623046875
3587,26.094999313354492,22.76937484741211,3.325624465942383
3588,26.06194496154785,23.136075973510742,2.9258689880371094
3589,25.9597110748291,22.90011215209961,3.059598922729492
3590,26.096111297607422,22.575542449951172,3.52056884765625
3591,26.13888931274414,22.529909133911133,3.608980178833008
3592,26.052614212036133,15.078771591186523,10.97384262084961
3593,26.20111083984375,9.97461223602295,16.2264986038208
3594,26.493711471557617,10.037229537963867,16.45648193359375
3595,26.28499984741211,9.4885835647583,16.79641628265381
3596,26.401613235473633,8.781253814697266,17.620359420776367
3597,26.246118545532227,9.790170669555664,16.455947875976562
3598,26.573888778686523,9.644282341003418,16.929606437683105
3599,26.860660552978516,10.501920700073242,16.358739852905273
3600,27.103055953979492,10.418487548828125,16.684568405151367
3601,27.36893081665039,12.468413352966309,14.900517463684082
3602,27.29805564880371,12.775524139404297,14.522531509399414
3603,27.726943969726562,11.282408714294434,16.44453525543213
3604,27.809999465942383,21.774127960205078,6.035871505737305
3605,27.820980072021484,12.37377643585205,15.447203636169434
3606,27.86888885498047,9.726114273071289,18.14277458190918
3607,28.210731506347656,9.548683166503906,18.66204833984375
3608,28.613889694213867,9.337248802185059,19.27664089202881
3609,28.6380558013916,8.903736114501953,19.73431968688965
3610,28.528888702392578,8.765841484069824,19.763047218322754
3611,28.78611183166504,9.041668891906738,19.7444429397583
3612,28.55381965637207,9.141077041625977,19.412742614746094
3613,28.655000686645508,10.000835418701172,18.654165267944336
3614,28.263988494873047,10.440247535705566,17.82374095916748
3615,27.95863914489746,11.78421401977539,16.17442512512207
3616,27.757369995117188,12.840591430664062,14.916778564453125
3617,27.8832950592041,11.382124900817871,16.50117015838623
3618,27.997743606567383,11.907963752746582,16.0897798538208
3619,27.7369441986084,10.10264778137207,17.634296417236328
3620,27.57338523864746,10.796554565429688,16.776830673217773
3621,27.731945037841797,11.967345237731934,15.764599800109863
3622,27.80072021484375,10.746493339538574,17.054226875305176
3623,28.036020278930664,9.58273983001709,18.453280448913574
3624,28.57438087463379,8.410455703735352,20.163925170898438
3625,28.39611053466797,9.32657527923584,19.06953525543213
3626,28.530593872070312,10.264286994934082,18.26630687713623
3627,28.216794967651367,10.65575885772705,17.561036109924316
3628,28.09000015258789,15.20691204071045,12.883088111877441
3629,28.291118621826172,21.241914749145508,7.049203872680664
3630,28.155569076538086,18.284870147705078,9.870698928833008
3631,27.70067024230957,12.171114921569824,15.529555320739746
3632,27.384031295776367,18.080646514892578,9.303384780883789
3633,26.873918533325195,9.846989631652832,17.026928901672363
3634,26.626943588256836,15.67093563079834,10.956007957458496
3635,26.796112060546875,22.226926803588867,4.569185256958008
3636,26.948055267333984,22.254104614257812,4.693950653076172
3637,26.72888946533203,23.544862747192383,3.1840267181396484
3638,26.71500015258789,23.945512771606445,2.7694873809814453
3639,26.761289596557617,24.690271377563477,2.0710182189941406
3640,27.059412002563477,21.266700744628906,5.79271125793457
3641,26.89658546447754,21.32080841064453,5.575777053833008
3642,26.59046173095703,21.392000198364258,5.198461532592773
3643,26.274438858032227,22.43186378479004,3.8425750732421875
3644,26.097305297851562,24.138275146484375,1.9590301513671875
3645,26.508054733276367,24.806596755981445,1.7014579772949219
3646,26.946537017822266,24.304452896118164,2.6420841217041016
3647,26.823888778686523,26.422443389892578,0.4014453887939453
3648,26.978055953979492,26.748584747314453,0.22947120666503906
3649,26.763580322265625,25.65743637084961,1.1061439514160156
3650,26.32611083984375,25.01304817199707,1.3130626678466797
3651,26.0130558013916,22.332555770874023,3.680500030517578
3652,25.880861282348633,24.005855560302734,1.8750057220458984
3653,25.764999389648438,23.826753616333008,1.9382457733154297
3654,25.801944732666016,26.722219467163086,0.9202747344970703
3655,25.864912033081055,27.066768646240234,1.2018566131591797
3656,25.996944427490234,26.037012100219727,0.04006767272949219
3657,25.47456169128418,25.232376098632812,0.2421855926513672
3658,25.551111221313477,25.462678909301758,0.08843231201171875
3659,26.15761947631836,24.456159591674805,1.7014598846435547
3660,26.016944885253906,23.712608337402344,2.3043365478515625
3661,26.260000228881836,23.128372192382812,3.1316280364990234
3662,26.225969314575195,21.662473678588867,4.563495635986328
3663,26.448055267333984,23.032197952270508,3.4158573150634766
3664,26.516944885253906,20.036476135253906,6.48046875
3665,26.369918823242188,22.70992660522461,3.659992218017578
3666,26.163888931274414,24.32889175415039,1.8349971771240234
3667,26.384849548339844,24.78540802001953,1.5994415283203125
3668,26.945329666137695,25.452613830566406,1.492715835571289
3669,27.0130558013916,25.216501235961914,1.7965545654296875
3670,26.962305068969727,24.504690170288086,2.4576148986816406
3671,26.514999389648438,24.214216232299805,2.300783157348633
3672,26.392799377441406,23.423856735229492,2.968942642211914
3673,26.303054809570312,23.552824020385742,2.7502307891845703
3674,26.181943893432617,24.868772506713867,1.31317138671875
3675,26.057764053344727,25.874662399291992,0.18310165405273438
3676,26.163888931274414,27.98377227783203,1.8198833465576172
3677,26.353055953979492,26.646499633789062,0.2934436798095703
3678,26.27899932861328,26.163299560546875,0.11569976806640625
3679,26.371110916137695,25.69786262512207,0.673248291015625
3680,26.134981155395508,24.573062896728516,1.5619182586669922
3681,25.828075408935547,25.209260940551758,0.6188144683837891
3682,25.87388801574707,24.811649322509766,1.0622386932373047
3683,26.003768920898438,24.577394485473633,1.4263744354248047
3684,26.213054656982422,24.761892318725586,1.451162338256836
3685,26.06981086730957,24.400911331176758,1.6688995361328125
3686,25.983055114746094,23.61124038696289,2.371814727783203
3687,26.27383041381836,23.886455535888672,2.3873748779296875
3688,25.938899993896484,23.757129669189453,2.1817703247070312
3689,25.919761657714844,21.304813385009766,4.614948272705078
3690,25.30051040649414,14.630208015441895,10.670302391052246
3691,25.7630558013916,12.186873435974121,13.57618236541748
3692,25.943225860595703,11.689882278442383,14.25334358215332
3693,26.27805519104004,11.865819931030273,14.412235260009766
3694,26.276338577270508,12.225525856018066,14.050812721252441
3695,26.463863372802734,10.485721588134766,15.978141784667969
3696,26.856111526489258,12.801386833190918,14.05472469329834
3697,26.949880599975586,14.82198715209961,12.127893447875977
3698,27.241945266723633,11.439676284790039,15.802268981933594
3699,27.503889083862305,12.472990989685059,15.030898094177246
3700,27.59000015258789,13.054933547973633,14.535066604614258
3701,27.287874221801758,11.082368850708008,16.20550537109375
3702,27.343669891357422,10.656317710876465,16.687352180480957
3703,27.510000228881836,11.013354301452637,16.4966459274292
3704,27.431110382080078,9.933216094970703,17.497894287109375
3705,27.626943588256836,9.879500389099121,17.747443199157715
3706,27.448055267333984,9.843057632446289,17.604997634887695
3707,27.648056030273438,8.31751823425293,19.330537796020508
3708,27.37053108215332,9.318906784057617,18.051624298095703
3709,26.903135299682617,9.081952095031738,17.82118320465088
3710,27.002349853515625,9.727190017700195,17.27515983581543
3711,27.211925506591797,9.789285659790039,17.422639846801758
3712,27.29111099243164,10.293981552124023,16.997129440307617
3713,27.690189361572266,10.41088581085205,17.279303550720215
3714,27.741586685180664,10.000686645507812,17.74090003967285
3715,27.931760787963867,9.157561302185059,18.77419948577881
3716,28.159011840820312,8.791375160217285,19.367636680603027
3717,28.121944427490234,9.135583877563477,18.986360549926758
3718,27.793611526489258,9.16241455078125,18.631196975708008
3719,27.26905059814453,9.72629165649414,17.54275894165039
3720,26.886049270629883,15.498672485351562,11.38737678527832
3721,26.83888816833496,14.358155250549316,12.480732917785645
3722,26.78094482421875,10.346417427062988,16.43452739715576
3723,26.433963775634766,10.25467586517334,16.179287910461426
3724,26.49888801574707,9.363349914550781,17.13553810119629
3725,26.365589141845703,9.131185531616211,17.234403610229492
3726,26.17888832092285,9.305436134338379,16.873452186584473
3727,26.238056182861328,10.318269729614258,15.91978645324707
3728,26.38194465637207,10.589728355407715,15.792216300964355
3729,26.83267593383789,11.473953247070312,15.358722686767578
3730,27.568225860595703,10.58079719543457,16.987428665161133
3731,26.829999923706055,10.589393615722656,16.2406063079834
3732,26.913888931274414,10.485127449035645,16.42876148223877
3733,26.95305633544922,10.582792282104492,16.370264053344727
3734,27.103055953979492,10.541252136230469,16.561803817749023
3735,27.178054809570312,11.258444786071777,15.919610023498535
3736,27.261943817138672,10.756465911865234,16.505477905273438
3737,27.560400009155273,10.959285736083984,16.60111427307129
3738,27.696945190429688,9.462718963623047,18.23422622680664
3739,27.328887939453125,9.973016738891602,17.355871200561523
3740,27.086944580078125,10.511619567871094,16.57532501220703
3741,27.28011131286621,10.37230110168457,16.90781021118164
3742,27.37388801574707,10.27251148223877,17.1013765335083
3743,27.431625366210938,11.376205444335938,16.055419921875
3744,27.358055114746094,11.610672950744629,15.747382164001465
3745,27.678054809570312,9.834931373596191,17.84312343597412
3746,27.920310974121094,9.863790512084961,18.056520462036133
3747,28.05388832092285,9.443697929382324,18.610190391540527
3748,28.321331024169922,10.06217098236084,18.259160041809082
3749,28.493144989013672,10.11108684539795,18.382058143615723
3750,28.433055877685547,11.676689147949219,16.756366729736328
3751,28.16844367980957,11.436480522155762,16.73196315765381
3752,28.190000534057617,12.83138656616211,15.358613967895508
3753,28.047969818115234,12.634271621704102,15.413698196411133
3754,27.76938819885254,16.51513671875,11.254251480102539
3755,27.696945190429688,15.582768440246582,12.114176750183105
3756,27.981111526489258,20.919105529785156,7.062005996704102
3757,28.37006378173828,11.777894020080566,16.592169761657715
3758,28.266111373901367,10.592108726501465,17.674002647399902
3759,28.658889770507812,9.8997802734375,18.759109497070312
3760,29.045711517333984,9.912035942077637,19.133675575256348
3761,29.079999923706055,10.392400741577148,18.687599182128906
3762,29.09886360168457,10.656106948852539,18.44275665283203
3763,29.133888244628906,11.872241020202637,17.26164722442627
3764,28.579669952392578,11.446378707885742,17.133291244506836
3765,28.573579788208008,14.822579383850098,13.75100040435791
3766,28.613056182861328,19.99641227722168,8.616643905639648
3767,28.39468002319336,16.608598709106445,11.786081314086914
3768,28.278888702392578,9.893378257751465,18.385510444641113
3769,28.364538192749023,12.839512825012207,15.525025367736816
3770,28.508054733276367,13.060444831848145,15.447609901428223
3771,28.7450008392334,13.677689552307129,15.06731128692627
3772,28.63111114501953,15.066712379455566,13.564398765563965
3773,28.601943969726562,13.209878921508789,15.392065048217773
3774,28.658411026000977,13.64925765991211,15.009153366088867
3775,28.864999771118164,12.842069625854492,16.022930145263672
3776,29.0,12.599735260009766,16.400264739990234
3777,29.133054733276367,12.524402618408203,16.608652114868164
3778,29.389461517333984,11.007481575012207,18.381979942321777
3779,29.191110610961914,12.988443374633789,16.202667236328125
3780,28.97761344909668,17.396717071533203,11.580896377563477
3781,28.895069122314453,13.109959602355957,15.785109519958496
3782,28.8789005279541,13.824593544006348,15.054306983947754
3783,28.568889617919922,12.676440238952637,15.892449378967285
3784,28.439788818359375,11.85049057006836,16.589298248291016
3785,28.28459930419922,11.604856491088867,16.67974281311035
3786,28.223054885864258,12.388814926147461,15.834239959716797
3787,28.55211067199707,11.43083667755127,17.1212739944458
3788,28.701860427856445,10.663782119750977,18.03807830810547
3789,28.587385177612305,12.571514129638672,16.015871047973633
3790,28.431943893432617,21.974994659423828,6.456949234008789
3791,28.430931091308594,26.05145263671875,2.3794784545898438
3792,28.655000686645508,26.86504554748535,1.7899551391601562
3793,28.673324584960938,25.278949737548828,3.3943748474121094
3794,28.128225326538086,11.67085075378418,16.457374572753906
3795,27.726163864135742,9.913079261779785,17.813084602355957
3796,27.036113739013672,9.140613555908203,17.89550018310547
3797,26.47348976135254,9.660802841186523,16.812686920166016
3798,25.95305633544922,9.7124605178833,16.240595817565918
3799,25.74873924255371,11.929083824157715,13.819655418395996
3800,25.720600128173828,21.470853805541992,4.249746322631836
3801,25.485530853271484,27.038917541503906,1.5533866882324219
3802,24.938438415527344,23.57071304321289,1.3677253723144531
3803,24.670000076293945,23.651384353637695,1.01861572265625
3804,24.877195358276367,20.86188507080078,4.015310287475586
3805,25.337074279785156,21.514890670776367,3.822183609008789
3806,25.633888244628906,21.649017333984375,3.9848709106445312
3807,26.001995086669922,22.194028854370117,3.8079662322998047
3808,26.395368576049805,24.577226638793945,1.8181419372558594
3809,26.768888473510742,24.49881935119629,2.270069122314453
3810,27.026945114135742,23.853389739990234,3.173555374145508
3811,26.958616256713867,20.652706146240234,6.305910110473633
3812,26.971111297607422,12.10661792755127,14.864493370056152
3813,26.53499984741211,10.0410795211792,16.49392032623291
3814,26.136110305786133,9.989662170410156,16.146448135375977
3815,26.229999542236328,10.502735137939453,15.727264404296875
3816,26.051000595092773,10.657524108886719,15.393476486206055
3817,25.80348014831543,10.455934524536133,15.347545623779297
3818,25.405000686645508,10.933838844299316,14.471161842346191
3819,25.106111526489258,10.389066696166992,14.717044830322266
3820,24.827064514160156,10.767622947692871,14.059441566467285
3821,24.597944259643555,12.141393661499023,12.456550598144531
3822,24.983055114746094,12.175567626953125,12.807487487792969
3823,25.331111907958984,12.10416316986084,13.226948738098145
3824,25.351139068603516,12.671835899353027,12.679303169250488
3825,25.336111068725586,10.6854829788208,14.650628089904785
3826,25.20305633544922,10.018524169921875,15.184532165527344
3827,25.37708854675293,10.014364242553711,15.362724304199219
3828,26.027549743652344,8.960269927978516,17.067279815673828
3829,25.523056030273438,9.875373840332031,15.647682189941406
3830,25.596389770507812,10.618860244750977,14.977529525756836
3831,25.602535247802734,9.17504596710205,16.427489280700684
3832,25.24888801574707,8.858455657958984,16.390432357788086
3833,25.205799102783203,9.320528030395508,15.885271072387695
3834,24.94611167907715,9.794651985168457,15.151459693908691
3835,25.351110458374023,9.559430122375488,15.791680335998535
3836,25.608661651611328,10.845096588134766,14.763565063476562
3837,25.700000762939453,11.555133819580078,14.144866943359375
3838,26.04694366455078,10.835013389587402,15.211930274963379
3839,25.938095092773438,11.588972091674805,14.349123001098633
3840,25.757835388183594,10.546201705932617,15.211633682250977
3841,25.50812530517578,9.36353588104248,16.1445894241333
3842,25.15256118774414,9.502420425415039,15.650140762329102
3843,24.766944885253906,10.313302040100098,14.453642845153809
3844,24.473054885864258,9.64281940460205,14.830235481262207
3845,24.540000915527344,10.860504150390625,13.679496765136719
3846,25.056943893432617,12.010695457458496,13.046248435974121
3847,25.351943969726562,10.732769966125488,14.619174003601074
3848,25.35926055908203,11.32804012298584,14.031220436096191
3849,25.538055419921875,11.107405662536621,14.430649757385254
3850,25.403430938720703,10.01932430267334,15.384106636047363
3851,25.086944580078125,9.864644050598145,15.22230052947998
3852,24.846111297607422,10.634268760681152,14.21184253692627
3853,24.816255569458008,11.122620582580566,13.693634986877441
3854,25.355504989624023,11.218465805053711,14.137039184570312
3855,25.594711303710938,10.616617202758789,14.978094100952148
3856,25.668888092041016,10.099431037902832,15.569457054138184
3857,25.508888244628906,9.97075366973877,15.538134574890137
3858,25.371944427490234,10.110136985778809,15.261807441711426
3859,25.426111221313477,10.398948669433594,15.027162551879883
3860,25.27972412109375,11.667988777160645,13.611735343933105
3861,25.443050384521484,10.120186805725098,15.322863578796387
3862,25.466106414794922,10.335078239440918,15.131028175354004
3863,25.05500030517578,11.563711166381836,13.491289138793945
3864,24.893888473510742,11.209482192993164,13.684406280517578
3865,25.290000915527344,10.390950202941895,14.89905071258545
3866,25.680810928344727,11.044037818908691,14.636773109436035
3867,25.273056030273438,9.62839412689209,15.644661903381348
3868,24.978055953979492,9.415472984313965,15.562582969665527
3869,24.684999465942383,9.436342239379883,15.2486572265625
3870,24.85330581665039,9.319438934326172,15.533866882324219
3871,24.85388946533203,9.746163368225098,15.107726097106934
3872,24.986785888671875,9.496495246887207,15.490290641784668
3873,25.280000686645508,10.215010643005371,15.064990043640137
3874,25.26906967163086,10.199087142944336,15.069982528686523
3875,25.31999969482422,9.945716857910156,15.374282836914062
3876,25.396944046020508,9.872098922729492,15.524845123291016
3877,25.07111167907715,10.603631019592285,14.467480659484863
3878,25.002485275268555,11.294936180114746,13.707549095153809
3879,25.266944885253906,12.552821159362793,12.714123725891113
3880,25.1289005279541,11.889951705932617,13.238948822021484
3881,24.69499969482422,11.859370231628418,12.8356294631958
3882,24.721111297607422,13.37887191772461,11.342239379882812
3883,25.065170288085938,23.543996810913086,1.5211734771728516
3884,25.348194122314453,24.78171157836914,0.5664825439453125
3885,25.640060424804688,25.538909912109375,0.1011505126953125
3886,25.27607536315918,25.504892349243164,0.22881698608398438
3887,25.221111297607422,25.253223419189453,0.03211212158203125
3888,25.481111526489258,24.576356887817383,0.904754638671875
3889,25.686111450195312,24.474733352661133,1.2113780975341797
3890,25.475000381469727,23.083677291870117,2.3913230895996094
3891,25.746110916137695,20.315664291381836,5.430446624755859
3892,25.900400161743164,20.262483596801758,5.637916564941406
3893,26.181943893432617,16.09466552734375,10.087278366088867
3894,26.56696319580078,16.576196670532227,9.990766525268555
3895,26.30908966064453,24.400936126708984,1.9081535339355469
3896,25.803054809570312,25.479820251464844,0.32323455810546875
3897,25.341943740844727,25.280826568603516,0.06111717224121094
3898,25.557510375976562,26.668392181396484,1.1108818054199219
3899,25.68000030517578,25.615468978881836,0.06453132629394531
3900,25.873056411743164,24.160240173339844,1.7128162384033203
3901,25.879261016845703,24.320674896240234,1.5585861206054688
3902,25.601943969726562,23.017009735107422,2.5849342346191406
3903,25.68667984008789,23.061349868774414,2.6253299713134766
3904,25.959070205688477,20.984397888183594,4.974672317504883
3905,26.03499984741211,12.601049423217773,13.433950424194336
3906,26.086111068725586,17.206438064575195,8.87967300415039
3907,26.448055267333984,19.046527862548828,7.401527404785156
3908,26.829999923706055,9.739460945129395,17.09053897857666
3909,26.720611572265625,22.802906036376953,3.917705535888672
3910,27.082250595092773,21.173192977905273,5.9090576171875
3911,27.471588134765625,14.307048797607422,13.164539337158203
3912,27.42290496826172,11.621574401855469,15.80133056640625
3913,27.42490005493164,10.972681045532227,16.452219009399414
3914,27.406944274902344,10.701534271240234,16.70541000366211
3915,27.52805519104004,11.09044075012207,16.43761444091797
3916,27.659461975097656,11.987580299377441,15.671881675720215
3917,27.801111221313477,11.737517356872559,16.063593864440918
3918,27.837705612182617,12.432686805725098,15.40501880645752
3919,27.598838806152344,11.186843872070312,16.41199493408203
3920,27.39119529724121,15.903919219970703,11.487276077270508
3921,27.383054733276367,23.439014434814453,3.944040298461914
3922,27.096811294555664,25.09527015686035,2.0015411376953125
3923,26.916139602661133,23.916610717773438,2.9995288848876953
3924,26.981945037841797,24.517126083374023,2.4648189544677734
3925,26.883094787597656,24.95148277282715,1.9316120147705078
3926,26.723918914794922,21.054054260253906,5.669864654541016
3927,26.486175537109375,15.252571105957031,11.233604431152344
3928,26.31096076965332,12.465909957885742,13.845050811767578
3929,26.146944046020508,9.85489559173584,16.292048454284668
3930,26.038055419921875,9.837379455566406,16.20067596435547
3931,26.203887939453125,10.55488109588623,15.649006843566895
3932,25.922513961791992,11.380592346191406,14.541921615600586
3933,26.113056182861328,10.222386360168457,15.890669822692871
3934,26.469314575195312,9.774149894714355,16.695164680480957
3935,27.011600494384766,9.475269317626953,17.536331176757812
3936,27.01343536376953,9.208024024963379,17.805411338806152
3937,27.329999923706055,8.604351043701172,18.725648880004883
3938,27.366945266723633,9.282327651977539,18.084617614746094
3939,27.353055953979492,11.599711418151855,15.753344535827637
3940,27.426944732666016,12.078536987304688,15.348407745361328
3941,27.446861267089844,10.580146789550781,16.866714477539062
3942,27.473918914794922,10.105866432189941,17.36805248260498
3943,27.496110916137695,10.075980186462402,17.420130729675293
3944,27.44149398803711,8.891546249389648,18.54994773864746
3945,27.21500015258789,7.795125961303711,19.41987419128418
3946,27.059999465942383,8.453170776367188,18.606828689575195
3947,27.05467987060547,8.509720802307129,18.54495906829834
3948,27.228055953979492,8.785995483398438,18.442060470581055
3949,27.348888397216797,9.371855735778809,17.97703266143799
3950,27.348888397216797,10.658495903015137,16.69039249420166
3951,27.546112060546875,10.59504222869873,16.951069831848145
3952,27.426111221313477,9.317465782165527,18.10864543914795
3953,27.851110458374023,10.73381519317627,17.117295265197754
3954,27.81305503845215,12.271920204162598,15.54113483428955
3955,28.2315616607666,18.602453231811523,9.629108428955078
3956,28.391944885253906,15.201918601989746,13.19002628326416
3957,28.273056030273438,11.764338493347168,16.50871753692627
3958,27.93660545349121,10.584550857543945,17.352054595947266
3959,27.62540054321289,10.152429580688477,17.472970962524414
3960,27.281963348388672,9.591352462768555,17.690610885620117
3961,27.066944122314453,9.982598304748535,17.084345817565918
3962,27.286869049072266,10.560591697692871,16.726277351379395
3963,27.219688415527344,10.43093204498291,16.788756370544434
3964,27.238056182861328,10.51907730102539,16.718978881835938
3965,27.717180252075195,11.837879180908203,15.879301071166992
3966,27.786945343017578,21.119571685791016,6.6673736572265625
3967,27.88888931274414,23.718141555786133,4.170747756958008
3968,27.761995315551758,24.483827590942383,3.278167724609375
3969,27.46500015258789,24.222557067871094,3.242443084716797
3970,27.644210815429688,25.587486267089844,2.0567245483398438
3971,27.32373046875,25.373212814331055,1.9505176544189453
3972,26.996944427490234,24.951335906982422,2.0456085205078125
3973,26.654661178588867,26.712085723876953,0.05742454528808594
3974,26.62611198425293,24.371274948120117,2.2548370361328125
3975,26.5130558013916,24.04532814025879,2.4677276611328125
3976,26.323888778686523,23.309810638427734,3.014078140258789
3977,26.26729393005371,24.243282318115234,2.0240116119384766
3978,26.354999542236328,22.166223526000977,4.188776016235352
3979,26.571945190429688,19.364498138427734,7.207447052001953
3980,26.627355575561523,15.837398529052734,10.789957046508789
3981,26.858888626098633,20.541004180908203,6.31788444519043
3982,26.843889236450195,13.588168144226074,13.255721092224121
3983,26.719999313354492,15.66865348815918,11.051345825195312
3984,26.836944580078125,14.337084770202637,12.499859809875488
3985,27.316110610961914,14.561389923095703,12.754720687866211
3986,27.52111053466797,19.351646423339844,8.169464111328125
3987,27.911239624023438,22.204538345336914,5.706701278686523
3988,28.329011917114258,23.047441482543945,5.2815704345703125
3989,28.32516098022461,22.38351058959961,5.941650390625
3990,28.90305519104004,22.06600570678711,6.83704948425293
3991,28.905000686645508,12.642866134643555,16.262134552001953
3992,29.398889541625977,12.839237213134766,16.55965232849121
3993,29.58305549621582,12.927940368652344,16.655115127563477
3994,29.36805534362793,10.731348037719727,18.636707305908203
3995,28.984569549560547,11.152519226074219,17.832050323486328
3996,28.551111221313477,10.687365531921387,17.86374568939209
3997,28.102949142456055,11.119380950927734,16.98356819152832
3998,27.878889083862305,10.608604431152344,17.27028465270996
3999,28.031110763549805,12.092994689941406,15.938116073608398
4000,27.797075271606445,12.370994567871094,15.426080703735352
4001,27.573463439941406,13.175581932067871,14.397881507873535
4002,27.54305648803711,13.644430160522461,13.898626327514648
4003,27.363143920898438,20.634809494018555,6.728334426879883
4004,27.326189041137695,15.711990356445312,11.614198684692383
4005,27.18383026123047,11.832154273986816,15.351675987243652
4006,27.54888916015625,10.957483291625977,16.591405868530273
4007,27.86111068725586,9.72643756866455,18.13467311859131
4008,27.93000030517578,9.122164726257324,18.807835578918457
4009,28.136581420898438,10.194698333740234,17.941883087158203
4010,28.071945190429688,8.736311912536621,19.335633277893066
4011,28.36888885498047,8.495078086853027,19.87381076812744
4012,28.459999084472656,10.151724815368652,18.308274269104004
4013,28.07931900024414,8.830893516540527,19.248425483703613
4014,27.69843101501465,7.6624627113342285,20.03596830368042
4015,27.897663116455078,8.884814262390137,19.01284885406494
4016,27.9129638671875,8.768733024597168,19.144230842590332
4017,27.73757553100586,9.29955768585205,18.43801784515381
4018,28.046937942504883,9.780108451843262,18.26682949066162
4019,28.268054962158203,9.790431022644043,18.47762393951416
4020,28.143888473510742,9.654544830322266,18.489343643188477
4021,27.746944427490234,9.551294326782227,18.195650100708008
4022,27.261943817138672,8.670143127441406,18.591800689697266
4023,27.295000076293945,15.973477363586426,11.32152271270752
4024,27.318056106567383,20.860074996948242,6.457981109619141
4025,26.940000534057617,21.722856521606445,5.217144012451172
4026,26.996355056762695,17.311105728149414,9.685249328613281
4027,27.424419403076172,11.183914184570312,16.24050521850586
4028,27.31368064880371,10.3876953125,16.92598533630371
4029,26.99128532409668,9.668310165405273,17.322975158691406
4030,26.63111114501953,9.69769287109375,16.93341827392578
4031,26.406944274902344,10.217839241027832,16.18910503387451
4032,26.645000457763672,10.183252334594727,16.461748123168945
4033,27.003055572509766,10.270588874816895,16.73246669769287
4034,27.40305519104004,10.369596481323242,17.033458709716797
4035,27.340299606323242,10.839134216308594,16.50116539001465
4036,27.198043823242188,15.795673370361328,11.40237045288086
4037,27.48711395263672,23.080997467041016,4.406116485595703
4038,27.883888244628906,22.968156814575195,4.915731430053711
4039,27.586111068725586,23.104473114013672,4.481637954711914
4040,27.724239349365234,21.282052993774414,6.44218635559082
4041,27.853769302368164,10.557058334350586,17.296710968017578
4042,27.524999618530273,9.975590705871582,17.54940891265869
4043,27.181110382080078,10.339330673217773,16.841779708862305
4044,27.016164779663086,10.920260429382324,16.09590435028076
4045,26.873550415039062,10.90987777709961,15.963672637939453
4046,26.501943588256836,14.600360870361328,11.901582717895508
4047,26.441110610961914,14.160575866699219,12.280534744262695
4048,26.704587936401367,20.07215690612793,6.6324310302734375
4049,27.063888549804688,23.919952392578125,3.1439361572265625
4050,27.20805549621582,22.321178436279297,4.886877059936523
4051,27.01409912109375,24.20249366760254,2.811605453491211
4052,26.934499740600586,22.975330352783203,3.959169387817383
4053,26.943056106567383,15.723557472229004,11.219498634338379
4054,26.746030807495117,23.4138240814209,3.3322067260742188
4055,26.873056411743164,23.31597328186035,3.5570831298828125
4056,26.528738021850586,24.33700180053711,2.1917362213134766
4057,26.790000915527344,23.577810287475586,3.212190628051758
4058,26.851943969726562,10.731627464294434,16.12031650543213
4059,26.78611183166504,10.970970153808594,15.815141677856445
4060,26.593629837036133,9.428953170776367,17.164676666259766
4061,26.619300842285156,9.201695442199707,17.41760540008545
4062,26.438880920410156,9.926037788391113,16.512843132019043
4063,25.988624572753906,10.048357009887695,15.940267562866211
4064,25.49081039428711,10.0242919921875,15.46651840209961
4065,25.371110916137695,11.254251480102539,14.116859436035156
4066,25.02322006225586,12.897735595703125,12.125484466552734
4067,24.700260162353516,15.969024658203125,8.73123550415039
4068,24.92307472229004,17.69072723388672,7.23234748840332
4069,25.04623031616211,16.99649429321289,8.049736022949219
4070,24.961111068725586,22.81903839111328,2.1420726776123047
4071,25.036460876464844,22.665563583374023,2.3708972930908203
4072,25.327844619750977,22.335538864135742,2.9923057556152344
4073,25.47194480895996,22.763845443725586,2.708099365234375
4074,25.648889541625977,23.33347511291504,2.3154144287109375
4075,25.62388801574707,23.3515625,2.2723255157470703
4076,25.521785736083984,23.462818145751953,2.0589675903320312
4077,25.40999984741211,23.437374114990234,1.972625732421875
4078,25.649999618530273,22.863645553588867,2.7863540649414062
4079,25.73319435119629,23.351226806640625,2.381967544555664
4080,25.729999542236328,23.32876968383789,2.4012298583984375
4081,25.816381454467773,22.364917755126953,3.4514636993408203
4082,25.928054809570312,22.030393600463867,3.8976612091064453
4083,25.936111450195312,23.275148391723633,2.6609630584716797
4084,25.93000030517578,23.348722457885742,2.581277847290039
4085,26.01943016052246,23.240930557250977,2.7784996032714844
4086,26.063560485839844,22.529687881469727,3.533872604370117
4087,26.151945114135742,23.80103874206543,2.3509063720703125
4088,25.955730438232422,23.657045364379883,2.298685073852539
4089,26.08888816833496,23.099699020385742,2.9891891479492188
4090,26.241945266723633,14.696138381958008,11.545806884765625
4091,26.19611167907715,15.968759536743164,10.227352142333984
4092,26.223054885864258,11.17523193359375,15.047822952270508
4093,26.235300064086914,11.07186508178711,15.163434982299805
4094,26.128055572509766,9.748958587646484,16.37909698486328
4095,26.229999542236328,10.719484329223633,15.510515213012695
4096,26.016489028930664,11.291909217834473,14.724579811096191
4097,26.344043731689453,10.239592552185059,16.104451179504395
4098,26.570329666137695,9.95199203491211,16.618337631225586
4099,26.758054733276367,11.031783103942871,15.726271629333496
4100,27.051944732666016,9.032642364501953,18.019302368164062
4101,27.33194351196289,9.290337562561035,18.041605949401855
4102,27.483999252319336,9.88900089263916,17.594998359680176
4103,27.67305564880371,10.962899208068848,16.710156440734863
4104,27.774999618530273,10.837743759155273,16.937255859375
4105,27.85642433166504,19.521493911743164,8.334930419921875
4106,27.681110382080078,23.533418655395508,4.14769172668457
4107,27.364999771118164,24.090484619140625,3.274515151977539
4108,27.24305534362793,24.381759643554688,2.861295700073242
4109,27.204931259155273,25.061439514160156,2.143491744995117
4110,26.85051155090332,25.018930435180664,1.8315811157226562
4111,27.108055114746094,23.956281661987305,3.151773452758789
4112,26.693044662475586,21.023208618164062,5.669836044311523
4113,26.583288192749023,18.218421936035156,8.364866256713867
4114,26.321945190429688,16.544225692749023,9.777719497680664
4115,26.040000915527344,12.056614875793457,13.983386039733887
4116,25.738445281982422,22.292509078979492,3.4459362030029297
4117,25.968889236450195,22.324464797973633,3.6444244384765625
4118,26.440818786621094,22.80324363708496,3.637575149536133
4119,26.908056259155273,21.760671615600586,5.1473846435546875
4120,27.353055953979492,24.62364387512207,2.729412078857422
4121,27.355918884277344,23.692794799804688,3.6631240844726562
4122,27.194011688232422,24.149351119995117,3.0446605682373047
4123,26.781110763549805,24.20404815673828,2.5770626068115234
4124,27.056110382080078,24.4731502532959,2.5829601287841797
4125,27.27386474609375,24.96525001525879,2.308614730834961
4126,27.268054962158203,19.84495735168457,7.423097610473633
4127,27.001943588256836,11.094018936157227,15.90792465209961
4128,27.036945343017578,9.428327560424805,17.608617782592773
4129,27.018712997436523,9.246026039123535,17.77268695831299
4130,26.988710403442383,13.282041549682617,13.706668853759766
4131,26.818056106567383,20.403553009033203,6.41450309753418
4132,27.133106231689453,19.69953727722168,7.433568954467773
4133,27.371944427490234,22.97742462158203,4.394519805908203
4134,27.54888916015625,23.444589614868164,4.104299545288086
4135,27.926944732666016,23.219457626342773,4.707487106323242
4136,28.183889389038086,22.779247283935547,5.404642105102539
4137,28.31196403503418,22.042081832885742,6.2698822021484375
4138,27.956111907958984,20.509496688842773,7.446615219116211
4139,27.616260528564453,10.660502433776855,16.955758094787598
4140,27.393888473510742,8.9344482421875,18.459440231323242
4141,26.99754524230957,10.730669021606445,16.266876220703125
4142,26.65196418762207,11.883663177490234,14.768301010131836
4143,26.471410751342773,22.175737380981445,4.295673370361328
4144,27.007694244384766,22.851795196533203,4.1558990478515625
4145,27.19723892211914,21.364259719848633,5.832979202270508
4146,27.413888931274414,22.171688079833984,5.24220085144043
4147,27.41805648803711,21.595252990722656,5.822803497314453
4148,27.709461212158203,21.58747100830078,6.121990203857422
4149,27.986469268798828,14.762162208557129,13.2243070602417
4150,28.231111526489258,21.649322509765625,6.581789016723633
4151,28.016111373901367,20.963134765625,7.052976608276367
4152,28.469030380249023,22.390222549438477,6.078807830810547
4153,28.473888397216797,20.60068130493164,7.873207092285156
4154,28.18694496154785,21.705644607543945,6.481300354003906
4155,31.20888900756836,20.32440185546875,10.88448715209961
4156,30.309999465942383,18.255653381347656,12.054346084594727
4157,28.41111183166504,9.787515640258789,18.62359619140625
4158,30.301944732666016,10.96633529663086,19.335609436035156
4159,30.723888397216797,10.369091987609863,20.354796409606934
4160,29.013219833374023,12.685640335083008,16.327579498291016
4161,30.617319107055664,10.819819450378418,19.797499656677246
4162,30.679439544677734,11.507489204406738,19.171950340270996
4163,30.511924743652344,11.511436462402344,19.00048828125
4164,30.213054656982422,10.745845794677734,19.467208862304688
4165,30.612499237060547,10.958161354064941,19.654337882995605
4166,28.795961380004883,11.929156303405762,16.86680507659912
4167,29.001230239868164,10.733903884887695,18.26732635498047
4168,28.649431228637695,10.762948036193848,17.886483192443848
4169,28.472524642944336,11.126065254211426,17.34645938873291
4170,28.384300231933594,10.909810066223145,17.47449016571045
4171,28.45305633544922,11.055574417114258,17.39748191833496
4172,28.253461837768555,12.606233596801758,15.647228240966797
4173,27.94611167907715,13.391885757446289,14.55422592163086
4174,27.82686424255371,11.835004806518555,15.991859436035156
4175,27.54194450378418,11.37960147857666,16.16234302520752
4176,27.42305564880371,11.564729690551758,15.858325958251953
4177,27.690610885620117,10.851179122924805,16.839431762695312
4178,27.7279052734375,10.609539985656738,17.11836528778076
4179,28.058774948120117,11.200984954833984,16.857789993286133
4180,28.582265853881836,11.946941375732422,16.635324478149414
4181,28.38896942138672,11.999606132507324,16.389363288879395
4182,28.29111099243164,12.291157722473145,15.999953269958496
4183,28.518661499023438,12.387898445129395,16.130763053894043
4184,28.253889083862305,11.277478218078613,16.97641086578369
4185,27.794830322265625,10.460265159606934,17.33456516265869
4186,27.897356033325195,9.430776596069336,18.46657943725586
4187,27.72194480895996,9.263270378112793,18.458674430847168
4188,27.383054733276367,8.633553504943848,18.74950122833252
4189,26.9547119140625,9.780585289001465,17.174126625061035
4190,26.44835090637207,9.804731369018555,16.643619537353516
4191,26.021913528442383,9.00795841217041,17.013955116271973
4192,25.643054962158203,8.973527908325195,16.669527053833008
4193,25.29640007019043,8.628405570983887,16.667994499206543
4194,25.45888900756836,9.554226875305176,15.904662132263184
4195,25.864999771118164,9.042296409606934,16.82270336151123
4196,25.61425018310547,8.136397361755371,17.477852821350098
4197,25.585479736328125,8.092087745666504,17.49339199066162
4198,25.551963806152344,7.759321689605713,17.79264211654663
4199,25.191944122314453,8.25851058959961,16.933433532714844
4200,24.863338470458984,8.700223922729492,16.163114547729492
4201,24.788055419921875,9.367867469787598,15.420187950134277
4202,25.229305267333984,10.620728492736816,14.608576774597168
4203,25.850080490112305,10.53923225402832,15.310848236083984
4204,26.106111526489258,11.0611572265625,15.044954299926758
4205,25.90864372253418,9.250185012817383,16.658458709716797
4206,25.5919132232666,9.882678031921387,15.709235191345215
4207,25.076305389404297,9.473990440368652,15.602314949035645
4208,24.566110610961914,8.423151969909668,16.142958641052246
4209,24.216110229492188,8.567243576049805,15.648866653442383
4210,23.93000030517578,9.30103874206543,14.628961563110352
4211,23.65718650817871,10.199838638305664,13.457347869873047
4212,23.582685470581055,9.159785270690918,14.422900199890137
4213,23.8419189453125,9.831374168395996,14.010544776916504
4214,24.2833251953125,9.586433410644531,14.696891784667969
4215,24.65648651123047,9.843713760375977,14.812772750854492
4216,24.24305534362793,10.01259994506836,14.23045539855957
4217,24.047136306762695,11.833985328674316,12.213150978088379
4218,24.327255249023438,12.103652954101562,12.223602294921875
4219,24.211944580078125,17.399017333984375,6.81292724609375
4220,24.278888702392578,20.493314743041992,3.785573959350586
4221,24.735000610351562,9.867151260375977,14.867849349975586
4222,25.264488220214844,7.754298686981201,17.510189533233643
4223,25.705881118774414,8.103018760681152,17.60286235809326
4224,26.336944580078125,8.313009262084961,18.023935317993164
4225,26.563989639282227,10.109188079833984,16.454801559448242
4226,26.736713409423828,20.799734115600586,5.936979293823242
4227,26.97179412841797,22.749876022338867,4.221918106079102
4228,27.153888702392578,23.262046813964844,3.8918418884277344
4229,27.520599365234375,22.020910263061523,5.499689102172852
4230,27.508054733276367,16.972763061523438,10.53529167175293
4231,27.34694480895996,19.743236541748047,7.603708267211914
4232,27.174999237060547,17.60146713256836,9.573532104492188
4233,26.918060302734375,12.958658218383789,13.959402084350586
4234,26.61465072631836,23.0030517578125,3.6115989685058594
4235,26.62981605529785,22.80730628967285,3.822509765625
4236,26.615924835205078,21.082378387451172,5.533546447753906
4237,26.655000686645508,23.124685287475586,3.530315399169922
4238,27.086944580078125,23.59011459350586,3.4968299865722656
4239,27.228837966918945,23.437990188598633,3.7908477783203125
4240,26.972314834594727,22.808286666870117,4.164028167724609
4241,26.983055114746094,22.49018669128418,4.492868423461914
4242,26.593055725097656,17.914539337158203,8.678516387939453
4243,26.196945190429688,11.053647994995117,15.14329719543457
4244,26.28290557861328,8.394922256469727,17.887983322143555
4245,26.153820037841797,9.443624496459961,16.710195541381836
4246,25.75694465637207,9.88653564453125,15.87040901184082
4247,25.658475875854492,9.562477111816406,16.095998764038086
4248,25.434988021850586,10.062400817871094,15.372587203979492
4249,24.976110458374023,11.585967063903809,13.390143394470215
4250,25.060718536376953,11.74638557434082,13.314332962036133
4251,25.183055877685547,8.878911018371582,16.304144859313965
4252,24.91036033630371,9.229313850402832,15.681046485900879
4253,25.130239486694336,10.04017162322998,15.090067863464355
4254,25.36854362487793,12.00490665435791,13.36363697052002
4255,25.241111755371094,22.714855194091797,2.526256561279297
4256,25.523889541625977,24.5794734954834,0.9444160461425781
4257,25.950319290161133,24.43021583557129,1.5201034545898438
4258,25.497961044311523,19.530956268310547,5.967004776000977
4259,25.499164581298828,15.135178565979004,10.363986015319824
4260,26.051944732666016,16.737558364868164,9.314386367797852
4261,25.985469818115234,12.153306007385254,13.83216381072998
4262,26.04194450378418,12.456884384155273,13.585060119628906
4263,25.80500030517578,13.195454597473145,12.609545707702637
4264,25.356945037841797,11.701820373535156,13.65512466430664
4265,25.25,9.3637113571167,15.8862886428833
4266,25.538055419921875,10.654293060302734,14.88376235961914
4267,26.181995391845703,10.824621200561523,15.35737419128418
4268,26.782024383544922,10.847040176391602,15.93498420715332
4269,27.491111755371094,11.351855278015137,16.139256477355957
4270,28.125,10.947011947631836,17.177988052368164
4271,28.575000762939453,10.769495010375977,17.805505752563477
4272,29.065000534057617,11.340505599975586,17.72449493408203
4273,29.578887939453125,11.205666542053223,18.373221397399902
4274,30.04407501220703,11.528200149536133,18.5158748626709
4275,30.190969467163086,12.522897720336914,17.668071746826172
4276,30.362211227416992,14.128067970275879,16.234143257141113
4277,30.651945114135742,12.912932395935059,17.739012718200684
4278,30.83194351196289,11.475138664245605,19.356804847717285
4279,30.510000228881836,10.397311210632324,20.11268901824951
4280,30.450000762939453,10.09433650970459,20.355664253234863
4281,30.231945037841797,10.437007904052734,19.794937133789062
4282,30.1380558013916,9.459959983825684,20.678095817565918
4283,30.18230628967285,9.639589309692383,20.54271697998047
4284,30.16080093383789,10.41604232788086,19.74475860595703
4285,30.11431884765625,9.99230670928955,20.1220121383667
4286,30.155000686645508,10.8707914352417,19.28420925140381
4287,30.366535186767578,12.404285430908203,17.962249755859375
4288,30.301111221313477,11.59958553314209,18.701525688171387
4289,30.31771469116211,13.482619285583496,16.835095405578613
4290,30.65999984741211,12.39781379699707,18.26218605041504
4291,30.91111183166504,11.593563079833984,19.317548751831055
4292,30.874670028686523,12.489513397216797,18.385156631469727
4293,30.84253692626953,11.907623291015625,18.934913635253906
4294,30.873056411743164,12.062524795532227,18.810531616210938
4295,30.57635498046875,11.183253288269043,19.393101692199707
4296,30.476110458374023,10.910703659057617,19.565406799316406
4297,30.743175506591797,10.994399070739746,19.74877643585205
4298,30.778888702392578,10.313345909118652,20.465542793273926
4299,30.34101104736328,10.492653846740723,19.84835720062256
4300,29.91611099243164,11.306079864501953,18.610031127929688
4301,30.036945343017578,11.425076484680176,18.611868858337402
4302,30.412574768066406,12.088464736938477,18.32411003112793
4303,30.74951934814453,12.250452995300293,18.49906635284424
4304,30.518888473510742,12.621895790100098,17.896992683410645
4305,30.531213760375977,11.827601432800293,18.703612327575684
4306,30.18805503845215,10.883631706237793,19.304423332214355
4307,30.02805519104004,11.313645362854004,18.714409828186035
4308,29.978513717651367,10.1610746383667,19.817439079284668
4309,29.59239387512207,11.546674728393555,18.045719146728516
4310,29.396944046020508,10.362531661987305,19.034412384033203
4311,29.508638381958008,9.572032928466797,19.93660545349121
4312,29.344980239868164,8.830323219299316,20.514657020568848
4313,29.040000915527344,9.074494361877441,19.965506553649902
4314,28.679880142211914,9.282020568847656,19.397859573364258
4315,28.670000076293945,10.87011432647705,17.799885749816895
4316,29.066944122314453,11.483366012573242,17.58357810974121
4317,29.556188583374023,12.236817359924316,17.319371223449707
4318,29.927675247192383,12.77016544342041,17.157509803771973
4319,30.29305648803711,14.247125625610352,16.045930862426758
4320,30.21388816833496,12.63875675201416,17.5751314163208
4321,29.915788650512695,12.273730278015137,17.64205837249756
4322,29.871700286865234,11.071881294250488,18.799818992614746
4323,30.260000228881836,11.349067687988281,18.910932540893555
4324,30.45111083984375,12.157733917236328,18.293376922607422
4325,30.26883888244629,12.510237693786621,17.758601188659668
4326,29.806943893432617,12.388072967529297,17.41887092590332
4327,29.893054962158203,12.333184242248535,17.559870719909668
4328,29.653156280517578,12.633282661437988,17.01987361907959
4329,29.641944885253906,12.376517295837402,17.265427589416504
4330,29.5,11.347757339477539,18.15224266052246
4331,29.488056182861328,11.2051362991333,18.282919883728027
4332,29.24388885498047,11.049637794494629,18.19425106048584
4333,28.988889694213867,12.08997631072998,16.898913383483887
4334,29.31226348876953,13.769633293151855,15.542630195617676
4335,29.52903938293457,11.798833847045898,17.730205535888672
4336,29.54983901977539,11.93159294128418,17.61824607849121
4337,29.52751350402832,12.44731616973877,17.08019733428955
4338,29.143054962158203,10.517333030700684,18.62572193145752
4339,28.82805633544922,10.329231262207031,18.498825073242188
4340,28.851943969726562,11.511639595031738,17.340304374694824
4341,28.789581298828125,10.746997833251953,18.042583465576172
4342,29.150936126708984,10.361947059631348,18.788989067077637
4343,29.106111526489258,11.88574504852295,17.22036647796631
4344,28.79694366455078,10.702970504760742,18.09397315979004
4345,29.20888900756836,10.777302742004395,18.431586265563965
4346,29.29305648803711,10.424492835998535,18.868563652038574
4347,29.083114624023438,11.544955253601074,17.538159370422363
4348,28.84136390686035,11.666450500488281,17.17491340637207
4349,28.786945343017578,9.865982055664062,18.920963287353516
4350,28.774999618530273,10.849761009216309,17.925238609313965
4351,28.81194496154785,11.407332420349121,17.40461254119873
4352,28.809999465942383,9.772248268127441,19.03775119781494
4353,28.808055877685547,10.14684772491455,18.661208152770996
4354,28.943889617919922,8.750935554504395,20.192954063415527
4355,29.21500015258789,10.993563652038574,18.221436500549316
4356,29.476110458374023,11.557954788208008,17.918155670166016
4357,29.716110229492188,12.088154792785645,17.627955436706543
4358,29.86174964904785,12.859721183776855,17.002028465270996
4359,30.106945037841797,15.969300270080566,14.13764476776123
4360,30.431724548339844,18.477977752685547,11.953746795654297
4361,30.566944122314453,13.19646167755127,17.370482444763184
4362,30.788888931274414,14.61377239227295,16.175116539001465
4363,30.76373863220215,14.087624549865723,16.676114082336426
4364,30.649999618530273,12.650867462158203,17.99913215637207
4365,30.476943969726562,13.364161491394043,17.11278247833252
4366,30.49951934814453,11.515057563781738,18.984461784362793
4367,30.507694244384766,11.70539379119873,18.802300453186035
4368,30.561111450195312,11.006416320800781,19.55469512939453
4369,30.638975143432617,10.637765884399414,20.001209259033203
4370,30.46068000793457,11.52374267578125,18.93693733215332
4371,30.163043975830078,10.659554481506348,19.50348949432373
4372,30.11717414855957,10.686811447143555,19.430362701416016
4373,30.179780960083008,11.181306838989258,18.99847412109375
4374,30.40968894958496,11.268888473510742,19.14080047607422
4375,30.61805534362793,11.485034942626953,19.133020401000977
4376,30.931110382080078,12.897992134094238,18.03311824798584
4377,31.186111450195312,9.067158699035645,22.118952751159668
4378,30.806819915771484,9.044720649719238,21.762099266052246
4379,30.999568939208984,9.459818840026855,21.53975009918213
4380,30.578887939453125,9.658751487731934,20.92013645172119
4381,30.038055419921875,10.394530296325684,19.64352512359619
4382,29.607555389404297,11.264673233032227,18.34288215637207
4383,29.369789123535156,10.966647148132324,18.403141975402832
4384,29.45194435119629,10.608390808105469,18.84355354309082
4385,29.508054733276367,9.26161003112793,20.246444702148438
4386,29.360931396484375,9.08298110961914,20.277950286865234
4387,29.520000457763672,9.610267639160156,19.909732818603516
4388,30.03499984741211,8.513226509094238,21.52177333831787
4389,30.273056030273438,10.109110832214355,20.163945198059082
4390,30.25249481201172,9.87736701965332,20.3751277923584
4391,30.491945266723633,10.419930458068848,20.072014808654785
4392,30.895000457763672,11.05247974395752,19.842520713806152
4393,31.008888244628906,11.341656684875488,19.667231559753418
4394,30.919050216674805,12.60654354095459,18.312506675720215
4395,31.036806106567383,13.0245361328125,18.012269973754883
4396,30.901111602783203,12.262201309204102,18.6389102935791
4397,30.72974967956543,23.869359970092773,6.860389709472656
4398,30.366111755371094,21.939027786254883,8.427083969116211
4399,30.232370376586914,17.305015563964844,12.92735481262207
4400,29.671112060546875,23.117965698242188,6.5531463623046875
4401,29.596111297607422,20.142711639404297,9.453399658203125
4402,29.491945266723633,19.187519073486328,10.304426193237305
4403,29.286945343017578,15.672846794128418,13.61409854888916
4404,29.561111450195312,14.882558822631836,14.678552627563477
4405,29.698888778686523,18.29908561706543,11.399803161621094
4406,29.681875228881836,15.941325187683105,13.74055004119873
4407,29.862424850463867,16.228477478027344,13.633947372436523
4408,29.57805633544922,14.823765754699707,14.754290580749512
4409,29.512210845947266,14.729737281799316,14.78247356414795
4410,29.713054656982422,18.702348709106445,11.010705947875977
4411,29.778888702392578,22.530174255371094,7.248714447021484
4412,29.650588989257812,22.592945098876953,7.057643890380859
4413,29.55388832092285,22.637550354003906,6.916337966918945
4414,29.434999465942383,22.058067321777344,7.376932144165039
4415,29.399999618530273,18.629623413085938,10.770376205444336
4416,29.163888931274414,16.500164031982422,12.663724899291992
4417,29.19705581665039,22.962263107299805,6.234792709350586
4418,29.049999237060547,23.123268127441406,5.926731109619141
4419,28.931339263916016,22.88917350769043,6.042165756225586
4420,29.067014694213867,22.871570587158203,6.195444107055664
4421,29.11805534362793,21.702024459838867,7.4160308837890625
4422,29.038888931274414,20.15906524658203,8.879823684692383
4423,28.789779663085938,21.571548461914062,7.218231201171875
4424,28.818470001220703,15.229743003845215,13.588726997375488
4425,28.780000686645508,16.92079734802246,11.859203338623047
4426,28.866168975830078,15.935523986816406,12.930644989013672
4427,28.98611068725586,22.0779972076416,6.908113479614258
4428,28.867774963378906,15.924623489379883,12.943151473999023
4429,29.07694435119629,22.35546112060547,6.72148323059082
4430,29.40418815612793,23.306543350219727,6.097644805908203
4431,29.703887939453125,18.03665542602539,11.667232513427734
4432,29.601943969726562,20.22419548034668,9.377748489379883
4433,29.653488159179688,10.702064514160156,18.95142364501953
4434,29.421112060546875,11.68940544128418,17.731706619262695
4435,29.57694435119629,12.244824409484863,17.332119941711426
4436,29.813764572143555,13.484964370727539,16.328800201416016
4437,30.143474578857422,14.401104927062988,15.742369651794434
4438,30.372406005859375,11.957243919372559,18.415162086486816
4439,30.511430740356445,13.982254028320312,16.529176712036133
4440,30.511320114135742,16.759132385253906,13.752187728881836
4441,30.516111373901367,19.83405876159668,10.682052612304688
4442,30.198129653930664,23.850318908691406,6.347810745239258
4443,29.725000381469727,23.1110782623291,6.613922119140625
4444,29.596010208129883,22.648103713989258,6.947906494140625
4445,29.714670181274414,21.540809631347656,8.173860549926758
4446,29.69499969482422,20.821523666381836,8.873476028442383
4447,29.813888549804688,13.820903778076172,15.992984771728516
4448,29.684999465942383,13.40687084197998,16.278128623962402
4449,29.63646125793457,12.255671501159668,17.380789756774902
4450,29.44124412536621,12.571249961853027,16.869994163513184
4451,29.3619441986084,12.288491249084473,17.073452949523926
4452,29.29805564880371,12.99514389038086,16.30291175842285
4453,28.931943893432617,12.25710391998291,16.674839973449707
4454,29.19499969482422,12.291229248046875,16.903770446777344
4455,29.00176429748535,11.265592575073242,17.73617172241211
4456,29.101110458374023,10.220990180969238,18.880120277404785
4457,28.493444442749023,10.298587799072266,18.194856643676758
4458,28.263044357299805,11.207865715026855,17.05517864227295
4459,27.921064376831055,11.017678260803223,16.903386116027832
4460,27.946945190429688,11.508097648620605,16.438847541809082
4461,28.036489486694336,12.482071876525879,15.554417610168457
4462,28.028669357299805,11.520938873291016,16.50773048400879
4463,27.973054885864258,11.562341690063477,16.41071319580078
4464,27.893789291381836,10.979460716247559,16.914328575134277
4465,27.926111221313477,11.056339263916016,16.86977195739746
4466,27.578004837036133,11.288858413696289,16.289146423339844
4467,27.628889083862305,11.53689193725586,16.091997146606445
4468,27.853574752807617,10.71437931060791,17.139195442199707
4469,28.211944580078125,11.201807975769043,17.010136604309082
4470,27.77375602722168,11.909464836120605,15.864291191101074
4471,27.773889541625977,12.638483047485352,15.135406494140625
4472,27.58761978149414,14.554048538208008,13.033571243286133
4473,27.253889083862305,22.545074462890625,4.70881462097168
4474,27.520811080932617,22.1159725189209,5.404838562011719
4475,27.823055267333984,15.372307777404785,12.4507474899292
4476,27.886110305786133,21.82225799560547,6.063852310180664
4477,28.178054809570312,21.890228271484375,6.2878265380859375
4478,28.413888931274414,22.309711456298828,6.104177474975586
4479,28.661945343017578,22.153465270996094,6.508480072021484
4480,29.018800735473633,17.105785369873047,11.913015365600586
4481,29.286945343017578,13.881935119628906,15.405010223388672
4482,29.627864837646484,12.625930786132812,17.001934051513672
4483,29.635419845581055,14.346282958984375,15.28913688659668
4484,29.523239135742188,15.464388847351074,14.058850288391113
4485,29.37158966064453,21.06658935546875,8.305000305175781
4486,28.86526870727539,12.859189987182617,16.006078720092773
4487,28.233888626098633,14.649189949035645,13.584698677062988
4488,27.633014678955078,13.463942527770996,14.169072151184082
4489,27.18790054321289,12.75843334197998,14.42946720123291
4490,27.3619441986084,11.832549095153809,15.52939510345459
4491,27.417814254760742,11.691692352294922,15.72612190246582
4492,27.519229888916016,12.521047592163086,14.99818229675293
4493,27.83305549621582,11.266763687133789,16.56629180908203
4494,28.2316951751709,11.934319496154785,16.297375679016113
4495,28.51388931274414,10.657562255859375,17.856327056884766
4496,28.92906951904297,10.751973152160645,18.177096366882324
4497,28.825349807739258,10.20957088470459,18.615778923034668
4498,28.413055419921875,10.337584495544434,18.07547092437744
4499,28.648056030273438,10.004118919372559,18.64393711090088
4500,28.738056182861328,10.66476821899414,18.073287963867188
4501,29.04888916015625,10.69375991821289,18.35512924194336
4502,29.273889541625977,9.861861228942871,19.412028312683105
4503,29.12980079650879,9.470703125,19.65909767150879
4504,29.063888549804688,9.34871768951416,19.715170860290527
4505,28.80500030517578,9.64171028137207,19.16329002380371
4506,28.540000915527344,11.121888160705566,17.418112754821777
4507,28.30055046081543,19.970354080200195,8.330196380615234
4508,27.943124771118164,13.507780075073242,14.435344696044922
4509,27.437463760375977,16.894140243530273,10.543323516845703
4510,27.209999084472656,12.38836669921875,14.821632385253906
4511,27.189788818359375,11.174097061157227,16.01569175720215
4512,27.210439682006836,12.096329689025879,15.114109992980957
4513,27.018888473510742,16.06334114074707,10.955547332763672
4514,27.008054733276367,17.711849212646484,9.296205520629883
4515,26.95139503479004,21.679641723632812,5.271753311157227
4516,26.88194465637207,16.535276412963867,10.346668243408203
4517,26.828887939453125,21.415557861328125,5.413330078125
4518,27.038888931274414,18.401884078979492,8.637004852294922
4519,27.174880981445312,21.26917839050293,5.905702590942383
4520,27.157875061035156,21.463775634765625,5.694099426269531
4521,26.967763900756836,17.702007293701172,9.265756607055664
4522,26.636110305786133,15.197785377502441,11.438324928283691
4523,26.674999237060547,12.998737335205078,13.676261901855469
4524,26.82646942138672,11.623357772827148,15.20311164855957
4525,26.7908992767334,12.04194450378418,14.748954772949219
4526,26.304439544677734,20.8316707611084,5.472768783569336
4527,25.755510330200195,22.065223693847656,3.690286636352539
4528,25.308055877685547,13.423792839050293,11.884263038635254
4529,25.198888778686523,11.052704811096191,14.146183967590332
4530,25.40999984741211,9.91718578338623,15.492814064025879
4531,25.626811981201172,9.862059593200684,15.764752388000488
4532,25.803564071655273,9.96077823638916,15.842785835266113
4533,26.021944046020508,9.952615737915039,16.06932830810547
4534,25.789663314819336,10.780088424682617,15.009574890136719
4535,24.32805633544922,9.697562217712402,14.630494117736816
4536,24.18813705444336,10.608091354370117,13.580045700073242
4537,24.653888702392578,11.209074974060059,13.44481372833252
4538,25.100210189819336,11.394530296325684,13.705679893493652
4539,25.165449142456055,10.722188949584961,14.443260192871094
4540,25.283695220947266,14.526137351989746,10.75755786895752
4541,25.078887939453125,11.586630821228027,13.492257118225098
4542,24.723888397216797,11.427961349487305,13.295927047729492
4543,24.372669219970703,12.417363166809082,11.955306053161621
4544,24.856111526489258,11.571295738220215,13.284815788269043
4545,24.733055114746094,9.84611988067627,14.886935234069824
4546,24.610000610351562,10.374865531921387,14.235135078430176
4547,24.720531463623047,11.152853965759277,13.56767749786377
4548,24.63194465637207,9.697619438171387,14.934325218200684
4549,24.440000534057617,9.735857963562012,14.704142570495605
4550,24.403650283813477,10.473341941833496,13.93030834197998
4551,24.093055725097656,10.834007263183594,13.259048461914062
4552,24.10259437561035,11.304296493530273,12.798297882080078
4553,24.190561294555664,10.97166633605957,13.218894958496094
4554,23.971111297607422,10.751693725585938,13.219417572021484
4555,23.899999618530273,9.965962409973145,13.934037208557129
4556,22.710325241088867,9.09650707244873,13.613818168640137
4557,23.38957977294922,9.229340553283691,14.160239219665527
4558,23.196945190429688,9.820666313171387,13.3762788772583
4559,22.726110458374023,10.121784210205078,12.604326248168945
4560,22.393054962158203,10.4119234085083,11.981131553649902
4561,22.228055953979492,10.26634407043457,11.961711883544922
4562,22.544414520263672,10.899134635925293,11.645279884338379
4563,22.98239517211914,10.586230278015137,12.396164894104004
4564,23.38041877746582,9.471031188964844,13.909387588500977
4565,23.89611053466797,8.723763465881348,15.172347068786621
4566,24.0721435546875,9.685995101928711,14.386148452758789
4567,23.866945266723633,9.937108039855957,13.929837226867676
4568,23.82805633544922,9.552525520324707,14.275530815124512
4569,23.987499237060547,10.623717308044434,13.363781929016113
4570,24.46884536743164,11.79127025604248,12.67757511138916
4571,24.366945266723633,11.624597549438477,12.742347717285156
4572,24.296112060546875,11.520781517028809,12.775330543518066
4573,24.00694465637207,9.86801528930664,14.13892936706543
4574,23.87388801574707,10.630915641784668,13.242972373962402
4575,23.91805648803711,11.028334617614746,12.889721870422363
4576,24.238056182861328,10.796117782592773,13.441938400268555
4577,24.424570083618164,10.414738655090332,14.009831428527832
4578,24.63193702697754,11.060111045837402,13.571825981140137
4579,24.864999771118164,10.753719329833984,14.11128044128418
4580,24.698055267333984,10.245794296264648,14.452260971069336
4581,24.71173095703125,9.785760879516602,14.925970077514648
4582,24.7008113861084,10.170143127441406,14.530668258666992
4583,24.84454917907715,10.162325859069824,14.682223320007324
4584,24.929119110107422,9.739270210266113,15.189848899841309
4585,24.920000076293945,10.847786903381348,14.072213172912598
4586,24.950119018554688,11.024894714355469,13.925224304199219
4587,24.886985778808594,10.423576354980469,14.463409423828125
4588,24.80500030517578,10.452762603759766,14.352237701416016
4589,24.75694465637207,11.846481323242188,12.910463333129883
4590,24.8700008392334,12.315669059753418,12.55433177947998
4591,24.8880558013916,14.802653312683105,10.085402488708496
4592,24.691944122314453,23.756784439086914,0.9351596832275391
4593,24.747163772583008,25.275230407714844,0.5280666351318359
4594,25.09992027282715,27.072404861450195,1.9724845886230469
4595,25.036945343017578,25.282094955444336,0.2451496124267578
4596,25.441944122314453,23.956159591674805,1.4857845306396484
4597,25.823888778686523,12.6626615524292,13.161227226257324
4598,25.81752586364746,12.156484603881836,13.661041259765625
4599,26.079999923706055,9.980023384094238,16.099976539611816
4600,26.0689697265625,10.0238037109375,16.045166015625
4601,25.939380645751953,9.865830421447754,16.0735502243042
4602,25.90305519104004,10.182496070861816,15.720559120178223
4603,25.758054733276367,10.370769500732422,15.387285232543945
4604,25.948888778686523,11.271397590637207,14.677491188049316
4605,25.758054733276367,11.637444496154785,14.120610237121582
4606,25.351943969726562,10.282001495361328,15.069942474365234
4607,25.18694496154785,11.84378433227539,13.343160629272461
4608,25.16082000732422,11.773417472839355,13.387402534484863
4609,25.216110229492188,9.88496208190918,15.331148147583008
4610,24.913888931274414,11.562922477722168,13.350966453552246
4611,24.54966163635254,10.339829444885254,14.209832191467285
4612,24.379810333251953,9.79831600189209,14.581494331359863
4613,24.391944885253906,10.853096008300781,13.538848876953125
4614,24.45888900756836,8.523534774780273,15.935354232788086
4615,24.533889770507812,8.418655395507812,16.115234375
4616,24.48757553100586,8.548178672790527,15.939396858215332
4617,24.63385009765625,8.66465950012207,15.96919059753418
4618,24.87611198425293,9.07315731048584,15.80295467376709
4619,24.898944854736328,8.70266056060791,16.196284294128418
4620,24.92305564880371,9.597307205200195,15.325748443603516
4621,25.20805549621582,9.635880470275879,15.572175025939941
4622,25.183055877685547,10.070464134216309,15.112591743469238
4623,24.579849243164062,11.406550407409668,13.173298835754395
4624,24.506166458129883,11.126739501953125,13.379426956176758
4625,24.606111526489258,11.172623634338379,13.433487892150879
4626,24.461944580078125,11.328593254089355,13.13335132598877
4627,24.6093807220459,10.91295051574707,13.696430206298828
4628,24.7724552154541,11.204631805419922,13.56782341003418
4629,24.433055877685547,10.835078239440918,13.597977638244629
4630,24.581750869750977,9.967354774475098,14.614396095275879
4631,24.926111221313477,10.001830101013184,14.924281120300293
4632,24.728055953979492,9.22542953491211,15.502626419067383
4633,24.931211471557617,9.943049430847168,14.98816204071045
4634,25.25111198425293,9.20492935180664,16.04618263244629
4635,25.413055419921875,9.632192611694336,15.780862808227539
4636,25.34524917602539,9.887042045593262,15.458207130432129
4637,25.581111907958984,10.233866691589355,15.347245216369629
4638,25.318056106567383,8.427916526794434,16.89013957977295
4639,25.04111099243164,9.18011474609375,15.86099624633789
4640,23.93000030517578,9.732645988464355,14.197354316711426
4641,23.051111221313477,9.068236351013184,13.982874870300293
4642,22.822185516357422,9.261380195617676,13.560805320739746
4643,23.241111755371094,9.45654582977295,13.784565925598145
4644,23.25694465637207,9.849059104919434,13.407885551452637
4645,23.418888092041016,8.775634765625,14.643253326416016
4646,23.49388885498047,8.746996879577637,14.746891975402832
4647,23.87217140197754,8.59398078918457,15.278190612792969
4648,23.82588005065918,8.366955757141113,15.458924293518066
4649,23.978055953979492,8.903840065002441,15.07421588897705
4650,23.65406036376953,9.605331420898438,14.048728942871094
4651,23.694181442260742,8.91236400604248,14.781817436218262
4652,23.849531173706055,9.74564266204834,14.103888511657715
4653,23.79888916015625,9.67983341217041,14.11905574798584
4654,23.712663650512695,9.475951194763184,14.236712455749512
4655,23.381874084472656,10.629724502563477,12.75214958190918
4656,23.43464469909668,12.31255054473877,11.12209415435791
4657,23.816944122314453,11.804681777954102,12.012262344360352
4658,24.216110229492188,12.762210845947266,11.453899383544922
4659,24.569250106811523,12.124015808105469,12.445234298706055
4660,24.345338821411133,11.666924476623535,12.678414344787598
4661,24.148250579833984,12.030993461608887,12.117257118225098
4662,24.359149932861328,11.515666007995605,12.843483924865723
4663,24.873056411743164,10.88398551940918,13.989070892333984
4664,24.858888626098633,11.172664642333984,13.686223983764648
4665,25.049999237060547,10.962349891662598,14.08764934539795
4666,25.136110305786133,10.979700088500977,14.156410217285156
4667,25.0049991607666,11.466771125793457,13.538228034973145
4668,24.913610458374023,12.339881896972656,12.573728561401367
4669,24.727994918823242,10.60626220703125,14.121732711791992
4670,24.62470054626465,9.878345489501953,14.746355056762695
4671,24.56305503845215,10.742212295532227,13.820842742919922
4672,24.703611373901367,9.518458366394043,15.185153007507324
4673,24.508163452148438,8.959832191467285,15.548331260681152
4674,24.29111099243164,9.453701972961426,14.837409019470215
4675,24.133888244628906,9.674217224121094,14.459671020507812
4676,23.946945190429688,10.229388236999512,13.717556953430176
4677,24.058055877685547,9.999446868896484,14.058609008789062
4678,24.364999771118164,10.46646499633789,13.898534774780273
4679,24.17888832092285,9.540389060974121,14.63849925994873
4680,23.95694351196289,9.366960525512695,14.589982986450195
4681,23.869781494140625,9.503281593322754,14.366499900817871
4682,24.42745590209961,9.63050651550293,14.79694938659668
4683,24.573888778686523,9.910183906555176,14.663704872131348
4684,24.46684455871582,10.655047416687012,13.811797142028809
4685,24.231138229370117,9.994709014892578,14.236429214477539
4686,24.310789108276367,8.94470500946045,15.366084098815918
4687,24.764999389648438,8.030303955078125,16.734695434570312
4688,24.575000762939453,8.3808012008667,16.194199562072754
4689,24.33194351196289,8.334432601928711,15.99751091003418
4690,24.126943588256836,9.717483520507812,14.409460067749023
4691,23.808889389038086,9.796978950500488,14.011910438537598
4692,23.61608123779297,10.434389114379883,13.181692123413086
4693,23.561111450195312,10.844305992126465,12.716805458068848
4694,23.50694465637207,9.683051109313965,13.823893547058105
4695,23.479999542236328,10.376311302185059,13.10368824005127
4696,23.405000686645508,9.10303783416748,14.301962852478027
4697,23.2471866607666,9.02873420715332,14.218452453613281
4698,23.17305564880371,9.473522186279297,13.699533462524414
4699,23.010000228881836,6.904528617858887,16.10547161102295
4700,22.677263259887695,7.243783950805664,15.433479309082031
4701,22.91611099243164,7.960096836090088,14.956014156341553
4702,22.851943969726562,8.308749198913574,14.543194770812988
4703,22.681110382080078,9.309305191040039,13.371805191040039
4704,22.785320281982422,10.170434951782227,12.614885330200195
4705,22.635499954223633,10.439118385314941,12.196381568908691
4706,22.586761474609375,10.878049850463867,11.708711624145508
4707,22.983135223388672,9.371870040893555,13.611265182495117
4708,23.238056182861328,8.715646743774414,14.522409439086914
4709,23.056943893432617,8.511479377746582,14.545464515686035
4710,22.83197593688965,8.85832405090332,13.973651885986328
4711,22.60004997253418,8.015231132507324,14.584818840026855
4712,22.350439071655273,10.500337600708008,11.850101470947266
4713,20.701244354248047,10.875896453857422,9.825347900390625
4714,22.696945190429688,11.221110343933105,11.475834846496582
4715,23.217105865478516,11.267447471618652,11.949658393859863
4716,23.41694450378418,10.34045124053955,13.076493263244629
4717,23.420438766479492,10.15456485748291,13.265873908996582
4718,23.29888916015625,10.23608112335205,13.0628080368042
4719,22.991111755371094,9.499822616577148,13.491289138793945
4720,22.741111755371094,9.928064346313477,12.813047409057617
4721,22.514320373535156,11.575888633728027,10.938431739807129
4722,22.203887939453125,10.416138648986816,11.787749290466309
4723,22.194019317626953,9.662511825561523,12.53150749206543
4724,22.333364486694336,11.208155632019043,11.125208854675293
4725,22.38865089416504,11.352370262145996,11.036280632019043
4726,22.206111907958984,11.890162467956543,10.315949440002441
4727,22.241945266723633,11.965456008911133,10.2764892578125
4728,22.461763381958008,11.971916198730469,10.489847183227539
4729,22.334999084472656,10.11546516418457,12.219533920288086
4730,22.102806091308594,8.15597915649414,13.946826934814453
4731,21.897193908691406,8.271222114562988,13.625971794128418
4732,21.72888946533203,8.806687355041504,12.922202110290527
4733,21.563888549804688,8.851834297180176,12.712054252624512
4734,21.658464431762695,8.376185417175293,13.282279014587402
4735,21.56194496154785,9.395547866821289,12.166397094726562
4736,21.436111450195312,9.374423027038574,12.061688423156738
4737,21.405000686645508,9.248039245605469,12.156961441040039
4738,21.276945114135742,8.436668395996094,12.840276718139648
4739,21.45888900756836,8.344466209411621,13.114422798156738
4740,21.573055267333984,8.618834495544434,12.95422077178955
4741,21.445789337158203,9.208345413208008,12.237443923950195
4742,21.518054962158203,9.57196044921875,11.946094512939453
4743,21.766111373901367,11.328818321228027,10.43729305267334
4744,22.07111167907715,12.432043075561523,9.639068603515625
4745,22.677263259887695,11.016682624816895,11.6605806350708
4746,22.63075065612793,11.036357879638672,11.594392776489258
4747,23.001943588256836,10.442610740661621,12.559332847595215
4748,23.133800506591797,10.784223556518555,12.349576950073242
4749,23.130239486694336,10.486865043640137,12.6433744430542
4750,23.47066879272461,10.728032112121582,12.742636680603027
4751,23.678054809570312,8.507956504821777,15.170098304748535
4752,23.6119441986084,8.317744255065918,15.29419994354248
4753,23.43805503845215,8.719436645507812,14.718618392944336
4754,23.523889541625977,9.220756530761719,14.303133010864258
4755,23.476943969726562,8.94620418548584,14.530739784240723
4756,23.459999084472656,10.320968627929688,13.139030456542969
4757,23.253055572509766,9.79397964477539,13.459075927734375
4758,22.99987030029297,10.277860641479492,12.722009658813477
4759,22.850000381469727,10.707557678222656,12.14244270324707
4760,23.178850173950195,10.36103630065918,12.817813873291016
4761,23.411945343017578,11.377963066101074,12.033982276916504
4762,23.57611083984375,13.441469192504883,10.134641647338867
4763,23.98611068725586,12.731424331665039,11.25468635559082
4764,23.913055419921875,13.236322402954102,10.676733016967773
4765,23.468055725097656,12.415374755859375,11.052680969238281
4766,23.151945114135742,13.06788444519043,10.084060668945312
4767,23.286638259887695,12.4201021194458,10.866536140441895
4768,23.54401397705078,12.781609535217285,10.762404441833496
4769,23.6200008392334,12.070104598999023,11.549896240234375
4770,23.70741081237793,11.241493225097656,12.465917587280273
4771,23.351110458374023,10.621484756469727,12.729625701904297
4772,23.55388832092285,10.485311508178711,13.06857681274414
4773,23.834999084472656,10.15317440032959,13.681824684143066
4774,23.73611068725586,11.084702491760254,12.651408195495605
4775,24.075000762939453,10.731063842773438,13.343936920166016
4776,24.475088119506836,11.630013465881348,12.845074653625488
4777,24.26706314086914,10.29687213897705,13.97019100189209
4778,24.541337966918945,10.780829429626465,13.76050853729248
4779,24.981670379638672,10.722819328308105,14.258851051330566
4780,25.17388916015625,10.147246360778809,15.026642799377441
4781,25.031944274902344,10.579209327697754,14.45273494720459
4782,23.450000762939453,9.441679000854492,14.008321762084961
4783,24.84855079650879,10.571059226989746,14.277491569519043
4784,24.338430404663086,10.335427284240723,14.003003120422363
4785,24.1702880859375,10.324772834777832,13.845515251159668
4786,23.67305564880371,10.852855682373047,12.820199966430664
4787,22.754329681396484,10.264796257019043,12.489533424377441
4788,23.670269012451172,9.181371688842773,14.488897323608398
4789,22.717086791992188,10.139516830444336,12.577569961547852
4790,22.760000228881836,9.235543251037598,13.524456977844238
4791,23.03158950805664,10.179804801940918,12.851784706115723
4792,23.3700008392334,10.291078567504883,13.078922271728516
4793,23.29888916015625,11.703085899353027,11.595803260803223
4794,22.991174697875977,9.941645622253418,13.049529075622559
4795,22.686111450195312,8.620288848876953,14.06582260131836
4796,22.92388916015625,8.571879386901855,14.352009773254395
4797,23.286399841308594,9.466777801513672,13.819622039794922
4798,23.725589752197266,9.40808391571045,14.317505836486816
4799,23.93805503845215,9.381556510925293,14.556498527526855
4800,24.141944885253906,10.645289421081543,13.496655464172363
4801,24.3164119720459,11.673563003540039,12.64284896850586
4802,24.498294830322266,10.933782577514648,13.564512252807617
4803,24.670000076293945,10.253886222839355,14.41611385345459
4804,24.768054962158203,10.451703071594238,14.316351890563965
4805,24.872913360595703,9.572914123535156,15.299999237060547
4806,25.22194480895996,8.06648063659668,17.15546417236328
4807,25.43694496154785,9.565606117248535,15.871338844299316
4808,25.50819969177246,8.528636932373047,16.979562759399414
4809,25.596111297607422,7.810988426208496,17.785122871398926
4810,25.82694435119629,9.318720817565918,16.50822353363037
4811,26.103055953979492,8.515219688415527,17.587836265563965
4812,26.174999237060547,9.356209754943848,16.8187894821167
4813,26.562225341796875,9.152215003967285,17.41001033782959
4814,26.744243621826172,8.880926132202148,17.863317489624023
4815,26.787763595581055,9.46771240234375,17.320051193237305
4816,26.614999771118164,8.663572311401367,17.951427459716797
4817,26.441944122314453,9.50536060333252,16.936583518981934
4818,26.488056182861328,9.767382621765137,16.72067356109619
4819,26.57111167907715,9.06564998626709,17.50546169281006
4820,26.70305633544922,22.897899627685547,3.805156707763672
4821,26.860000610351562,8.50890827178955,18.35109233856201
4822,27.008054733276367,11.891836166381836,15.116218566894531
4823,27.21126937866211,12.025263786315918,15.186005592346191
4824,27.303749084472656,8.92552375793457,18.378225326538086
4825,27.295000076293945,11.020136833190918,16.274863243103027
4826,26.92682456970215,21.846132278442383,5.080692291259766
4827,26.854999542236328,14.631199836730957,12.223799705505371
4828,26.829999923706055,13.204202651977539,13.625797271728516
4829,26.961944580078125,9.60064697265625,17.361297607421875
4830,26.663888931274414,9.361981391906738,17.301907539367676
4831,26.652013778686523,9.205533981323242,17.44647979736328
4832,26.82111167907715,11.292720794677734,15.528390884399414
4833,26.75088882446289,14.9973726272583,11.75351619720459
4834,26.871944427490234,25.938419342041016,0.9335250854492188
4835,26.90192413330078,27.58637237548828,0.6844482421875
4836,26.8858699798584,25.73201560974121,1.1538543701171875
4837,26.79111099243164,24.885234832763672,1.9058761596679688
4838,26.476499557495117,23.151885986328125,3.324613571166992
4839,26.463054656982422,23.117353439331055,3.345701217651367
4840,26.41253662109375,26.20499610900879,0.20754051208496094
4841,26.247575759887695,24.733097076416016,1.5144786834716797
4842,26.20863914489746,25.295917510986328,0.9127216339111328
4843,26.117935180664062,21.286388397216797,4.831546783447266
4844,26.070810317993164,10.675092697143555,15.39571762084961
4845,26.0955753326416,9.738447189331055,16.357128143310547
4846,26.288055419921875,8.891448974609375,17.3966064453125
4847,26.163055419921875,10.407100677490234,15.75595474243164
4848,26.13918113708496,11.398067474365234,14.741113662719727
4849,26.041975021362305,12.623771667480469,13.418203353881836
4850,25.342220306396484,12.315593719482422,13.026626586914062
4851,25.20194435119629,12.696470260620117,12.505474090576172
4852,25.1109561920166,11.01020336151123,14.100752830505371
4853,24.541170120239258,11.227072715759277,13.31409740447998
4854,24.59694480895996,11.053512573242188,13.543432235717773
4855,24.68805503845215,11.240218162536621,13.447836875915527
4856,24.633710861206055,10.954833984375,13.678876876831055
4857,24.610000610351562,10.929762840270996,13.680237770080566
4858,24.58340072631836,11.26986312866211,13.31353759765625
4859,24.33888816833496,10.36452579498291,13.97436237335205
4860,24.336654663085938,8.483323097229004,15.853331565856934
4861,24.408889770507812,9.709193229675293,14.69969654083252
4862,24.376014709472656,9.92860221862793,14.447412490844727
4863,24.1200008392334,10.172048568725586,13.947952270507812
4864,24.19523811340332,9.613885879516602,14.581352233886719
4865,23.726110458374023,11.328898429870605,12.397212028503418
4866,23.251943588256836,9.669013023376465,13.582930564880371
4867,22.790000915527344,9.407014846801758,13.382986068725586
4868,22.610761642456055,10.07288646697998,12.537875175476074
4869,22.258888244628906,10.698404312133789,11.560483932495117
4870,22.082605361938477,9.631195068359375,12.451410293579102
4871,22.33298683166504,10.78773021697998,11.545256614685059
4872,22.863056182861328,10.01697826385498,12.846077919006348
4873,23.471111297607422,10.802038192749023,12.669073104858398
4874,23.568056106567383,11.384600639343262,12.183455467224121
4875,23.679950714111328,11.613407135009766,12.066543579101562
4876,24.18232536315918,12.542242050170898,11.640083312988281
4877,24.45888900756836,12.117058753967285,12.341830253601074
4878,24.50661849975586,11.105952262878418,13.400666236877441
4879,24.567785263061523,8.668102264404297,15.899682998657227
4880,24.200000762939453,8.972506523132324,15.227494239807129
4881,24.178054809570312,8.301071166992188,15.876983642578125
4882,24.42180061340332,9.073420524597168,15.348380088806152
4883,24.96388816833496,9.575263977050781,15.38862419128418
4884,25.21388816833496,10.290003776550293,14.923884391784668
4885,25.41967010498047,10.221179008483887,15.198491096496582
4886,25.366111755371094,9.293713569641113,16.07239818572998
4887,24.97266387939453,8.111931800842285,16.860732078552246
4888,25.05916976928711,7.5634331703186035,17.495736598968506
4889,25.442285537719727,7.910581588745117,17.53170394897461
4890,25.623685836791992,10.411978721618652,15.21170711517334
4891,25.985000610351562,8.14134407043457,17.843656539916992
4892,26.086299896240234,13.269940376281738,12.816359519958496
4893,26.421581268310547,19.645219802856445,6.776361465454102
4894,26.62155532836914,11.288026809692383,15.333528518676758
4895,26.464950561523438,10.203118324279785,16.261832237243652
4896,26.454118728637695,9.36987018585205,17.084248542785645
4897,26.59869956970215,8.42591381072998,18.172785758972168
4898,26.689611434936523,9.14841365814209,17.541197776794434
4899,26.398056030273438,9.363232612609863,17.034823417663574
4900,26.110149383544922,8.794768333435059,17.315381050109863
4901,25.768888473510742,10.98419189453125,14.784696578979492
4902,25.546112060546875,10.726974487304688,14.819137573242188
4903,25.57805633544922,11.280975341796875,14.297080993652344
4904,25.616945266723633,12.47992992401123,13.137015342712402
4905,25.75,13.644058227539062,12.105941772460938
4906,25.42305564880371,20.292932510375977,5.130123138427734
4907,25.651945114135742,25.752870559692383,0.10092544555664062
4908,25.875,26.477121353149414,0.6021213531494141
4909,25.893888473510742,26.61422348022461,0.7203350067138672
4910,25.930370330810547,23.44671630859375,2.483654022216797
4911,25.88888931274414,14.726824760437012,11.162064552307129
4912,25.85388946533203,13.422650337219238,12.431239128112793
4913,26.15561866760254,11.715232849121094,14.440385818481445
4914,26.269399642944336,10.326676368713379,15.942723274230957
4915,26.211944580078125,10.453250885009766,15.75869369506836
4916,25.86111068725586,12.372980117797852,13.488130569458008
4917,25.55923843383789,19.180089950561523,6.379148483276367
4918,25.74305534362793,22.029617309570312,3.713438034057617
4919,25.732694625854492,23.168779373168945,2.563915252685547
4920,25.72194480895996,19.78061294555664,5.94133186340332
4921,25.79111099243164,15.127955436706543,10.663155555725098
4922,25.75694465637207,13.224550247192383,12.532394409179688
4923,25.827030181884766,13.011855125427246,12.81517505645752
4924,25.843055725097656,12.807625770568848,13.035429954528809
4925,25.776111602783203,12.674280166625977,13.101831436157227
4926,25.614999771118164,22.134103775024414,3.48089599609375
4927,25.399999618530273,24.254297256469727,1.1457023620605469
4928,25.626943588256836,23.894454956054688,1.7324886322021484
4929,25.79792594909668,22.83499526977539,2.962930679321289
4930,26.16669464111328,24.431781768798828,1.7349128723144531
4931,26.20335578918457,21.45216178894043,4.751194000244141
4932,25.818056106567383,11.799386024475098,14.018670082092285
4933,25.783056259155273,14.460295677185059,11.322760581970215
4934,25.70343017578125,11.236490249633789,14.466939926147461
4935,25.5050106048584,11.661185264587402,13.843825340270996
4936,25.633888244628906,11.58835506439209,14.045533180236816
4937,25.600000381469727,11.373492240905762,14.226508140563965
4938,25.722824096679688,12.790331840515137,12.93249225616455
4939,25.438356399536133,12.366741180419922,13.071615219116211
4940,25.614530563354492,12.129352569580078,13.485177993774414
4941,25.628055572509766,11.85831356048584,13.769742012023926
4942,25.50105094909668,11.592840194702148,13.908210754394531
4943,25.501943588256836,10.907583236694336,14.5943603515625
4944,25.396188735961914,11.803289413452148,13.592899322509766
4945,25.39923095703125,11.048230171203613,14.351000785827637
4946,25.46923828125,11.705545425415039,13.763692855834961
4947,25.516111373901367,12.456216812133789,13.059894561767578
4948,25.46786117553711,11.129668235778809,14.3381929397583
4949,25.08888816833496,11.5014066696167,13.587481498718262
4950,24.926944732666016,11.959285736083984,12.967658996582031
4951,24.758888244628906,11.311518669128418,13.447369575500488
4952,24.68805503845215,12.440408706665039,12.24764633178711
4953,24.495569229125977,13.683276176452637,10.81229305267334
4954,24.55650520324707,14.990702629089355,9.565802574157715
4955,24.766761779785156,13.648874282836914,11.117887496948242
4956,25.181943893432617,12.980777740478516,12.201166152954102
4957,25.24888801574707,12.186325073242188,13.062562942504883
4958,25.54671859741211,10.70350170135498,14.843216896057129
4959,25.495939254760742,10.371036529541016,15.124902725219727
4960,24.931110382080078,10.748093605041504,14.183016777038574
4961,24.459680557250977,10.826190948486328,13.633489608764648
4962,23.953887939453125,11.319940567016602,12.633947372436523
4963,23.843889236450195,10.7905912399292,13.053297996520996
4964,24.223888397216797,10.271814346313477,13.95207405090332
4965,24.45608901977539,11.534645080566406,12.921443939208984
4966,24.473054885864258,11.742414474487305,12.730640411376953
4967,24.538055419921875,12.458992958068848,12.079062461853027
4968,24.235464096069336,13.374490737915039,10.860973358154297
4969,23.886943817138672,12.460854530334473,11.4260892868042
4970,23.753889083862305,10.99089241027832,12.762996673583984
4971,23.764999389648438,10.839609146118164,12.925390243530273
4972,24.182344436645508,9.997552871704102,14.184791564941406
4973,24.00111198425293,8.790654182434082,15.210457801818848
4974,23.78156852722168,10.801698684692383,12.979869842529297
4975,23.726760864257812,9.470754623413086,14.256006240844727
4976,24.11373519897461,11.104048728942871,13.009686470031738
4977,24.5049991607666,10.92538070678711,13.579618453979492
4978,24.628414154052734,11.734776496887207,12.893637657165527
4979,24.776945114135742,11.065686225891113,13.711258888244629
4980,25.04266357421875,10.407825469970703,14.634838104248047
4981,24.671112060546875,9.129969596862793,15.541142463684082
4982,24.784910202026367,9.23645305633545,15.548457145690918
4983,25.165000915527344,9.380070686340332,15.784930229187012
4984,24.66805648803711,9.601056098937988,15.067000389099121
4985,24.272066116333008,11.516763687133789,12.755302429199219
4986,24.32611083984375,10.900374412536621,13.425736427307129
4987,24.306110382080078,10.311062812805176,13.995047569274902
4988,24.061111450195312,10.842926979064941,13.218184471130371
4989,24.090360641479492,10.596091270446777,13.494269371032715
4990,24.534461975097656,10.33864974975586,14.195812225341797
4991,25.032136917114258,9.398526191711426,15.633610725402832
4992,25.531944274902344,10.793824195861816,14.738120079040527
4993,25.440000534057617,10.30048942565918,15.139511108398438
4994,25.363889694213867,11.297246932983398,14.066642761230469
4995,25.577594757080078,12.903468132019043,12.674126625061035
4996,25.524431228637695,10.539467811584473,14.984963417053223
4997,26.029029846191406,13.094094276428223,12.934935569763184
4998,26.35724449157715,21.77641487121582,4.580829620361328
4999,26.62013816833496,23.80094337463379,2.819194793701172
5000,26.633888244628906,25.99822425842285,0.6356639862060547
5001,26.943056106567383,25.380701065063477,1.5623550415039062
5002,27.3364200592041,25.37477684020996,1.9616432189941406
5003,27.288888931274414,25.646730422973633,1.6421585083007812
5004,27.051944732666016,25.006200790405273,2.045743942260742
5005,27.18000030517578,26.471654891967773,0.7083454132080078
5006,26.608055114746094,27.79140853881836,1.1833534240722656
5007,26.211944580078125,28.15340232849121,1.941457748413086
5008,26.408143997192383,28.7128963470459,2.3047523498535156
5009,26.528200149536133,25.84623146057129,0.6819686889648438
5010,26.180288314819336,26.49639320373535,0.3161048889160156
5011,26.36111068725586,24.975522994995117,1.3855876922607422
5012,26.144699096679688,23.098018646240234,3.046680450439453
5013,26.006689071655273,12.624028205871582,13.382660865783691
5014,25.943464279174805,13.04850959777832,12.894954681396484
5015,26.141944885253906,10.044927597045898,16.097017288208008
5016,26.198888778686523,9.67914867401123,16.519740104675293
5017,26.443889617919922,10.921038627624512,15.52285099029541
5018,26.401111602783203,9.635930061340332,16.76518154144287
5019,26.773889541625977,9.84593391418457,16.927955627441406
5020,27.20159912109375,9.662349700927734,17.539249420166016
5021,27.2196102142334,10.491342544555664,16.728267669677734
5022,27.13111114501953,10.764140129089355,16.366971015930176
5023,26.976943969726562,10.697500228881836,16.279443740844727
5024,26.718889236450195,11.978680610656738,14.740208625793457
5025,26.721111297607422,10.846675872802734,15.874435424804688
5026,27.23611068725586,12.458471298217773,14.777639389038086
5027,27.514699935913086,13.172507286071777,14.342192649841309
5028,27.806499481201172,10.792277336120605,17.014222145080566
5029,28.118555068969727,10.169053077697754,17.949501991271973
5030,28.288888931274414,10.812749862670898,17.476139068603516
5031,28.386619567871094,11.595276832580566,16.791342735290527
5032,28.345531463623047,11.130951881408691,17.214579582214355
5033,28.641111373901367,11.48681354522705,17.154297828674316
5034,28.85388946533203,10.944046974182129,17.909842491149902
5035,28.96986198425293,12.110392570495605,16.859469413757324
5036,29.11888885498047,11.118024826049805,18.000864028930664
5037,29.25611114501953,10.052152633666992,19.20395851135254
5038,29.69499969482422,9.116558074951172,20.578441619873047
5039,29.790000915527344,9.778626441955566,20.011374473571777
5040,30.02501106262207,10.375604629516602,19.64940643310547
5041,30.02935028076172,10.305887222290039,19.72346305847168
5042,30.010000228881836,10.829219818115234,19.1807804107666
5043,30.165000915527344,10.517743110656738,19.647257804870605
5044,30.16611099243164,10.884963035583496,19.281147956848145
5045,29.90459442138672,12.01715087890625,17.88744354248047
5046,29.52805519104004,12.156055450439453,17.371999740600586
5047,29.270000457763672,11.279618263244629,17.990382194519043
5048,29.333730697631836,10.061857223510742,19.271873474121094
5049,29.344999313354492,10.77720832824707,18.567790985107422
5050,29.215850830078125,10.038290023803711,19.177560806274414
5051,29.351943969726562,10.627867698669434,18.72407627105713
5052,29.66805648803711,8.802909851074219,20.86514663696289
5053,30.001100540161133,9.01474666595459,20.986353874206543
5054,30.233213424682617,9.745222091674805,20.487991333007812
5055,30.503055572509766,8.823588371276855,21.67946720123291
5056,30.2549991607666,10.2589111328125,19.9960880279541
5057,29.67650604248047,10.865478515625,18.81102752685547
5058,28.9869441986084,10.046731948852539,18.94021224975586
5059,28.375789642333984,10.970039367675781,17.405750274658203
5060,27.80388832092285,10.266162872314453,17.5377254486084
5061,27.512775421142578,9.506397247314453,18.006378173828125
5062,27.633655548095703,9.506939888000488,18.126715660095215
5063,28.08194351196289,10.301778793334961,17.78016471862793
5064,28.348054885864258,9.405457496643066,18.94259738922119
5065,28.45369529724121,11.607823371887207,16.845871925354004
5066,28.610280990600586,11.386641502380371,17.223639488220215
5067,28.390039443969727,10.3184814453125,18.071557998657227
5068,28.450180053710938,10.998028755187988,17.45215129852295
5069,28.58305549621582,10.817256927490234,17.765798568725586
5070,28.75684356689453,11.051088333129883,17.70575523376465
5071,28.942485809326172,10.794960021972656,18.147525787353516
5072,29.29111099243164,9.512590408325195,19.778520584106445
5073,29.176944732666016,9.90916919708252,19.267775535583496
5074,29.30852508544922,10.74385929107666,18.56466579437256
5075,29.496110916137695,10.608142852783203,18.887968063354492
5076,29.799999237060547,11.006481170654297,18.79351806640625
5077,29.782764434814453,10.055046081542969,19.727718353271484
5078,29.641944885253906,10.703041076660156,18.93890380859375
5079,29.051111221313477,8.949862480163574,20.101248741149902
5080,28.66021156311035,7.983927249908447,20.676284313201904
5081,28.396944046020508,9.13699722290039,19.259946823120117
5082,27.996944427490234,8.615172386169434,19.3817720413208
5083,27.996944427490234,9.625176429748535,18.3717679977417
5084,28.105079650878906,10.164390563964844,17.940689086914062
5085,28.083086013793945,10.579319953918457,17.50376605987549
5086,28.285268783569336,9.54978084564209,18.735487937927246
5087,28.25247573852539,9.270026206970215,18.982449531555176
5088,28.32701301574707,8.403417587280273,19.923595428466797
5089,28.18738555908203,8.228560447692871,19.95882511138916
5090,28.229999542236328,7.980955600738525,20.249043941497803
5091,28.016944885253906,7.998162746429443,20.018782138824463
5092,28.176111221313477,7.230748176574707,20.94536304473877
5093,27.996538162231445,8.877118110656738,19.119420051574707
5094,27.793888092041016,8.964943885803223,18.828944206237793
5095,27.399999618530273,9.218350410461426,18.181649208068848
5096,27.573888778686523,9.628695487976074,17.94519329071045
5097,27.776945114135742,9.55573558807373,18.22120952606201
5098,28.023056030273438,10.084762573242188,17.93829345703125
5099,28.256914138793945,12.100475311279297,16.15643882751465
5100,28.48709487915039,19.2618408203125,9.22525405883789
5101,28.663888931274414,11.447775840759277,17.216113090515137
5102,28.628055572509766,8.921260833740234,19.70679473876953
5103,28.074081420898438,7.871387958526611,20.202693462371826
5104,27.90999984741211,8.369491577148438,19.540508270263672
5105,27.91694450378418,8.53040599822998,19.3865385055542
5106,27.610000610351562,8.404451370239258,19.205549240112305
5107,27.026111602783203,9.506516456604004,17.5195951461792
5108,26.687788009643555,9.2369966506958,17.450791358947754
5109,26.864999771118164,9.028947830200195,17.83605194091797
5110,27.051111221313477,8.56322193145752,18.487889289855957
5111,27.251943588256836,8.684266090393066,18.56767749786377
5112,27.562063217163086,8.720452308654785,18.8416109085083
5113,27.723861694335938,9.204386711120605,18.519474983215332
5114,27.698055267333984,10.257278442382812,17.440776824951172
5115,27.778888702392578,9.411900520324707,18.36698818206787
5116,27.67888832092285,11.10079574584961,16.578092575073242
5117,28.03731918334961,11.553706169128418,16.48361301422119
5118,28.156110763549805,11.661060333251953,16.49505043029785
5119,28.211944580078125,14.549301147460938,13.662643432617188
5120,28.335439682006836,10.812934875488281,17.522504806518555
5121,28.332475662231445,10.532564163208008,17.799911499023438
5122,28.258270263671875,9.102581024169922,19.155689239501953
5123,28.58246421813965,9.224549293518066,19.357914924621582
5124,28.495460510253906,9.630062103271484,18.865398406982422
5125,28.321945190429688,10.04765510559082,18.274290084838867
5126,27.860679626464844,10.76360034942627,17.097079277038574
5127,27.75712013244629,9.970965385437012,17.786154747009277
5128,27.478055953979492,9.512779235839844,17.96527671813965
5129,27.418888092041016,9.496942520141602,17.921945571899414
5130,27.979999542236328,8.639665603637695,19.340333938598633
5131,27.100000381469727,8.875018119812012,18.224982261657715
5132,26.98973846435547,9.889959335327148,17.09977912902832
5133,27.120288848876953,8.888689994812012,18.23159885406494
5134,27.04305648803711,9.81330680847168,17.22974967956543
5135,27.00611114501953,11.566305160522461,15.43980598449707
5136,27.153661727905273,10.735349655151367,16.418312072753906
5137,27.218456268310547,12.175936698913574,15.042519569396973
5138,27.348888397216797,11.105363845825195,16.2435245513916
5139,27.4950008392334,10.010711669921875,17.484289169311523
5140,27.38194465637207,10.863515853881836,16.518428802490234
5141,27.196914672851562,10.117070198059082,17.07984447479248
5142,27.09000015258789,9.357830047607422,17.73217010498047
5143,26.8832950592041,9.773091316223145,17.110203742980957
5144,26.988056182861328,9.35941219329834,17.62864398956299
5145,26.974349975585938,9.028178215026855,17.946171760559082
5146,26.933889389038086,12.346063613891602,14.587825775146484
5147,26.898889541625977,18.00141716003418,8.897472381591797
5148,26.943889617919922,13.211791038513184,13.732098579406738
5149,26.92194366455078,11.32228946685791,15.599654197692871
5150,27.128889083862305,10.308732986450195,16.82015609741211
5151,27.149450302124023,10.214349746704102,16.935100555419922
5152,26.90305519104004,10.443512916564941,16.459542274475098
5153,26.408119201660156,9.432422637939453,16.975696563720703
5154,26.56194496154785,10.326677322387695,16.235267639160156
5155,26.73819923400879,10.415313720703125,16.322885513305664
5156,26.76401138305664,10.588518142700195,16.175493240356445
5157,26.79694366455078,10.806194305419922,15.99074935913086
5158,26.81194496154785,12.832446098327637,13.979498863220215
5159,26.82805633544922,23.63755226135254,3.1905040740966797
5160,27.05143928527832,23.13109016418457,3.92034912109375
5161,27.08477020263672,25.065061569213867,2.0197086334228516
5162,26.81561851501465,24.964200973510742,1.8514175415039062
5163,26.786945343017578,25.637128829956055,1.1498165130615234
5164,26.793888092041016,25.20123863220215,1.5926494598388672
5165,26.561674118041992,23.815332412719727,2.7463417053222656
5166,26.476943969726562,24.553598403930664,1.9233455657958984
5167,26.50694465637207,24.579986572265625,1.9269580841064453
5168,25.823104858398438,26.865093231201172,1.0419883728027344
5169,25.608888626098633,26.534393310546875,0.9255046844482422
5170,25.76388931274414,24.241445541381836,1.5224437713623047
5171,26.078887939453125,16.94399642944336,9.134891510009766
5172,26.308889389038086,19.420028686523438,6.888860702514648
5173,26.287805557250977,12.066957473754883,14.220848083496094
5174,26.229900360107422,10.98560905456543,15.244291305541992
5175,26.08305549621582,21.435829162597656,4.647226333618164
5176,26.238056182861328,23.39101791381836,2.8470382690429688
5177,26.318889617919922,19.37738037109375,6.941509246826172
5178,26.401945114135742,24.662086486816406,1.739858627319336
5179,26.3880558013916,24.083316802978516,2.304738998413086
5180,26.601943969726562,24.662715911865234,1.9392280578613281
5181,26.145429611206055,17.674158096313477,8.471271514892578
5182,25.970800399780273,19.267868041992188,6.702932357788086
5183,26.08146858215332,16.98708152770996,9.09438705444336
5184,25.973888397216797,13.550652503967285,12.423235893249512
5185,25.83888816833496,13.378171920776367,12.460716247558594
5186,26.15999984741211,10.389371871948242,15.770627975463867
5187,26.323888778686523,9.274001121520996,17.049887657165527
5188,26.153505325317383,8.444766998291016,17.708738327026367
5189,26.336111068725586,8.820487022399902,17.515624046325684
5190,26.693056106567383,8.408045768737793,18.28501033782959
5191,27.218889236450195,9.227958679199219,17.990930557250977
5192,26.31290626525879,9.455194473266602,16.857711791992188
5193,26.303054809570312,10.818242073059082,15.48481273651123
5194,26.578887939453125,10.306681632995605,16.27220630645752
5195,26.909788131713867,10.977814674377441,15.931973457336426
5196,26.976110458374023,10.283931732177734,16.69217872619629
5197,27.10527992248535,10.19642162322998,16.90885829925537
5198,26.851943969726562,9.79583740234375,17.056106567382812
5199,26.954999923706055,9.282800674438477,17.672199249267578
5200,26.745670318603516,9.151008605957031,17.594661712646484
5201,26.934999465942383,9.344359397888184,17.5906400680542
5202,27.136110305786133,8.946182250976562,18.18992805480957
5203,26.869680404663086,9.477824211120605,17.39185619354248
5204,26.67388916015625,9.939621925354004,16.734267234802246
5205,26.967010498046875,10.761752128601074,16.2052583694458
5206,27.056110382080078,10.352811813354492,16.703298568725586
5207,27.01041030883789,10.700881958007812,16.309528350830078
5208,27.14611053466797,10.988578796386719,16.15753173828125
5209,26.612939834594727,9.81892204284668,16.794017791748047
5210,26.728055953979492,10.478322982788086,16.249732971191406
5211,26.95111083984375,10.402584075927734,16.548526763916016
5212,27.160181045532227,9.72929859161377,17.430882453918457
5213,27.216838836669922,10.961898803710938,16.254940032958984
5214,27.247060775756836,8.999448776245117,18.24761199951172
5215,27.29888916015625,9.414390563964844,17.884498596191406
5216,27.330299377441406,8.96677303314209,18.363526344299316
5217,27.5049991607666,8.98093032836914,18.52406883239746
5218,27.643571853637695,9.565080642700195,18.0784912109375
5219,27.716110229492188,9.576143264770508,18.13996696472168
5220,27.819610595703125,9.740431785583496,18.07917881011963
5221,27.621944427490234,9.055173873901367,18.566770553588867
5222,27.586944580078125,9.36874771118164,18.218196868896484
5223,27.549999237060547,9.801011085510254,17.748988151550293
5224,27.84000015258789,10.25395393371582,17.58604621887207
5225,28.017475128173828,10.497441291809082,17.520033836364746
5226,27.863889694213867,11.33113956451416,16.532750129699707
5227,27.856945037841797,11.706311225891113,16.150633811950684
5228,28.174699783325195,12.813878059387207,15.360821723937988
5229,28.479999542236328,11.334775924682617,17.14522361755371
5230,28.861055374145508,11.039077758789062,17.821977615356445
5231,28.533889770507812,10.811262130737305,17.722627639770508
5232,28.766111373901367,10.388258934020996,18.37785243988037
5233,28.930299758911133,9.503280639648438,19.427019119262695
5234,29.166250228881836,9.867423057556152,19.298827171325684
5235,29.05660629272461,9.763373374938965,19.293232917785645
5236,28.968889236450195,9.629961013793945,19.33892822265625
5237,28.473888397216797,9.645751953125,18.828136444091797
5238,28.284189224243164,10.178899765014648,18.105289459228516
5239,29.0341796875,10.367992401123047,18.666187286376953
5240,28.380250930786133,10.363219261169434,18.0170316696167
5241,28.03118896484375,10.110357284545898,17.92083168029785
5242,28.02805519104004,10.446361541748047,17.581693649291992
5243,27.92435073852539,11.315988540649414,16.608362197875977
5244,28.04805564880371,21.147180557250977,6.900875091552734
5245,28.280000686645508,23.907470703125,4.372529983520508
5246,28.64611053466797,23.85712432861328,4.7889862060546875
5247,28.772789001464844,22.07581901550293,6.696969985961914
5248,28.191394805908203,22.932411193847656,5.258983612060547
5249,27.504581451416016,11.484378814697266,16.02020263671875
5250,26.908889770507812,7.603539943695068,19.305349826812744
5251,26.81194496154785,8.119150161743164,18.692794799804688
5252,26.608888626098633,8.494338989257812,18.11454963684082
5253,26.739999771118164,8.231783866882324,18.50821590423584
5254,25.983055114746094,8.549038887023926,17.434016227722168
5255,26.58257484436035,7.989378452301025,18.593196392059326
5256,26.9112491607666,7.9930572509765625,18.91819190979004
5257,27.271944046020508,7.78911018371582,19.482833862304688
5258,27.616544723510742,8.856269836425781,18.76027488708496
5259,27.695980072021484,9.253032684326172,18.442947387695312
5260,27.988889694213867,9.594040870666504,18.394848823547363
5261,28.348054885864258,12.009258270263672,16.338796615600586
5262,28.443889617919922,10.382529258728027,18.061360359191895
5263,28.584213256835938,9.281641006469727,19.30257225036621
5264,28.52553939819336,9.089162826538086,19.436376571655273
5265,28.751876831054688,9.078042030334473,19.673834800720215
5266,28.786069869995117,9.742465019226074,19.043604850769043
5267,28.518888473510742,11.198777198791504,17.32011127471924
5268,28.6146297454834,11.07335090637207,17.541278839111328
5269,29.008888244628906,9.620351791381836,19.38853645324707
5270,29.44563865661621,9.359845161437988,20.085793495178223
5271,29.67305564880371,9.330829620361328,20.342226028442383
5272,29.479999542236328,8.450406074523926,21.029593467712402
5273,29.16343879699707,10.037531852722168,19.125906944274902
5274,29.202455520629883,10.379571914672852,18.82288360595703
5275,29.271512985229492,11.226401329040527,18.045111656188965
5276,29.088069915771484,12.169673919677734,16.91839599609375
5277,28.681272506713867,11.6512451171875,17.030027389526367
5278,28.258054733276367,9.754279136657715,18.503775596618652
5279,27.951705932617188,9.27885627746582,18.672849655151367
5280,27.483055114746094,7.940668106079102,19.542387008666992
5281,27.04486083984375,8.528876304626465,18.515984535217285
5282,26.635000228881836,8.856966972351074,17.77803325653076
5283,26.593055725097656,8.804624557495117,17.78843116760254
5284,27.033889770507812,10.324106216430664,16.70978355407715
5285,27.11793327331543,9.625226020812988,17.49270725250244
5286,27.278888702392578,9.651237487792969,17.62765121459961
5287,27.462932586669922,9.679572105407715,17.783360481262207
5288,27.406944274902344,8.695054054260254,18.71189022064209
5289,27.232385635375977,9.22521686553955,18.007168769836426
5290,27.36383819580078,9.660163879394531,17.70367431640625
5291,27.206111907958984,11.662741661071777,15.543370246887207
5292,27.518938064575195,12.05858325958252,15.460354804992676
5293,27.508888244628906,9.816829681396484,17.692058563232422
5294,27.523056030273438,9.784077644348145,17.738978385925293
5295,27.6314640045166,10.05225944519043,17.579204559326172
5296,27.008054733276367,9.391770362854004,17.616284370422363
5297,26.274999618530273,10.419629096984863,15.85537052154541
5298,26.100069046020508,10.365227699279785,15.734841346740723
5299,26.100000381469727,10.695634841918945,15.404365539550781
5300,25.788719177246094,9.652482986450195,16.1362361907959
5301,25.038055419921875,10.104284286499023,14.933771133422852
5302,24.920000076293945,11.464675903320312,13.455324172973633
5303,25.178054809570312,11.757333755493164,13.420721054077148
5304,25.031944274902344,11.27561092376709,13.756333351135254
5305,24.699819564819336,12.186870574951172,12.512948989868164
5306,24.366945266723633,11.664016723632812,12.70292854309082
5307,24.475961685180664,10.700763702392578,13.775197982788086
5308,24.72775650024414,11.646547317504883,13.081209182739258
5309,25.05833625793457,10.81196403503418,14.24637222290039
5310,25.32516860961914,12.02230453491211,13.302864074707031
5311,25.11910057067871,11.586166381835938,13.532934188842773
5312,24.70194435119629,12.273606300354004,12.428338050842285
5313,24.355438232421875,12.698939323425293,11.656498908996582
5314,24.523235321044922,14.676389694213867,9.846845626831055
5315,24.845449447631836,16.879732131958008,7.965717315673828
5316,25.036945343017578,16.542522430419922,8.494422912597656
5317,25.16805648803711,16.538969039916992,8.629087448120117
5318,24.883054733276367,22.294679641723633,2.5883750915527344
5319,25.309999465942383,23.351762771606445,1.9582366943359375
5320,25.433055877685547,25.0891170501709,0.34393882751464844
5321,25.515039443969727,25.129413604736328,0.38562583923339844
5322,25.728614807128906,23.338687896728516,2.3899269104003906
5323,25.66438865661621,23.141986846923828,2.522401809692383
5324,26.01865577697754,17.835634231567383,8.183021545410156
5325,26.151111602783203,13.698508262634277,12.452603340148926
5326,26.203887939453125,10.46307373046875,15.740814208984375
5327,26.168888092041016,9.920318603515625,16.24856948852539
5328,26.441944122314453,8.217459678649902,18.22448444366455
5329,26.99305534362793,8.04341983795166,18.94963550567627
5330,27.336944580078125,8.648712158203125,18.688232421875
5331,27.31845474243164,10.22490119934082,17.09355354309082
5332,27.521530151367188,19.4078369140625,8.113693237304688
5333,27.47291374206543,23.81768035888672,3.655233383178711
5334,27.078887939453125,14.583589553833008,12.495298385620117
5335,26.975000381469727,10.125924110412598,16.84907627105713
5336,27.206193923950195,10.311165809631348,16.895028114318848
5337,26.769250869750977,11.16799259185791,15.601258277893066
5338,26.415000915527344,12.94512939453125,13.469871520996094
5339,25.988889694213867,20.34695816040039,5.641931533813477
5340,25.606111526489258,24.604324340820312,1.0017871856689453
5341,25.4301700592041,26.925371170043945,1.4952011108398438
5342,25.471111297607422,26.44890785217285,0.9777965545654297
5343,25.707399368286133,27.59712028503418,1.8897209167480469
5344,26.043888092041016,26.317062377929688,0.2731742858886719
5345,25.891111373901367,17.95871353149414,7.932397842407227
5346,26.2224063873291,21.01693344116211,5.205472946166992
5347,26.571935653686523,11.302652359008789,15.269283294677734
5348,26.301111221313477,10.231796264648438,16.06931495666504
5349,26.075410842895508,9.936609268188477,16.13880157470703
5350,25.908056259155273,8.534746170043945,17.373310089111328
5351,26.197824478149414,9.247979164123535,16.94984531402588
5352,26.25694465637207,9.663469314575195,16.593475341796875
5353,26.54694366455078,9.831274032592773,16.715669631958008
5354,27.104280471801758,8.721275329589844,18.383005142211914
5355,27.386594772338867,8.004243850708008,19.38235092163086
5356,27.519380569458008,8.481837272644043,19.037543296813965
5357,27.95305633544922,8.647987365722656,19.305068969726562
5358,27.961069107055664,8.05385684967041,19.907212257385254
5359,27.74305534362793,8.81338882446289,18.92966651916504
5360,27.343055725097656,9.229183197021484,18.113872528076172
5361,27.253889083862305,9.685185432434082,17.568703651428223
5362,27.299999237060547,11.036396980285645,16.263602256774902
5363,27.75101089477539,23.192054748535156,4.558956146240234
5364,27.6200008392334,23.908557891845703,3.7114429473876953
5365,27.2569637298584,24.328771591186523,2.928192138671875
5366,26.949729919433594,22.866905212402344,4.08282470703125
5367,26.676111221313477,25.556795120239258,1.1193161010742188
5368,26.309999465942383,24.717681884765625,1.5923175811767578
5369,25.989999771118164,25.332683563232422,0.6573162078857422
5370,26.018888473510742,26.7984619140625,0.7795734405517578
5371,26.004560470581055,24.637413024902344,1.367147445678711
5372,25.788888931274414,25.974933624267578,0.18604469299316406
5373,25.835399627685547,25.052913665771484,0.7824859619140625
5374,26.01388931274414,24.548519134521484,1.4653701782226562
5375,26.041379928588867,21.358139038085938,4.68324089050293
5376,26.026935577392578,16.48125648498535,9.545679092407227
5377,26.128311157226562,19.606395721435547,6.521915435791016
5378,25.93416976928711,20.79335594177246,5.140813827514648
5379,26.143423080444336,24.355287551879883,1.7881355285644531
5380,26.241945266723633,26.07061004638672,0.17133522033691406
5381,26.23531150817871,27.74444007873535,1.5091285705566406
5382,26.3721866607666,24.164703369140625,2.2074832916259766
5383,26.409761428833008,24.50889778137207,1.9008636474609375
5384,26.403888702392578,25.709400177001953,0.694488525390625
5385,26.413888931274414,24.441661834716797,1.9722270965576172
5386,26.278888702392578,27.581684112548828,1.30279541015625
5387,26.323055267333984,27.32022476196289,0.9971694946289062
5388,26.067663192749023,24.082996368408203,1.9846668243408203
5389,25.851110458374023,20.40266227722168,5.448448181152344
5390,25.89923667907715,15.698802947998047,10.200433731079102
5391,25.87611198425293,12.63866138458252,13.23745059967041
5392,25.786945343017578,11.301323890686035,14.485621452331543
5393,25.90999984741211,11.441495895385742,14.468503952026367
5394,26.121999740600586,12.14279556274414,13.979204177856445
5395,26.266111373901367,17.91566276550293,8.350448608398438
5396,26.633806228637695,21.90998649597168,4.723819732666016
5397,27.162137985229492,23.362756729125977,3.7993812561035156
5398,27.18126106262207,23.16919708251953,4.012063980102539
5399,26.956111907958984,15.701447486877441,11.254664421081543
5400,26.633888244628906,19.47956657409668,7.154321670532227
5401,26.32805061340332,14.57857894897461,11.749471664428711
5402,26.329660415649414,10.485321044921875,15.844339370727539
5403,26.108055114746094,12.031392097473145,14.07666301727295
5404,26.336111068725586,11.497710227966309,14.838400840759277
5405,26.547311782836914,12.52527141571045,14.022040367126465
5406,26.283056259155273,12.529740333557129,13.753315925598145
5407,26.094968795776367,12.654775619506836,13.440193176269531
5408,25.828887939453125,9.991744041442871,15.837143898010254
5409,25.5169620513916,11.262904167175293,14.254057884216309
5410,25.325000762939453,13.697264671325684,11.62773609161377
5411,25.496110916137695,11.164669036865234,14.331441879272461
5412,26.051111221313477,11.422978401184082,14.628132820129395
5413,26.1854305267334,11.730884552001953,14.454545974731445
5414,26.2568302154541,12.235658645629883,14.021171569824219
5415,26.2630558013916,10.901867866516113,15.361187934875488
5416,26.09694480895996,10.411300659179688,15.685644149780273
5417,25.890430450439453,12.239140510559082,13.651289939880371
5418,25.778888702392578,12.042359352111816,13.736529350280762
5419,25.40999984741211,12.185029029846191,13.224970817565918
5420,25.40250015258789,11.475932121276855,13.926568031311035
5421,25.146711349487305,12.482352256774902,12.664359092712402
5422,25.33771324157715,13.17530632019043,12.162406921386719
5423,25.1380558013916,11.965627670288086,13.172428131103516
5424,25.059749603271484,11.22502613067627,13.834723472595215
5425,25.646060943603516,10.666853904724121,14.979207038879395
5426,25.76124382019043,11.620355606079102,14.140888214111328
5427,25.662025451660156,12.115350723266602,13.546674728393555
5428,25.406944274902344,20.263181686401367,5.143762588500977
5429,25.32472038269043,23.41380500793457,1.9109153747558594
5430,25.088930130004883,24.19551658630371,0.8934135437011719
5431,25.447486877441406,23.30289649963379,2.144590377807617
5432,25.67388916015625,23.134626388549805,2.5392627716064453
5433,26.021944046020508,23.01173973083496,3.010204315185547
5434,26.038888931274414,23.025033950805664,3.01385498046875
5435,25.92305564880371,22.496519088745117,3.4265365600585938
5436,26.060619354248047,21.84211540222168,4.218503952026367
5437,26.39453887939453,13.811806678771973,12.582732200622559
5438,26.576215744018555,12.668814659118652,13.907401084899902
5439,26.50611114501953,12.402036666870117,14.104074478149414
5440,26.358888626098633,12.49239444732666,13.866494178771973
5441,26.046199798583984,12.89922046661377,13.146979331970215
5442,25.71013069152832,12.100301742553711,13.60982894897461
5443,25.361364364624023,12.582650184631348,12.778714179992676
5444,25.05388832092285,13.85892391204834,11.194964408874512
5445,24.933189392089844,13.293595314025879,11.639594078063965
5446,24.86862564086914,22.016462326049805,2.852163314819336
5447,25.06845474243164,22.97056770324707,2.0978870391845703
5448,25.408056259155273,24.09226417541504,1.3157920837402344
5449,25.415000915527344,25.820995330810547,0.4059944152832031
5450,25.721111297607422,26.250612258911133,0.5295009613037109
5451,25.84980583190918,25.292987823486328,0.5568180084228516
5452,25.886943817138672,26.773876190185547,0.886932373046875
5453,25.896944046020508,25.44864273071289,0.4483013153076172
5454,25.743913650512695,24.29062843322754,1.4532852172851562
5455,25.86805534362793,24.531782150268555,1.336273193359375
5456,26.198888778686523,24.095338821411133,2.1035499572753906
5457,26.33194351196289,24.032079696655273,2.299863815307617
5458,25.933889389038086,24.733840942382812,1.2000484466552734
5459,26.071945190429688,23.97595977783203,2.0959854125976562
5460,26.136943817138672,23.803455352783203,2.3334884643554688
5461,26.048025131225586,26.1167049407959,0.0686798095703125
5462,26.047075271606445,26.898334503173828,0.8512592315673828
5463,26.108888626098633,25.72481346130371,0.3840751647949219
5464,26.152849197387695,24.69343376159668,1.4594154357910156
5465,26.216054916381836,27.942140579223633,1.7260856628417969
5466,26.091018676757812,22.138301849365234,3.952716827392578
5467,26.261943817138672,9.088290214538574,17.173653602600098
5468,26.06305503845215,8.899415969848633,17.163639068603516
5469,26.20139503479004,8.116455078125,18.08493995666504
5470,26.04990577697754,9.148436546325684,16.901469230651855
5471,26.156110763549805,8.483268737792969,17.672842025756836
5472,26.045000076293945,8.336560249328613,17.708439826965332
5473,25.718599319458008,8.826969146728516,16.891630172729492
5474,25.424999237060547,9.260969161987305,16.164030075073242
5475,25.27959442138672,9.01974868774414,16.259845733642578
5476,25.20111083984375,10.698474884033203,14.502635955810547
5477,24.54694366455078,10.7276029586792,13.819340705871582
5478,24.120670318603516,9.977293014526367,14.143377304077148
5479,23.738889694213867,9.162745475769043,14.576144218444824
5480,23.60923957824707,7.973264694213867,15.635974884033203
5481,24.011943817138672,8.408231735229492,15.60371208190918
5482,24.193056106567383,9.769980430603027,14.423075675964355
5483,23.798768997192383,8.14821720123291,15.650551795959473
5484,23.924999237060547,9.665093421936035,14.259905815124512
5485,24.28993034362793,9.527200698852539,14.76272964477539
5486,24.02805519104004,9.849900245666504,14.178154945373535
5487,23.906312942504883,9.782869338989258,14.123443603515625
5488,24.073888778686523,10.350757598876953,13.72313117980957
5489,24.253889083862305,11.72951889038086,12.524370193481445
5490,24.656944274902344,11.513680458068848,13.143263816833496
5491,24.806943893432617,9.447504043579102,15.359439849853516
5492,25.291894912719727,12.120956420898438,13.170938491821289
5493,25.797189712524414,10.336018562316895,15.46117115020752
5494,26.07508087158203,11.295330047607422,14.77975082397461
5495,25.74888801574707,11.405501365661621,14.34338665008545
5496,25.568056106567383,11.3568696975708,14.211186408996582
5497,25.776945114135742,11.96922779083252,13.807717323303223
5498,25.620019912719727,11.657998085021973,13.962021827697754
5499,25.643888473510742,10.387406349182129,15.256482124328613
5500,25.405000686645508,10.61189079284668,14.793109893798828
5501,25.156944274902344,11.899474143981934,13.25747013092041
5502,24.78363037109375,12.780141830444336,12.003488540649414
5503,24.475000381469727,12.384604454040527,12.0903959274292
5504,24.2413387298584,12.985809326171875,11.255529403686523
5505,24.58453941345215,12.483062744140625,12.101476669311523
5506,24.698055267333984,10.474270820617676,14.223784446716309
5507,24.848949432373047,11.013751029968262,13.835198402404785
5508,25.02111053466797,10.793906211853027,14.227204322814941
5509,25.116945266723633,10.983031272888184,14.13391399383545
5510,25.503889083862305,10.698861122131348,14.805027961730957
5511,25.703689575195312,9.821114540100098,15.882575035095215
5512,25.628889083862305,11.336731910705566,14.292157173156738
5513,25.684480667114258,11.217365264892578,14.46711540222168
5514,25.63043975830078,10.961423873901367,14.669015884399414
5515,25.403060913085938,11.742574691772461,13.660486221313477
5516,25.348888397216797,12.245926856994629,13.102961540222168
5517,25.556943893432617,12.363075256347656,13.193868637084961
5518,25.674999237060547,11.868024826049805,13.806974411010742
5519,25.203887939453125,10.929145812988281,14.274742126464844
5520,24.69195556640625,12.244091987609863,12.447863578796387
5521,24.45305633544922,11.016378402709961,13.436677932739258
5522,24.531944274902344,10.867012023925781,13.664932250976562
5523,24.54652976989746,11.3110990524292,13.235430717468262
5524,24.543888092041016,10.495172500610352,14.048715591430664
5525,24.096460342407227,10.181971549987793,13.914488792419434
5526,23.79194450378418,9.516451835632324,14.275492668151855
5527,23.889999389648438,9.378439903259277,14.51155948638916
5528,23.850000381469727,9.168542861938477,14.68145751953125
5529,24.158143997192383,8.795536041259766,15.362607955932617
5530,24.23348617553711,9.152067184448242,15.081418991088867
5531,23.8619441986084,9.106121063232422,14.755823135375977
5532,23.903888702392578,9.710371017456055,14.193517684936523
5533,24.113889694213867,9.081774711608887,15.03211498260498
5534,24.165000915527344,11.117559432983398,13.047441482543945
5535,24.35388946533203,13.442036628723145,10.911852836608887
5536,24.50611114501953,11.041315078735352,13.46479606628418
5537,24.32029914855957,10.31985855102539,14.00044059753418
5538,24.371536254882812,9.849135398864746,14.522400856018066
5539,23.875,10.404867172241211,13.470132827758789
5540,23.6785945892334,8.442649841308594,15.235944747924805
5541,23.423999786376953,9.156791687011719,14.267208099365234
5542,22.934999465942383,8.95462417602539,13.980375289916992
5543,22.11495018005371,9.188207626342773,12.926742553710938
5544,21.75334358215332,9.157402992248535,12.595940589904785
5545,21.858055114746094,9.252025604248047,12.606029510498047
5546,22.017744064331055,9.569738388061523,12.448005676269531
5547,22.158889770507812,9.164158821105957,12.994730949401855
5548,22.246110916137695,8.115479469299316,14.130631446838379
5549,22.588054656982422,8.398319244384766,14.189735412597656
5550,22.448055267333984,8.369914054870605,14.078141212463379
5551,22.213489532470703,9.575922012329102,12.637567520141602
5552,21.810760498046875,8.985832214355469,12.824928283691406
5553,22.046335220336914,8.859615325927734,13.18671989440918
5554,21.918624877929688,9.506501197814941,12.412123680114746
5555,21.985000610351562,9.092327117919922,12.89267349243164
5556,22.348054885864258,9.449895858764648,12.89815902709961
5557,22.56999969482422,9.570961952209473,12.999037742614746
5558,22.746688842773438,9.92726993560791,12.819418907165527
5559,22.249385833740234,10.282783508300781,11.966602325439453
5560,22.366111755371094,11.09740924835205,11.268702507019043
5561,22.806110382080078,12.54884147644043,10.257268905639648
5562,23.184999465942383,12.773448944091797,10.411550521850586
5563,23.278888702392578,10.703699111938477,12.575189590454102
5564,23.450000762939453,10.290024757385254,13.1599760055542
5565,23.781944274902344,9.800498962402344,13.9814453125
5566,24.21649932861328,9.616171836853027,14.600327491760254
5567,24.573888778686523,9.861051559448242,14.712837219238281
5568,24.70694351196289,9.104581832885742,15.602361679077148
5569,24.806110382080078,9.300151824951172,15.505958557128906
5570,25.26817512512207,9.250185012817383,16.017990112304688
5571,25.375,9.063377380371094,16.311622619628906
5572,25.308074951171875,9.354864120483398,15.953210830688477
5573,25.479999542236328,9.909646034240723,15.570353507995605
5574,25.604999542236328,11.098183631896973,14.506815910339355
5575,25.23611068725586,11.256993293762207,13.979117393493652
5576,24.776111602783203,9.552018165588379,15.224093437194824
5577,24.818889617919922,10.832714080810547,13.986175537109375
5578,24.94611167907715,10.355693817138672,14.590417861938477
5579,25.112083435058594,10.301769256591797,14.810314178466797
5580,25.193056106567383,8.640260696411133,16.55279541015625
5581,25.08032989501953,8.588452339172363,16.491877555847168
5582,25.246110916137695,8.951701164245605,16.29440975189209
5583,24.980388641357422,9.122406959533691,15.85798168182373
5584,24.940011978149414,8.499873161315918,16.440138816833496
5585,24.656614303588867,9.643320083618164,15.013294219970703
5586,24.56305503845215,9.995667457580566,14.567387580871582
5587,24.206111907958984,9.994258880615234,14.21185302734375
5588,23.692913055419922,10.132586479187012,13.56032657623291
5589,23.700000762939453,12.042328834533691,11.657671928405762
5590,23.890289306640625,13.296761512756348,10.593527793884277
5591,23.995220184326172,12.735187530517578,11.260032653808594
5592,24.1299991607666,11.403101921081543,12.726897239685059
5593,24.431175231933594,9.308178901672363,15.12299633026123
5594,24.635549545288086,8.198357582092285,16.4371919631958
5595,24.977035522460938,8.019186973571777,16.95784854888916
5596,25.36111068725586,8.135685920715332,17.225424766540527
5597,25.8575439453125,8.599672317504883,17.257871627807617
5598,26.12611198425293,8.442855834960938,17.683256149291992
5599,26.559829711914062,8.87399673461914,17.685832977294922
5600,26.828710556030273,9.734122276306152,17.09458827972412
5601,26.991945266723633,9.974542617797852,17.01740264892578
5602,27.636188507080078,9.627485275268555,18.008703231811523
5603,28.051111221313477,9.395846366882324,18.655264854431152
5604,28.323888778686523,9.658708572387695,18.665180206298828
5605,28.141111373901367,9.670273780822754,18.470837593078613
5606,28.17946434020996,9.118728637695312,19.06073570251465
5607,28.496944427490234,9.369684219360352,19.127260208129883
5608,28.58004379272461,9.558298110961914,19.021745681762695
5609,28.581613540649414,8.00460433959961,20.577009201049805
5610,28.738550186157227,8.749384880065918,19.98916530609131
5611,28.68822479248047,8.665061950683594,20.023162841796875
5612,28.846111297607422,9.378588676452637,19.467522621154785
5613,28.77805519104004,9.063666343688965,19.714388847351074
5614,28.83388900756836,9.57754898071289,19.25634002685547
5615,28.14611053466797,9.207401275634766,18.938709259033203
5616,28.00111198425293,8.890189170837402,19.110922813415527
5617,27.871944427490234,8.262621879577637,19.609322547912598
5618,27.74888801574707,7.781284809112549,19.96760320663452
5619,27.559999465942383,8.344236373901367,19.215763092041016
5620,27.801944732666016,8.506112098693848,19.295832633972168
5621,27.96413803100586,9.699941635131836,18.264196395874023
5622,28.276111602783203,10.317265510559082,17.95884609222412
5623,28.598888397216797,9.03986644744873,19.559021949768066
5624,28.641944885253906,12.898591995239258,15.743352890014648
5625,28.102375030517578,8.812294006347656,19.290081024169922
5626,27.471111297607422,9.472129821777344,17.998981475830078
5627,26.913888931274414,7.0433783531188965,19.870510578155518
5628,26.491111755371094,6.784877300262451,19.706234455108643
5629,26.309999465942383,6.433944225311279,19.876055240631104
5630,26.726110458374023,7.15098237991333,19.575128078460693
5631,26.779438018798828,7.163365364074707,19.61607265472412
5632,26.341114044189453,8.040124893188477,18.300989151000977
5633,25.92194366455078,8.239293098449707,17.682650566101074
5634,26.1309814453125,7.690780162811279,18.44020128250122
5635,26.570039749145508,9.00133991241455,17.568699836730957
5636,26.723888397216797,7.949960708618164,18.773927688598633
5637,26.590639114379883,7.852999687194824,18.73763942718506
5638,26.7549991607666,7.952326774597168,18.802672386169434
5639,27.04694366455078,8.067439079284668,18.979504585266113
5640,27.21756362915039,9.297467231750488,17.920096397399902
5641,27.311885833740234,9.74056625366211,17.571319580078125
5642,27.549999237060547,8.69177532196045,18.858223915100098
5643,27.5565242767334,9.347468376159668,18.20905590057373
5644,27.5,8.811874389648438,18.688125610351562
5645,28.170000076293945,9.508237838745117,18.661762237548828
5646,28.898889541625977,9.466973304748535,19.43191623687744
5647,29.711111068725586,10.412027359008789,19.299083709716797
5648,30.247835159301758,10.140815734863281,20.107019424438477
5649,30.723888397216797,12.421602249145508,18.30228614807129
5650,31.1119441986084,10.420961380004883,20.690982818603516
5651,31.578989028930664,10.916557312011719,20.662431716918945
5652,31.913869857788086,11.657124519348145,20.25674533843994
5653,32.01493453979492,10.766762733459473,21.24817180633545
5654,31.901111602783203,10.631200790405273,21.26991081237793
5655,31.90999984741211,11.023797035217285,20.886202812194824
5656,31.636943817138672,8.869452476501465,22.767491340637207
5657,31.406944274902344,9.119658470153809,22.287285804748535
5658,31.356794357299805,10.861468315124512,20.495326042175293
5659,31.189950942993164,11.735198020935059,19.454752922058105
5660,31.073888778686523,22.199283599853516,8.874605178833008
5661,30.899999618530273,21.567975997924805,9.332023620605469
5662,30.98501968383789,21.526185989379883,9.458833694458008
5663,30.757888793945312,22.282997131347656,8.474891662597656
5664,30.591943740844727,15.092571258544922,15.499372482299805
5665,30.408889770507812,13.019937515258789,17.388952255249023
5666,30.604999542236328,12.802117347717285,17.802882194519043
5667,30.700450897216797,11.491569519042969,19.208881378173828
5668,30.654130935668945,10.669090270996094,19.98504066467285
5669,30.586061477661133,11.609331130981445,18.976730346679688
5670,30.32611083984375,11.70464038848877,18.62147045135498
5671,29.934288024902344,11.911520004272461,18.022768020629883
5672,29.625,13.048583030700684,16.576416969299316
5673,29.475379943847656,12.82089900970459,16.654480934143066
5674,29.877788543701172,13.710067749023438,16.167720794677734
5675,29.979999542236328,10.453425407409668,19.52657413482666
5676,29.794981002807617,11.411612510681152,18.383368492126465
5677,29.54241371154785,11.828985214233398,17.713428497314453
5678,29.700000762939453,12.366323471069336,17.333677291870117
5679,29.616111755371094,19.160600662231445,10.455511093139648
5680,29.878063201904297,15.555837631225586,14.322225570678711
5681,29.935935974121094,9.759654998779297,20.176280975341797
5682,29.71500015258789,9.792107582092285,19.922892570495605
5683,29.66008949279785,8.969478607177734,20.690610885620117
5684,29.796112060546875,10.152945518493652,19.643166542053223
5685,29.637775421142578,9.752840042114258,19.88493537902832
5686,29.391489028930664,10.432623863220215,18.95886516571045
5687,29.1200008392334,9.452127456665039,19.66787338256836
5688,29.13888931274414,9.175284385681152,19.96360492706299
5689,29.643888473510742,9.611488342285156,20.032400131225586
5690,30.207744598388672,9.918963432312012,20.28878116607666
5691,30.82260513305664,9.825577735900879,20.99702739715576
5692,31.26388931274414,10.942106246948242,20.3217830657959
5693,31.44229507446289,11.119400024414062,20.322895050048828
5694,31.41694450378418,11.493425369262695,19.923519134521484
5695,31.43368911743164,11.427931785583496,20.005757331848145
5696,31.17888832092285,13.056532859802246,18.122355461120605
5697,30.748056411743164,12.155570030212402,18.59248638153076
5698,30.55500030517578,20.864761352539062,9.690238952636719
5699,30.62611198425293,24.817745208740234,5.808366775512695
5700,30.552263259887695,21.26970100402832,9.282562255859375
5701,30.413055419921875,25.729328155517578,4.683727264404297
5702,30.36111068725586,23.788965225219727,6.572145462036133
5703,30.1185245513916,14.644777297973633,15.473747253417969
5704,30.028104782104492,14.71139144897461,15.316713333129883
5705,29.941944122314453,13.070717811584473,16.87122631072998
5706,29.919111251831055,13.277215957641602,16.641895294189453
5707,29.561111450195312,13.530132293701172,16.03097915649414
5708,29.73332405090332,12.028141975402832,17.70518207550049
5709,29.878889083862305,12.666669845581055,17.21221923828125
5710,29.999860763549805,13.922067642211914,16.07779312133789
5711,29.568056106567383,11.942404747009277,17.625651359558105
5712,29.333820343017578,13.566971778869629,15.76684856414795
5713,29.31194496154785,12.611668586730957,16.700276374816895
5714,29.203887939453125,10.348194122314453,18.855693817138672
5715,29.390539169311523,12.124312400817871,17.266226768493652
5716,29.515769958496094,12.844636917114258,16.671133041381836
5717,29.68805503845215,12.445053100585938,17.24300193786621
5718,29.766864776611328,12.352869033813477,17.41399574279785
5719,29.77805519104004,12.603991508483887,17.174063682556152
5720,30.00255584716797,11.86555004119873,18.13700580596924
5721,29.950000762939453,10.332158088684082,19.61784267425537
5722,29.561111450195312,10.9369478225708,18.62416362762451
5723,29.79847526550293,10.076797485351562,19.721677780151367
5724,29.49897003173828,9.944039344787598,19.554930686950684
5725,29.080219268798828,9.323256492614746,19.756962776184082
5726,28.92815589904785,8.38287353515625,20.5452823638916
5727,28.95694351196289,9.485050201416016,19.471893310546875
5728,28.45721435546875,8.312861442565918,20.144352912902832
5729,27.998056411743164,8.650894165039062,19.3471622467041
5730,27.81302833557129,8.592114448547363,19.220913887023926
5731,28.20989990234375,8.674956321716309,19.53494358062744
5732,28.264999389648438,8.181198120117188,20.08380126953125
5733,28.42388916015625,8.821183204650879,19.60270595550537
5734,28.342939376831055,9.527782440185547,18.815156936645508
5735,28.128055572509766,9.868042945861816,18.26001262664795
5736,28.39611053466797,9.411510467529297,18.984600067138672
5737,28.610000610351562,9.7772798538208,18.83272075653076
5738,28.308761596679688,9.99041748046875,18.318344116210938
5739,28.31226348876953,10.089099884033203,18.223163604736328
5740,28.592424392700195,9.260381698608398,19.332042694091797
5741,28.983055114746094,9.455728530883789,19.527326583862305
5742,29.15904998779297,10.440053939819336,18.718996047973633
5743,29.365943908691406,10.022112846374512,19.343831062316895
5744,29.42388916015625,10.54937744140625,18.87451171875
5745,29.483980178833008,9.617045402526855,19.866934776306152
5746,29.39611053466797,9.511380195617676,19.884730339050293
5747,29.473054885864258,8.599347114562988,20.87370777130127
5748,29.42305564880371,11.490638732910156,17.932416915893555
5749,29.413055419921875,18.299375534057617,11.113679885864258
5750,29.359088897705078,24.124788284301758,5.23430061340332
5751,29.05500030517578,25.005393981933594,4.0496063232421875
5752,28.875,24.93071937561035,3.9442806243896484
5753,28.776460647583008,20.129451751708984,8.647008895874023
5754,28.477174758911133,15.054006576538086,13.423168182373047
5755,27.913055419921875,9.45576286315918,18.457292556762695
5756,26.815000534057617,9.637463569641113,17.177536964416504
5757,26.278888702392578,11.9979829788208,14.280905723571777
5758,26.436111450195312,21.945877075195312,4.490234375
5759,27.068056106567383,21.497251510620117,5.570804595947266
5760,27.681880950927734,23.15669059753418,4.525190353393555
5761,28.354829788208008,23.016679763793945,5.3381500244140625
5762,28.928054809570312,10.764017105102539,18.164037704467773
5763,29.426111221313477,9.811416625976562,19.614694595336914
5764,29.611774444580078,8.556124687194824,21.055649757385254
5765,29.385000228881836,8.429518699645996,20.95548152923584
5766,29.834999084472656,8.891396522521973,20.943602561950684
5767,29.886943817138672,9.818735122680664,20.068208694458008
5768,30.144569396972656,9.779354095458984,20.365215301513672
5769,29.869760513305664,10.308857917785645,19.56090259552002
5770,29.706449508666992,9.8003511428833,19.90609836578369
5771,29.25,9.58889389038086,19.66110610961914
5772,29.08102035522461,9.5881929397583,19.49282741546631
5773,28.989580154418945,10.168512344360352,18.821067810058594
5774,28.641244888305664,10.477693557739258,18.163551330566406
5775,27.848054885864258,9.405726432800293,18.442328453063965
5776,28.433055877685547,9.25511646270752,19.177939414978027
5777,28.628889083862305,9.486185073852539,19.142704010009766
5778,28.58888816833496,8.49354076385498,20.09534740447998
5779,28.268888473510742,8.36308479309082,19.905803680419922
5780,28.415000915527344,8.8683443069458,19.546656608581543
5781,28.093889236450195,8.533915519714355,19.55997371673584
5782,27.998035430908203,8.872177124023438,19.125858306884766
5783,28.2963809967041,8.523771286010742,19.77260971069336
5784,27.908889770507812,8.093259811401367,19.815629959106445
5785,27.430431365966797,7.872157096862793,19.558274269104004
5786,27.558055877685547,8.589180946350098,18.96887493133545
5787,27.841110229492188,8.078849792480469,19.76226043701172
5788,28.04694366455078,8.554915428161621,19.49202823638916
5789,28.389999389648438,9.829536437988281,18.560462951660156
5790,28.474130630493164,10.184016227722168,18.290114402770996
5791,27.85210609436035,11.426488876342773,16.425617218017578
5792,27.52303695678711,15.659232139587402,11.863804817199707
5793,27.741111755371094,12.061067581176758,15.680044174194336
5794,28.159860610961914,11.610701560974121,16.549159049987793
5795,28.522350311279297,9.571065902709961,18.951284408569336
5796,28.778888702392578,9.440874099731445,19.338014602661133
5797,28.836944580078125,9.578784942626953,19.258159637451172
5798,29.136863708496094,9.5431489944458,19.593714714050293
5799,29.363056182861328,9.600943565368652,19.762112617492676
5800,29.646944046020508,9.4579496383667,20.18899440765381
5801,29.829681396484375,9.735548973083496,20.09413242340088
5802,30.066110610961914,9.089048385620117,20.977062225341797
5803,29.825925827026367,9.270783424377441,20.555142402648926
5804,29.550600051879883,9.262882232666016,20.287717819213867
5805,29.454999923706055,9.695235252380371,19.759764671325684
5806,28.903888702392578,8.427044868469238,20.47684383392334
5807,28.491474151611328,9.00146484375,19.490009307861328
5808,28.575489044189453,9.310976028442383,19.26451301574707
5809,28.969999313354492,8.385634422302246,20.584364891052246
5810,29.041505813598633,9.581146240234375,19.460359573364258
5811,28.538055419921875,9.913468360900879,18.624587059020996
5812,28.20805549621582,9.947446823120117,18.260608673095703
5813,28.27111053466797,8.614249229431152,19.656861305236816
5814,27.825000762939453,9.149476051330566,18.675524711608887
5815,27.512306213378906,8.853740692138672,18.658565521240234
5816,27.48611068725586,8.87211799621582,18.61399269104004
5817,27.148889541625977,8.661249160766602,18.487640380859375
5818,26.59000015258789,8.704615592956543,17.885384559631348
5819,26.523889541625977,8.329019546508789,18.194869995117188
5820,26.311111450195312,9.358001708984375,16.953109741210938
5821,26.6293888092041,8.325221061706543,18.30416774749756
5822,27.053054809570312,8.948135375976562,18.10491943359375
5823,27.234649658203125,9.546027183532715,17.68862247467041
5824,27.16694450378418,9.57577133178711,17.59117317199707
5825,27.50611114501953,10.144601821899414,17.361509323120117
5826,27.843889236450195,12.327485084533691,15.516404151916504
5827,27.69611167907715,10.347997665405273,17.348114013671875
5828,27.794170379638672,10.372385025024414,17.421785354614258
5829,28.141338348388672,10.19466781616211,17.946670532226562
5830,28.41805648803711,9.697994232177734,18.720062255859375
5831,28.364099502563477,9.798831939697266,18.56526756286621
5832,28.53499984741211,10.867483139038086,17.667516708374023
5833,28.661945343017578,9.625212669372559,19.03673267364502
5834,28.653888702392578,9.11543083190918,19.5384578704834
5835,29.04305648803711,9.687165260314941,19.355891227722168
5836,29.377655029296875,9.587482452392578,19.790172576904297
5837,29.489999771118164,9.984238624572754,19.50576114654541
5838,29.75111198425293,12.692365646362305,17.058746337890625
5839,29.943830490112305,15.981049537658691,13.962780952453613
5840,30.014156341552734,11.929065704345703,18.08509063720703
5841,29.96051025390625,21.92221450805664,8.03829574584961
5842,30.1200008392334,21.680099487304688,8.439901351928711
5843,30.10866355895996,15.140046119689941,14.96861743927002
5844,30.174711227416992,12.283950805664062,17.89076042175293
5845,30.24388885498047,12.563630104064941,17.680258750915527
5846,30.26021957397461,11.508320808410645,18.751898765563965
5847,30.433889389038086,10.698580741882324,19.73530864715576
5848,30.72861099243164,11.635641098022461,19.09296989440918
5849,30.94571876525879,10.9763822555542,19.96933650970459
5850,30.75654411315918,11.788924217224121,18.96761989593506
5851,30.323055267333984,15.436638832092285,14.8864164352417
5852,30.651111602783203,13.87800407409668,16.773107528686523
5853,30.628889083862305,16.595924377441406,14.032964706420898
5854,30.983055114746094,19.274761199951172,11.708293914794922
5855,30.861135482788086,22.96671485900879,7.894420623779297
5856,30.56999969482422,22.809249877929688,7.760749816894531
5857,30.551944732666016,18.148517608642578,12.403427124023438
5858,30.283889770507812,11.429773330688477,18.854116439819336
5859,29.950000762939453,11.014732360839844,18.93526840209961
5860,29.2703800201416,11.477689743041992,17.79269027709961
5861,28.987205505371094,12.768511772155762,16.218693733215332
5862,29.149999618530273,13.977401733398438,15.172597885131836
5863,29.27111053466797,13.517767906188965,15.753342628479004
5864,28.788888931274414,13.503973007202148,15.284915924072266
5865,28.933055877685547,20.719125747680664,8.213930130004883
5866,29.021099090576172,23.855039596557617,5.166059494018555
5867,29.266111373901367,25.048280715942383,4.217830657958984
5868,29.253055572509766,25.581138610839844,3.671916961669922
5869,29.500511169433594,25.680513381958008,3.819997787475586
5870,29.481111526489258,17.031333923339844,12.449777603149414
5871,29.56265640258789,11.328405380249023,18.234251022338867
5872,29.763870239257812,10.75129508972168,19.012575149536133
5873,29.871110916137695,10.073593139648438,19.797517776489258
5874,29.81194496154785,11.028691291809082,18.78325366973877
5875,29.818889617919922,10.98404598236084,18.834843635559082
5876,29.62779998779297,11.723366737365723,17.904433250427246
5877,29.037813186645508,13.450234413146973,15.587578773498535
5878,28.928869247436523,13.37254810333252,15.556321144104004
5879,28.93566131591797,14.129400253295898,14.80626106262207
5880,28.716943740844727,12.749924659729004,15.967019081115723
5881,28.79983901977539,12.758530616760254,16.041308403015137
5882,28.82805633544922,12.243511199951172,16.584545135498047
5883,29.008888244628906,10.578590393066406,18.4302978515625
5884,29.04111099243164,11.036985397338867,18.004125595092773
5885,29.07805633544922,12.18299674987793,16.89505958557129
5886,29.155099868774414,10.777482986450195,18.37761688232422
5887,29.1200008392334,10.096556663513184,19.023444175720215
5888,29.09893798828125,11.04369831085205,18.0552396774292
5889,28.948888778686523,11.715190887451172,17.23369789123535
5890,28.279020309448242,9.569747924804688,18.709272384643555
5891,27.921112060546875,12.072937965393066,15.848174095153809
5892,27.823055267333984,12.438342094421387,15.384713172912598
5893,27.83823013305664,11.725723266601562,16.112506866455078
5894,27.959199905395508,11.007284164428711,16.951915740966797
5895,27.545000076293945,11.39030647277832,16.154693603515625
5896,26.758930206298828,12.873230934143066,13.885699272155762
5897,25.92913055419922,14.880529403686523,11.048601150512695
5898,25.171112060546875,20.16463851928711,5.006473541259766
5899,24.686599731445312,23.77399253845215,0.9126071929931641
5900,24.769411087036133,24.511878967285156,0.25753211975097656
5901,24.83194351196289,18.383771896362305,6.448171615600586
5902,25.266700744628906,10.300494194030762,14.966206550598145
5903,25.661945343017578,10.309281349182129,15.35266399383545
5904,26.077795028686523,9.087899208068848,16.989895820617676
5905,26.450199127197266,9.161718368530273,17.288480758666992
5906,26.776945114135742,9.129449844360352,17.64749526977539
5907,27.03438949584961,10.10542106628418,16.92896842956543
5908,27.468889236450195,11.528590202331543,15.940299034118652
5909,27.79888916015625,23.278949737548828,4.519939422607422
5910,28.235410690307617,18.364072799682617,9.871337890625
5911,28.553489685058594,13.847209930419922,14.706279754638672
5912,28.86918067932129,22.493213653564453,6.375967025756836
5913,29.25694465637207,20.51101303100586,8.745931625366211
5914,29.473054885864258,21.949975967407227,7.523078918457031
5915,29.606239318847656,24.19205665588379,5.414182662963867
5916,29.8720703125,22.97581672668457,6.89625358581543
5917,30.197969436645508,24.09248161315918,6.105487823486328
5918,30.116945266723633,23.43095588684082,6.6859893798828125
5919,30.33194351196289,24.547216415405273,5.784727096557617
5920,30.356111526489258,23.809581756591797,6.546529769897461
5921,30.803939819335938,23.38481903076172,7.419120788574219
5922,31.011943817138672,23.270614624023438,7.741329193115234
5923,30.791061401367188,23.049030303955078,7.742031097412109
5924,30.87388801574707,23.614093780517578,7.259794235229492
5925,30.58966064453125,24.10491180419922,6.484748840332031
5926,30.459049224853516,23.88704490661621,6.572004318237305
5927,30.716943740844727,23.32497215270996,7.391971588134766
5928,30.95305633544922,23.08237075805664,7.870685577392578
5929,30.815799713134766,22.28546714782715,8.530332565307617
5930,30.674488067626953,22.022066116333008,8.652421951293945
5931,30.785369873046875,18.96824073791504,11.817129135131836
5932,30.56208038330078,13.827960968017578,16.734119415283203
5933,30.536945343017578,15.808366775512695,14.728578567504883
5934,30.56194496154785,22.07571792602539,8.486227035522461
5935,30.59694480895996,22.944978713989258,7.651966094970703
5936,30.608055114746094,23.18985366821289,7.418201446533203
5937,30.441944122314453,22.596572875976562,7.845371246337891
5938,30.42864990234375,21.219463348388672,9.209186553955078
5939,30.2450008392334,22.190574645996094,8.054426193237305
5940,29.92388916015625,22.46988296508789,7.454006195068359
5941,29.6158504486084,11.110906600952148,18.50494384765625
5942,29.526180267333984,23.61638641357422,5.909793853759766
5943,29.511943817138672,23.815641403198242,5.69630241394043
5944,29.55199432373047,20.829252243041992,8.722742080688477
5945,29.551944732666016,23.862794876098633,5.689149856567383
5946,29.39611053466797,19.120986938476562,10.275123596191406
5947,29.078344345092773,22.834991455078125,6.243352890014648
5948,28.90999984741211,21.904043197631836,7.005956649780273
5949,28.926944732666016,22.700464248657227,6.226480484008789
5950,28.878889083862305,21.798870086669922,7.080018997192383
5951,28.58418846130371,22.06521224975586,6.518976211547852
5952,28.458024978637695,24.810413360595703,3.647611618041992
5953,28.964099884033203,15.897453308105469,13.066646575927734
5954,29.52780532836914,15.893040657043457,13.634764671325684
5955,30.023056030273438,23.207157135009766,6.815898895263672
5956,30.131080627441406,14.757534980773926,15.37354564666748
5957,30.04194450378418,16.940765380859375,13.101179122924805
5958,30.258819580078125,22.818653106689453,7.440166473388672
5959,29.422588348388672,20.130664825439453,9.291923522949219
5960,29.702035903930664,18.328712463378906,11.373323440551758
5961,29.45305633544922,14.055689811706543,15.397366523742676
5962,29.117755889892578,12.623830795288086,16.493925094604492
5963,29.00868034362793,12.8441801071167,16.16450023651123
5964,29.130950927734375,13.823809623718262,15.307141304016113
5965,29.765430450439453,13.506722450256348,16.258708000183105
5966,29.467880249023438,13.653658866882324,15.814221382141113
5967,29.039430618286133,14.4154052734375,14.624025344848633
5968,28.856945037841797,13.584817886352539,15.272127151489258
5969,29.051944732666016,10.54338264465332,18.508562088012695
5970,29.46388816833496,9.746986389160156,19.716901779174805
5971,29.42194366455078,9.18163776397705,20.24030590057373
5972,29.72888946533203,8.687215805053711,21.04167366027832
5973,29.835500717163086,9.09738540649414,20.738115310668945
5974,30.093368530273438,8.93707275390625,21.156295776367188
5975,29.546112060546875,9.549020767211914,19.99709129333496
5976,28.778888702392578,9.634849548339844,19.144039154052734
5977,28.45111083984375,10.362387657165527,18.088723182678223
5978,28.648725509643555,10.794249534606934,17.85447597503662
5979,29.033130645751953,10.74090576171875,18.292224884033203
5980,29.170000076293945,10.655261993408203,18.514738082885742
5981,29.151945114135742,11.447830200195312,17.70411491394043
5982,29.114999771118164,10.989242553710938,18.125757217407227
5983,29.264999389648438,9.780967712402344,19.484031677246094
5984,29.479236602783203,10.903804779052734,18.57543182373047
5985,29.877805709838867,11.24533462524414,18.632471084594727
5986,30.0049991607666,9.352117538452148,20.652881622314453
5987,29.954689025878906,9.51616382598877,20.438525199890137
5988,29.808780670166016,8.995135307312012,20.813645362854004
5989,30.134105682373047,8.866450309753418,21.26765537261963
5990,30.643085479736328,9.448494911193848,21.19459056854248
5991,30.776945114135742,9.920209884643555,20.856735229492188
5992,30.69499969482422,9.643012046813965,21.051987648010254
5993,30.86888885498047,10.320821762084961,20.548067092895508
5994,30.67951202392578,10.210411071777344,20.469100952148438
5995,30.449438095092773,9.855302810668945,20.594135284423828
5996,30.77805519104004,9.412060737609863,21.365994453430176
5997,31.059518814086914,9.533706665039062,21.52581214904785
5998,31.70694351196289,9.327101707458496,22.379841804504395
5999,30.908538818359375,8.434460639953613,22.47407817840576
6000,30.753889083862305,8.482331275939941,22.271557807922363
6001,30.261110305786133,10.142361640930176,20.118748664855957
6002,30.06305503845215,10.230816841125488,19.83223819732666
6003,29.71841049194336,10.53406047821045,19.18435001373291
6004,29.549480438232422,11.043784141540527,18.505696296691895
6005,29.711275100708008,10.683014869689941,19.028260231018066
6006,29.606111526489258,10.843878746032715,18.762232780456543
6007,29.41086196899414,10.748835563659668,18.662026405334473
6008,29.41598892211914,11.173234939575195,18.242753982543945
6009,29.880950927734375,13.254201889038086,16.62674903869629
6010,29.96388816833496,17.935096740722656,12.028791427612305
6011,29.693056106567383,23.064918518066406,6.628137588500977
6012,29.397113800048828,22.646821975708008,6.75029182434082
6013,29.1716365814209,12.589566230773926,16.582070350646973
6014,28.89716339111328,9.784096717834473,19.11306667327881
6015,28.758888244628906,11.282387733459473,17.476500511169434
6016,28.7945499420166,19.49226188659668,9.302288055419922
6017,28.66694450378418,22.462377548217773,6.204566955566406
6018,28.808055877685547,22.20696258544922,6.601093292236328
6019,29.377635955810547,11.604903221130371,17.772732734680176
6020,29.258888244628906,9.550448417663574,19.708439826965332
6021,28.89893913269043,9.279928207397461,19.61901092529297
6022,28.602344512939453,10.04049015045166,18.561854362487793
6023,28.542564392089844,9.028412818908691,19.514151573181152
6024,28.3244686126709,9.323121070861816,19.001347541809082
6025,28.341110229492188,9.55197811126709,18.789132118225098
6026,28.788055419921875,9.360403060913086,19.42765235900879
6027,29.241945266723633,10.8716402053833,18.370305061340332
6028,29.269981384277344,10.07326602935791,19.196715354919434
6029,29.533889770507812,10.592949867248535,18.940939903259277
6030,30.091110229492188,10.599177360534668,19.49193286895752
6031,29.909780502319336,12.083456039428711,17.826324462890625
6032,29.889110565185547,13.781718254089355,16.10739231109619
6033,29.99388885498047,13.744258880615234,16.249629974365234
6034,30.053014755249023,23.804588317871094,6.24842643737793
6035,29.948280334472656,24.16238021850586,5.785900115966797
6036,29.670669555664062,14.454267501831055,15.216402053833008
6037,29.27678680419922,13.571054458618164,15.705732345581055
6038,29.068056106567383,22.37369155883789,6.694364547729492
6039,28.836944580078125,10.608381271362305,18.22856330871582
6040,28.584999084472656,8.57824993133545,20.006749153137207
6041,28.318700790405273,9.836262702941895,18.48243808746338
6042,28.0936336517334,10.128671646118164,17.964962005615234
6043,27.94499969482422,9.137996673583984,18.807003021240234
6044,27.69545555114746,9.218844413757324,18.476611137390137
6045,27.591331481933594,10.811089515686035,16.78024196624756
6046,27.711111068725586,9.426225662231445,18.28488540649414
6047,27.821056365966797,8.762228965759277,19.05882740020752
6048,27.84558868408203,9.186691284179688,18.658897399902344
6049,28.02507972717285,9.861157417297363,18.16392230987549
6050,28.143888473510742,9.369649887084961,18.77423858642578
6051,28.152206420898438,9.720219612121582,18.431986808776855
6052,28.196199417114258,8.922313690185547,19.27388572692871
6053,28.473054885864258,9.942771911621094,18.530282974243164
6054,28.101110458374023,10.539225578308105,17.561884880065918
6055,27.747455596923828,11.931777954101562,15.815677642822266
6056,28.0830135345459,19.056241989135742,9.026771545410156
6057,27.96932029724121,16.633501052856445,11.335819244384766
6058,27.716524124145508,15.017438888549805,12.699085235595703
6059,27.901945114135742,12.1646728515625,15.737272262573242
6060,27.983888626098633,10.843249320983887,17.140639305114746
6061,27.476511001586914,9.551154136657715,17.9253568649292
6062,27.18000030517578,9.062265396118164,18.117734909057617
6063,27.191110610961914,9.19367504119873,17.997435569763184
6064,27.273113250732422,10.633599281311035,16.639513969421387
6065,26.94474983215332,9.949249267578125,16.995500564575195
6066,26.716943740844727,9.468393325805664,17.248550415039062
6067,26.28499984741211,10.172350883483887,16.112648963928223
6068,25.648889541625977,10.856773376464844,14.792116165161133
6069,25.20106315612793,11.223774909973145,13.977288246154785
6070,24.58305549621582,21.194591522216797,3.3884639739990234
6071,24.676986694335938,25.654294967651367,0.9773082733154297
6072,25.033889770507812,26.006702423095703,0.9728126525878906
6073,25.301944732666016,21.063196182250977,4.238748550415039
6074,25.490699768066406,17.746545791625977,7.74415397644043
6075,25.723888397216797,23.305644989013672,2.418243408203125
6076,25.780000686645508,13.609129905700684,12.170870780944824
6077,26.00111198425293,18.451946258544922,7.549165725708008
6078,25.84748649597168,20.99589729309082,4.851589202880859
6079,25.693889617919922,21.608768463134766,4.085121154785156
6080,25.963054656982422,25.642147064208984,0.3209075927734375
6081,25.651111602783203,24.471542358398438,1.1795692443847656
6082,25.699750900268555,22.093093872070312,3.606657028198242
6083,25.33305549621582,23.631933212280273,1.7011222839355469
6084,25.511110305786133,9.842253684997559,15.668856620788574
6085,26.05453872680664,10.207265853881836,15.847272872924805
6086,26.24849510192871,21.200138092041016,5.048357009887695
6087,26.198043823242188,24.86093521118164,1.3371086120605469
6088,26.472625732421875,21.568735122680664,4.903890609741211
6089,26.90305519104004,12.4967041015625,14.406351089477539
6090,26.79343032836914,9.192190170288086,17.601240158081055
6091,26.536945343017578,9.000679969787598,17.53626537322998
6092,26.851110458374023,7.441197395324707,19.409913063049316
6093,26.776945114135742,7.993153095245361,18.78379201889038
6094,26.26388931274414,9.154960632324219,17.108928680419922
6095,25.699499130249023,8.817781448364258,16.881717681884766
6096,25.107555389404297,8.645211219787598,16.4623441696167
6097,24.596111297607422,10.746637344360352,13.84947395324707
6098,24.54694366455078,10.64133071899414,13.90561294555664
6099,24.611249923706055,10.330028533935547,14.281221389770508
6100,24.438838958740234,10.069201469421387,14.369637489318848
6101,24.566110610961914,9.57423210144043,14.991878509521484
6102,24.316110610961914,9.964354515075684,14.35175609588623
6103,24.058889389038086,11.027948379516602,13.030941009521484
6104,24.133594512939453,9.908820152282715,14.224774360656738
6105,24.643888473510742,10.605493545532227,14.038394927978516
6106,24.966110229492188,10.226679801940918,14.73943042755127
6107,25.281864166259766,10.870650291442871,14.411213874816895
6108,25.491945266723633,11.037280082702637,14.454665184020996
6109,25.233055114746094,12.511841773986816,12.721213340759277
6110,25.249361038208008,10.56027603149414,14.689085006713867
6111,25.200149536132812,11.415241241455078,13.784908294677734
6112,25.395000457763672,10.316783905029297,15.078216552734375
6113,25.37388801574707,11.262639999389648,14.111248016357422
6114,25.168155670166016,21.81952667236328,3.3486289978027344
6115,25.128469467163086,24.385292053222656,0.7431774139404297
6116,25.481945037841797,24.33527183532715,1.1466732025146484
6117,25.786945343017578,24.248077392578125,1.5388679504394531
6118,26.026945114135742,23.92986488342285,2.0970802307128906
6119,26.026805877685547,24.358137130737305,1.6686687469482422
6120,25.854999542236328,24.485946655273438,1.3690528869628906
6121,26.114688873291016,24.102109909057617,2.0125789642333984
6122,26.151575088500977,25.39757537841797,0.7539997100830078
6123,26.253889083862305,25.135324478149414,1.1185646057128906
6124,26.343788146972656,24.244840621948242,2.098947525024414
6125,26.328887939453125,17.403127670288086,8.925760269165039
6126,26.566539764404297,9.374676704406738,17.19186305999756
6127,26.675689697265625,8.911295890808105,17.76439380645752
6128,26.290945053100586,8.92435073852539,17.366594314575195
6129,26.073055267333984,9.357392311096191,16.715662956237793
6130,26.393600463867188,9.211225509643555,17.182374954223633
6131,25.809999465942383,10.247557640075684,15.5624418258667
6132,25.328887939453125,9.439962387084961,15.888925552368164
6133,24.811111450195312,9.156608581542969,15.654502868652344
6134,24.29805564880371,8.309383392333984,15.988672256469727
6135,24.331119537353516,8.183786392211914,16.1473331451416
6136,24.63111114501953,8.642746925354004,15.988364219665527
6137,24.81305503845215,9.391351699829102,15.421703338623047
6138,25.04318618774414,9.515983581542969,15.527202606201172
6139,25.016111373901367,10.091063499450684,14.925047874450684
6140,24.628055572509766,11.864568710327148,12.763486862182617
6141,24.883054733276367,12.881156921386719,12.001897811889648
6142,25.246261596679688,12.136693000793457,13.10956859588623
6143,25.516111373901367,11.701062202453613,13.815049171447754
6144,25.55388832092285,11.972776412963867,13.581111907958984
6145,25.366945266723633,12.546187400817871,12.820757865905762
6146,25.591110229492188,13.104394912719727,12.486715316772461
6147,25.62388801574707,12.57747745513916,13.04641056060791
6148,25.372936248779297,11.486647605895996,13.8862886428833
6149,25.603055953979492,11.36906623840332,14.233989715576172
6150,25.733055114746094,10.225579261779785,15.507475852966309
6151,25.92872428894043,11.113542556762695,14.815181732177734
6152,25.59000015258789,10.718143463134766,14.871856689453125
6153,25.306110382080078,10.597583770751953,14.708526611328125
6154,25.377763748168945,10.9434175491333,14.434346199035645
6155,25.163055419921875,10.215869903564453,14.947185516357422
6156,24.721113204956055,10.800137519836426,13.920975685119629
6157,24.656110763549805,9.642024993896484,15.01408576965332
6158,24.720138549804688,10.440646171569824,14.279492378234863
6159,24.24917984008789,11.724165916442871,12.52501392364502
6160,23.976110458374023,10.579718589782715,13.396391868591309
6161,24.22864532470703,11.643782615661621,12.58486270904541
6162,24.354999542236328,11.017136573791504,13.337862968444824
6163,24.3325252532959,11.484844207763672,12.847681045532227
6164,24.54473114013672,11.104591369628906,13.440139770507812
6165,24.47194480895996,10.540632247924805,13.931312561035156
6166,24.03011131286621,8.082571029663086,15.947540283203125
6167,24.093061447143555,9.0553617477417,15.037699699401855
6168,24.055360794067383,9.834300994873047,14.221059799194336
6169,24.241111755371094,9.409883499145508,14.831228256225586
6170,24.07755470275879,10.502047538757324,13.575507164001465
6171,24.11888885498047,11.699338912963867,12.419549942016602
6172,24.316539764404297,11.720309257507324,12.596230506896973
6173,24.358055114746094,10.510115623474121,13.847939491271973
6174,24.28499984741211,11.510658264160156,12.774341583251953
6175,23.996110916137695,11.831212997436523,12.164897918701172
6176,23.801727294921875,10.443036079406738,13.358691215515137
6177,24.014999389648438,10.712653160095215,13.302346229553223
6178,24.06305503845215,10.754508972167969,13.30854606628418
6179,24.329999923706055,11.817704200744629,12.512295722961426
6180,24.366844177246094,10.652969360351562,13.713874816894531
6181,24.58194351196289,11.683027267456055,12.898916244506836
6182,24.703149795532227,11.495256423950195,13.207893371582031
6183,24.91759490966797,11.470802307128906,13.446792602539062
6184,25.0039005279541,11.957111358642578,13.046789169311523
6185,24.92888832092285,11.367820739746094,13.561067581176758
6186,25.114999771118164,12.084456443786621,13.030543327331543
6187,25.383888244628906,10.261064529418945,15.122823715209961
6188,25.57111167907715,10.384439468383789,15.18667221069336
6189,25.061704635620117,11.183459281921387,13.87824535369873
6190,25.138593673706055,10.15838623046875,14.980207443237305
6191,25.441944122314453,9.941693305969238,15.500250816345215
6192,25.63006019592285,10.335755348205566,15.294304847717285
6193,25.19842529296875,11.78574275970459,13.41268253326416
6194,25.0983943939209,12.147210121154785,12.951184272766113
6195,25.183055877685547,13.213644027709961,11.969411849975586
6196,24.903186798095703,13.012898445129395,11.890288352966309
6197,25.163055419921875,9.255704879760742,15.907350540161133
6198,25.486474990844727,9.685269355773926,15.8012056350708
6199,25.463071823120117,9.589116096496582,15.873955726623535
6200,25.58305549621582,9.851974487304688,15.731081008911133
6201,25.950000762939453,10.322598457336426,15.627402305603027
6202,26.160310745239258,23.859201431274414,2.3011093139648438
6203,25.926111221313477,26.40325355529785,0.477142333984375
6204,25.38968849182129,25.11792755126953,0.2717609405517578
6205,25.045438766479492,25.108583450317383,0.06314468383789062
6206,25.238889694213867,25.289352416992188,0.05046272277832031
6207,26.148889541625977,25.676633834838867,0.4722557067871094
6208,26.221111297607422,24.802448272705078,1.4186630249023438
6209,26.558055877685547,22.771392822265625,3.786663055419922
6210,26.331111907958984,19.95888900756836,6.372222900390625
6211,26.608055114746094,11.506994247436523,15.10106086730957
6212,26.593420028686523,10.788475036621094,15.80494499206543
6213,26.176111221313477,11.401228904724121,14.774882316589355
6214,25.96388816833496,11.82026195526123,14.14362621307373
6215,25.778810501098633,17.1147518157959,8.664058685302734
6216,25.346019744873047,25.674236297607422,0.328216552734375
6217,25.114349365234375,25.92949676513672,0.8151473999023438
6218,25.018230438232422,24.1613826751709,0.8568477630615234
6219,24.788888931274414,11.878671646118164,12.91021728515625
6220,24.924999237060547,14.4147367477417,10.510262489318848
6221,25.596599578857422,17.933197021484375,7.663402557373047
6222,25.8700008392334,9.7202730178833,16.149727821350098
6223,25.876943588256836,10.82448959350586,15.052453994750977
6224,26.286211013793945,10.502511978149414,15.783699035644531
6225,26.271631240844727,9.784558296203613,16.487072944641113
6226,26.79888916015625,8.643585205078125,18.155303955078125
6227,27.312124252319336,8.980184555053711,18.331939697265625
6228,27.260000228881836,9.604679107666016,17.65532112121582
6229,27.127225875854492,7.913372993469238,19.213852882385254
6230,27.08305549621582,8.001246452331543,19.081809043884277
6231,27.023056030273438,8.98691463470459,18.036141395568848
6232,26.94499969482422,9.518820762634277,17.42617893218994
6233,27.268888473510742,10.011483192443848,17.257405281066895
6234,27.983888626098633,12.619263648986816,15.364624977111816
6235,28.1096248626709,20.928516387939453,7.181108474731445
6236,28.266944885253906,11.497566223144531,16.769378662109375
6237,28.045949935913086,12.130270004272461,15.915679931640625
6238,27.981945037841797,12.931304931640625,15.050640106201172
6239,28.190561294555664,13.368217468261719,14.822343826293945
6240,28.276945114135742,16.238616943359375,12.038328170776367
6241,28.448055267333984,25.10572624206543,3.3423290252685547
6242,28.25111198425293,24.03594207763672,4.215169906616211
6243,28.078887939453125,25.587106704711914,2.491781234741211
6244,27.871944427490234,24.314035415649414,3.5579090118408203
6245,27.558610916137695,24.303741455078125,3.2548694610595703
6246,27.25048828125,24.457923889160156,2.7925643920898438
6247,27.022125244140625,22.733335494995117,4.288789749145508
6248,26.843494415283203,14.532024383544922,12.311470031738281
6249,26.80673599243164,12.869532585144043,13.937203407287598
6250,26.813989639282227,11.008198738098145,15.805790901184082
6251,26.558263778686523,11.34222412109375,15.216039657592773
6252,26.701269149780273,12.461851119995117,14.239418029785156
6253,26.686256408691406,10.880620956420898,15.805635452270508
6254,26.645238876342773,10.907852172851562,15.737386703491211
6255,27.018888473510742,11.091958045959473,15.92693042755127
6256,27.431110382080078,10.67162799835205,16.759482383728027
6257,27.599531173706055,10.745314598083496,16.85421657562256
6258,27.809494018554688,12.085638999938965,15.723855018615723
6259,27.933561325073242,11.060870170593262,16.87269115447998
6260,27.698888778686523,9.769699096679688,17.929189682006836
6261,27.93694496154785,9.787338256835938,18.149606704711914
6262,27.882980346679688,10.985696792602539,16.89728355407715
6263,27.614999771118164,10.291035652160645,17.32396411895752
6264,27.77111053466797,9.492526054382324,18.278584480285645
6265,28.14125633239746,8.891067504882812,19.25018882751465
6266,27.691110610961914,9.422351837158203,18.26875877380371
6267,27.72553825378418,9.553071022033691,18.17246723175049
6268,28.103036880493164,10.769835472106934,17.33320140838623
6269,28.010875701904297,11.146573066711426,16.86430263519287
6270,28.056943893432617,9.56568431854248,18.491259574890137
6271,27.542285919189453,10.602771759033203,16.93951416015625
6272,27.608055114746094,10.453937530517578,17.154117584228516
6273,27.710519790649414,8.453603744506836,19.256916046142578
6274,27.77323341369629,9.051277160644531,18.721956253051758
6275,27.9468936920166,8.818719863891602,19.128173828125
6276,27.995319366455078,9.003666877746582,18.991652488708496
6277,28.011943817138672,8.239048957824707,19.772894859313965
6278,27.989839553833008,8.203837394714355,19.786002159118652
6279,27.979999542236328,8.990476608276367,18.98952293395996
6280,28.046112060546875,13.327959060668945,14.71815299987793
6281,28.121944427490234,14.775257110595703,13.346687316894531
6282,27.966943740844727,18.630367279052734,9.336576461791992
6283,27.861894607543945,12.180961608886719,15.680932998657227
6284,27.65305519104004,10.378460884094238,17.2745943069458
6285,27.49608612060547,11.291281700134277,16.20480442047119
6286,27.37611198425293,10.863836288452148,16.51227569580078
6287,26.866056442260742,12.660263061523438,14.205793380737305
6288,26.563764572143555,10.30644416809082,16.257320404052734
6289,26.771944046020508,10.417351722717285,16.354592323303223
6290,26.9643611907959,10.613258361816406,16.351102828979492
6291,26.616111755371094,10.901084899902344,15.71502685546875
6292,26.7692813873291,11.18204116821289,15.587240219116211
6293,26.616111755371094,21.101200103759766,5.514911651611328
6294,26.67194366455078,9.593635559082031,17.07830810546875
6295,26.946945190429688,8.226847648620605,18.720097541809082
6296,26.83194351196289,7.546514987945557,19.285428524017334
6297,27.545000076293945,7.898795127868652,19.646204948425293
6298,27.556943893432617,9.553722381591797,18.00322151184082
6299,27.036605834960938,10.196019172668457,16.84058666229248
6300,26.454238891601562,10.23570728302002,16.218531608581543
6301,25.961944580078125,11.48484992980957,14.477094650268555
6302,25.542444229125977,11.936059951782227,13.60638427734375
6303,25.575368881225586,11.293069839477539,14.282299041748047
6304,25.998056411743164,12.409489631652832,13.588566780090332
6305,26.450088500976562,12.023520469665527,14.426568031311035
6306,26.943143844604492,12.093470573425293,14.8496732711792
6307,27.327224731445312,13.303131103515625,14.024093627929688
6308,27.63888931274414,13.466596603393555,14.172292709350586
6309,28.213436126708984,13.649234771728516,14.564201354980469
6310,28.623388290405273,12.711736679077148,15.911651611328125
6311,28.799612045288086,11.931497573852539,16.868114471435547
6312,29.139999389648438,11.494986534118652,17.645012855529785
6313,29.05508041381836,12.964641571044922,16.090438842773438
6314,28.764999389648438,11.462108612060547,17.30289077758789
6315,28.533056259155273,11.640480041503906,16.892576217651367
6316,28.151945114135742,11.118916511535645,17.033028602600098
6317,27.70128631591797,12.317240715026855,15.384045600891113
6318,27.569568634033203,10.333971977233887,17.235596656799316
6319,27.930212020874023,11.06194019317627,16.868271827697754
6320,27.885000228881836,12.179118156433105,15.70588207244873
6321,27.566444396972656,11.216888427734375,16.34955596923828
6322,27.06137466430664,9.361294746398926,17.700079917907715
6323,26.693889617919922,9.904409408569336,16.789480209350586
6324,27.061481475830078,11.369075775146484,15.692405700683594
6325,27.47408103942871,14.108659744262695,13.365421295166016
6326,27.75,18.120370864868164,9.629629135131836
6327,27.969711303710938,12.207518577575684,15.762192726135254
6328,27.85318946838379,12.335213661193848,15.517975807189941
6329,27.487794876098633,10.91486930847168,16.572925567626953
6330,26.957143783569336,10.28628921508789,16.670854568481445
6331,26.350000381469727,10.83251667022705,15.517483711242676
6332,25.731544494628906,11.566326141357422,14.165218353271484
6333,25.211463928222656,12.189725875854492,13.021738052368164
6334,24.94611167907715,12.02736759185791,12.918744087219238
6335,24.857635498046875,13.255936622619629,11.601698875427246
6336,24.714920043945312,15.414047241210938,9.300872802734375
6337,24.630199432373047,24.636587142944336,0.0063877105712890625
6338,24.570619583129883,23.5787353515625,0.9918842315673828
6339,24.54305648803711,9.956677436828613,14.586379051208496
6340,24.804710388183594,8.817511558532715,15.987198829650879
6341,25.30500030517578,8.153013229370117,17.151987075805664
6342,25.777385711669922,8.828598022460938,16.948787689208984
6343,26.03237533569336,9.72632884979248,16.30604648590088
6344,26.40211296081543,9.280425071716309,17.12168788909912
6345,26.71595001220703,12.265032768249512,14.45091724395752
6346,27.136943817138672,20.997941970825195,6.139001846313477
6347,27.356945037841797,22.646587371826172,4.710357666015625
6348,27.454988479614258,23.070213317871094,4.384775161743164
6349,27.26158905029297,23.766695022583008,3.494894027709961
6350,27.206111907958984,24.47681427001953,2.729297637939453
6351,26.808889389038086,23.795820236206055,3.0130691528320312
6352,26.674999237060547,23.647897720336914,3.027101516723633
6353,26.426111221313477,22.97991371154785,3.446197509765625
6354,26.516111373901367,22.68784523010254,3.828266143798828
6355,26.59000015258789,23.244609832763672,3.3453903198242188
6356,26.616945266723633,22.583295822143555,4.033649444580078
6357,26.43805503845215,23.416330337524414,3.0217247009277344
6358,26.01951026916504,24.053529739379883,1.9659805297851562
6359,25.53212547302246,16.886693954467773,8.645431518554688
6360,25.975000381469727,9.990774154663086,15.98422622680664
6361,25.511943817138672,9.35651969909668,16.155424118041992
6362,25.71214485168457,9.081611633300781,16.63053321838379
6363,25.907814025878906,9.015445709228516,16.89236831665039
6364,26.175661087036133,9.34447193145752,16.831189155578613
6365,26.19576072692871,10.104247093200684,16.091513633728027
6366,26.875688552856445,9.017014503479004,17.85867404937744
6367,27.122804641723633,8.04153060913086,19.081274032592773
6368,27.308055877685547,8.800856590270996,18.50719928741455
6369,26.935611724853516,8.290011405944824,18.64560031890869
6370,27.164430618286133,7.759993553161621,19.40443706512451
6371,27.45194435119629,8.450240135192871,19.001704216003418
6372,27.598295211791992,8.960030555725098,18.638264656066895
6373,27.87464714050293,8.828118324279785,19.046528816223145
6374,28.26388931274414,9.23263931274414,19.03125
6375,27.906944274902344,11.218221664428711,16.688722610473633
6376,27.358169555664062,12.286211013793945,15.071958541870117
6377,27.511943817138672,15.369203567504883,12.142740249633789
6378,27.948055267333984,22.550168991088867,5.397886276245117
6379,28.404930114746094,22.89301872253418,5.511911392211914
6380,28.43761444091797,22.028736114501953,6.408878326416016
6381,27.950000762939453,11.678414344787598,16.271586418151855
6382,27.39836883544922,9.604247093200684,17.794121742248535
6383,27.018760681152344,9.604084968566895,17.41467571258545
6384,26.788888931274414,9.910914421081543,16.87797451019287
6385,26.463054656982422,9.300558090209961,17.16249656677246
6386,25.790794372558594,9.369769096374512,16.421025276184082
6387,24.97888946533203,10.353184700012207,14.625704765319824
6388,24.431943893432617,9.938422203063965,14.493521690368652
6389,23.915000915527344,11.72086238861084,12.194138526916504
6390,23.461111068725586,11.931756973266602,11.529354095458984
6391,23.218055725097656,9.815568923950195,13.402486801147461
6392,23.436111450195312,10.335251808166504,13.100859642028809
6393,23.507925033569336,9.785539627075195,13.72238540649414
6394,23.15691375732422,8.934741020202637,14.222172737121582
6395,22.785680770874023,8.670265197753906,14.115415573120117
6396,23.05388832092285,9.395109176635742,13.65877914428711
6397,23.063888549804688,8.625786781311035,14.438101768493652
6398,22.8543701171875,9.997586250305176,12.856783866882324
6399,23.18346405029297,8.786818504333496,14.396645545959473
6400,23.69468879699707,9.622404098510742,14.072284698486328
6401,23.553054809570312,10.978668212890625,12.574386596679688
6402,23.896944046020508,11.61893367767334,12.278010368347168
6403,23.803054809570312,11.355772972106934,12.447281837463379
6404,23.731945037841797,12.680638313293457,11.05130672454834
6405,23.806943893432617,11.521764755249023,12.285179138183594
6406,23.59006118774414,12.322799682617188,11.267261505126953
6407,23.92305564880371,10.498851776123047,13.424203872680664
6408,23.781110763549805,10.97302532196045,12.808085441589355
6409,23.843889236450195,9.761858940124512,14.082030296325684
6410,23.556594848632812,10.774758338928223,12.78183650970459
6411,23.766111373901367,10.390653610229492,13.375457763671875
6412,23.669639587402344,10.704280853271484,12.96535873413086
6413,23.781944274902344,12.294990539550781,11.486953735351562
6414,23.899839401245117,13.50452709197998,10.395312309265137
6415,23.742935180664062,14.708634376525879,9.034300804138184
6416,24.00096893310547,14.435700416564941,9.565268516540527
6417,23.926111221313477,14.012993812561035,9.913117408752441
6418,23.893054962158203,12.232854843139648,11.660200119018555
6419,23.698888778686523,11.741731643676758,11.957157135009766
6420,23.466943740844727,11.449999809265137,12.01694393157959
6421,23.141111373901367,9.638980865478516,13.502130508422852
6422,22.874460220336914,9.019004821777344,13.85545539855957
6423,23.107519149780273,9.220721244812012,13.886797904968262
6424,22.777355194091797,9.852316856384277,12.92503833770752
6425,23.171112060546875,10.319816589355469,12.851295471191406
6426,23.3700008392334,13.245244026184082,10.124756813049316
6427,23.0870361328125,9.128698348999023,13.958337783813477
6428,23.09000015258789,9.53096866607666,13.55903148651123
6429,23.3593807220459,8.898835182189941,14.460545539855957
6430,23.25611114501953,8.624455451965332,14.6316556930542
6431,23.023143768310547,7.705338478088379,15.317805290222168
6432,23.266111373901367,9.3501558303833,13.915955543518066
6433,23.2369441986084,10.10918140411377,13.127762794494629
6434,23.66485023498535,10.063465118408203,13.601385116577148
6435,23.621013641357422,11.343257904052734,12.277755737304688
6436,23.479999542236328,9.463644027709961,14.016355514526367
6437,23.683055877685547,9.90511417388916,13.777941703796387
6438,23.7630558013916,11.216436386108398,12.546619415283203
6439,23.326370239257812,10.56301212310791,12.763358116149902
6440,22.74888801574707,9.169021606445312,13.579866409301758
6441,22.048049926757812,10.00088119506836,12.047168731689453
6442,21.479061126708984,8.855051040649414,12.62401008605957
6443,21.448055267333984,9.807713508605957,11.640341758728027
6444,21.66701316833496,9.544838905334473,12.122174263000488
6445,21.467281341552734,10.475316047668457,10.991965293884277
6446,20.691944122314453,11.345649719238281,9.346294403076172
6447,19.851110458374023,10.977031707763672,8.874078750610352
6448,19.04607582092285,10.578831672668457,8.467244148254395
6449,18.405000686645508,10.42954158782959,7.975459098815918
6450,18.329999923706055,11.111043930053711,7.218955993652344
6451,18.752914428710938,11.103170394897461,7.649744033813477
6452,19.41611099243164,9.288615226745605,10.127495765686035
6453,20.06262969970703,9.803289413452148,10.259340286254883
6454,20.480838775634766,9.642677307128906,10.83816146850586
6455,20.863056182861328,9.779552459716797,11.083503723144531
6456,20.68297576904297,9.105537414550781,11.577438354492188
6457,21.014999389648438,9.843962669372559,11.171036720275879
6458,21.183055877685547,10.601656913757324,10.581398963928223
6459,21.112064361572266,12.378362655639648,8.733701705932617
6460,21.280000686645508,14.870936393737793,6.409064292907715
6461,21.350200653076172,14.670466423034668,6.679734230041504
6462,21.370019912719727,10.207188606262207,11.16283130645752
6463,21.55565071105957,9.712416648864746,11.843234062194824
6464,21.95194435119629,10.41118335723877,11.54076099395752
6465,22.166532516479492,9.459880828857422,12.70665168762207
6466,22.32284927368164,10.027599334716797,12.295249938964844
6467,22.593055725097656,9.980748176574707,12.61230754852295
6468,22.258888244628906,12.00045394897461,10.258434295654297
6469,22.028114318847656,11.907485008239746,10.12062931060791
6470,22.473888397216797,13.042635917663574,9.431252479553223
6471,22.751880645751953,14.304617881774902,8.44726276397705
6472,23.216943740844727,18.062143325805664,5.1548004150390625
6473,23.198650360107422,21.372432708740234,1.8262176513671875
6474,23.621110916137695,13.182938575744629,10.438172340393066
6475,23.20329475402832,11.131111145019531,12.072183609008789
6476,22.991945266723633,9.266500473022461,13.725444793701172
6477,22.58648681640625,9.960800170898438,12.625686645507812
6478,22.08305549621582,11.021065711975098,11.061989784240723
6479,21.632936477661133,10.757651329040527,10.875285148620605
6480,21.2211856842041,10.370345115661621,10.85084056854248
6481,20.70806312561035,10.270902633666992,10.43716049194336
6482,20.498289108276367,10.070772171020508,10.42751693725586
6483,20.128055572509766,10.057882308959961,10.070173263549805
6484,20.227344512939453,10.03814697265625,10.189197540283203
6485,20.389999389648438,9.823043823242188,10.56695556640625
6486,20.991945266723633,9.493565559387207,11.498379707336426
6487,21.739999771118164,9.962387084960938,11.777612686157227
6488,22.54888916015625,10.644620895385742,11.904268264770508
6489,22.804550170898438,11.353837013244629,11.450713157653809
6490,22.803054809570312,12.086469650268555,10.716585159301758
6491,23.066944122314453,11.608477592468262,11.458466529846191
6492,23.415111541748047,9.9999361038208,13.415175437927246
6493,23.586111068725586,10.666386604309082,12.919724464416504
6494,23.258161544799805,10.915125846862793,12.343035697937012
6495,22.86111068725586,10.140610694885254,12.720499992370605
6496,22.703887939453125,9.777573585510254,12.926314353942871
6497,22.57046127319336,11.969240188598633,10.601221084594727
6498,22.16111183166504,10.959850311279297,11.201261520385742
6499,22.172475814819336,10.30057144165039,11.871904373168945
6500,22.483888626098633,10.52237606048584,11.961512565612793
6501,22.408889770507812,10.20151424407959,12.207375526428223
6502,22.273889541625977,9.831669807434082,12.442219734191895
6503,22.49488067626953,9.094805717468262,13.40007495880127
6504,22.438888549804688,9.958717346191406,12.480171203613281
6505,22.748056411743164,9.08539867401123,13.662657737731934
6506,22.806079864501953,8.96592903137207,13.840150833129883
6507,22.886110305786133,8.826602935791016,14.059507369995117
6508,22.591745376586914,9.436059951782227,13.155685424804688
6509,22.245161056518555,8.848909378051758,13.396251678466797
6510,22.601110458374023,9.80502700805664,12.796083450317383
6511,23.180299758911133,8.777050018310547,14.403249740600586
6512,23.072494506835938,9.159089088439941,13.913405418395996
6513,23.058055877685547,9.532535552978516,13.525520324707031
6514,23.308889389038086,8.587823867797852,14.721065521240234
6515,23.50694465637207,8.804625511169434,14.702319145202637
6516,23.350000381469727,9.649922370910645,13.700078010559082
6517,23.073888778686523,10.099979400634766,12.973909378051758
6518,23.501693725585938,9.168639183044434,14.333054542541504
6519,23.623056411743164,9.944535255432129,13.678521156311035
6520,23.829999923706055,10.218372344970703,13.611627578735352
6521,23.74888801574707,12.450203895568848,11.298684120178223
6522,24.21868133544922,9.303613662719727,14.915067672729492
6523,24.329999923706055,10.364602088928223,13.965397834777832
6524,24.506118774414062,10.235800743103027,14.270318031311035
6525,24.836774826049805,8.589459419250488,16.247315406799316
6526,24.45209503173828,8.679338455200195,15.772756576538086
6527,24.0487003326416,9.772770881652832,14.27592945098877
6528,24.02263069152832,10.076428413391113,13.946202278137207
6529,23.533889770507812,10.374672889709473,13.15921688079834
6530,23.68304443359375,10.746213912963867,12.936830520629883
6531,24.026111602783203,10.978628158569336,13.047483444213867
6532,24.034639358520508,12.169147491455078,11.86549186706543
6533,23.952594757080078,13.953849792480469,9.99874496459961
6534,23.52805519104004,13.02263069152832,10.505424499511719
6535,23.1119441986084,10.375860214233398,12.736083984375
6536,23.288055419921875,10.321758270263672,12.966297149658203
6537,23.306943893432617,10.259398460388184,13.047545433044434
6538,22.828819274902344,10.2315034866333,12.597315788269043
6539,22.683055877685547,10.026432037353516,12.656623840332031
6540,22.578887939453125,10.973492622375488,11.605395317077637
6541,22.13063621520996,10.139403343200684,11.991232872009277
6542,22.07611083984375,10.471012115478516,11.605098724365234
6543,22.568056106567383,10.4561185836792,12.111937522888184
6544,22.814014434814453,11.43504524230957,11.378969192504883
6545,23.007463455200195,10.344916343688965,12.66254711151123
6546,23.21921157836914,12.007244110107422,11.211967468261719
6547,23.079999923706055,11.20870304107666,11.871296882629395
6548,22.8700008392334,11.185580253601074,11.684420585632324
6549,22.735000610351562,10.720210075378418,12.014790534973145
6550,23.098888397216797,12.055792808532715,11.043095588684082
6551,23.22202491760254,11.472153663635254,11.749871253967285
6552,23.061111450195312,12.64134407043457,10.419767379760742
6553,23.446945190429688,11.198715209960938,12.24822998046875
6554,23.54805564880371,10.536224365234375,13.011831283569336
6555,23.362924575805664,10.309154510498047,13.053770065307617
6556,23.71388816833496,9.73233413696289,13.98155403137207
6557,24.047685623168945,9.854331970214844,14.193353652954102
6558,23.991945266723633,11.391581535339355,12.600363731384277
6559,23.74888801574707,11.756980895996094,11.991907119750977
6560,23.875,13.418937683105469,10.456062316894531
6561,23.773889541625977,13.828658103942871,9.945231437683105
6562,24.1628360748291,12.712629318237305,11.450206756591797
6563,24.168888092041016,10.568687438964844,13.600200653076172
6564,23.83888816833496,11.293022155761719,12.545866012573242
6565,23.516944885253906,10.947208404541016,12.56973648071289
6566,23.65714454650879,9.76880931854248,13.888335227966309
6567,23.683574676513672,10.288455963134766,13.395118713378906
6568,24.161418914794922,10.278743743896484,13.882675170898438
6569,24.36655616760254,11.10925006866455,13.257306098937988
6570,24.601110458374023,10.350395202636719,14.250715255737305
6571,24.856111526489258,10.747974395751953,14.108137130737305
6572,24.956218719482422,11.951507568359375,13.004711151123047
6573,24.853574752807617,10.47241497039795,14.381159782409668
6574,24.722013473510742,10.903024673461914,13.818988800048828
6575,24.92305564880371,11.866950988769531,13.05610466003418
6576,25.08388900756836,10.297176361083984,14.786712646484375
6577,24.968889236450195,10.381701469421387,14.587187767028809
6578,25.109088897705078,9.98061752319336,15.128471374511719
6579,25.3262996673584,10.238836288452148,15.08746337890625
6580,25.496110916137695,9.076622009277344,16.41948890686035
6581,25.0130558013916,9.760015487670898,15.253040313720703
6582,24.468055725097656,9.483894348144531,14.984161376953125
6583,24.358888626098633,10.654553413391113,13.70433521270752
6584,24.491485595703125,10.137365341186523,14.354120254516602
6585,24.347694396972656,10.498945236206055,13.848749160766602
6586,24.054750442504883,10.046852111816406,14.007898330688477
6587,23.593055725097656,11.788864135742188,11.804191589355469
6588,23.808124542236328,11.219411849975586,12.588712692260742
6589,24.028888702392578,10.852020263671875,13.176868438720703
6590,23.601943969726562,10.859498977661133,12.74244499206543
6591,23.707286834716797,10.424089431762695,13.283197402954102
6592,24.181110382080078,9.653032302856445,14.528078079223633
6593,24.520456314086914,10.288976669311523,14.23147964477539
6594,23.933055877685547,9.913022994995117,14.02003288269043
6595,23.906110763549805,8.689488410949707,15.216622352600098
6596,24.003055572509766,10.274840354919434,13.728215217590332
6597,24.39611053466797,10.657621383666992,13.738489151000977
6598,23.988056182861328,10.338631629943848,13.64942455291748
6599,24.10051155090332,12.347092628479004,11.753418922424316
6600,24.343889236450195,13.342060089111328,11.001829147338867
6601,24.16805648803711,14.402313232421875,9.765743255615234
6602,24.031944274902344,14.00430679321289,10.027637481689453
6603,23.676944732666016,14.321371078491211,9.355573654174805
6604,23.555885314941406,10.620038986206055,12.935846328735352
6605,23.17388916015625,9.945112228393555,13.228776931762695
6606,23.34000015258789,9.418708801269531,13.92129135131836
6607,22.95305633544922,10.229625701904297,12.723430633544922
6608,22.388395309448242,11.815897941589355,10.572497367858887
6609,22.32485008239746,10.416178703308105,11.908671379089355
6610,21.976110458374023,11.21311092376709,10.762999534606934
6611,21.551143646240234,11.65853214263916,9.892611503601074
6612,21.61342430114746,10.952205657958984,10.661218643188477
6613,21.97194480895996,9.347661018371582,12.624283790588379
6614,22.424999237060547,9.052586555480957,13.37241268157959
6615,22.883054733276367,8.732125282287598,14.15092945098877
6616,22.940000534057617,8.884588241577148,14.055412292480469
6617,22.404918670654297,9.816171646118164,12.588747024536133
6618,22.437705993652344,9.995064735412598,12.442641258239746
6619,22.54111099243164,10.93028450012207,11.61082649230957
6620,22.7369441986084,10.836014747619629,11.90092945098877
6621,22.94363021850586,10.35898208618164,12.584648132324219
6622,23.036945343017578,12.09267520904541,10.944270133972168
6623,22.253889083862305,10.553194999694824,11.70069408416748
6624,21.802968978881836,9.572615623474121,12.230353355407715
6625,21.492536544799805,9.662019729614258,11.830516815185547
6626,21.936111450195312,10.008925437927246,11.927186012268066
6627,21.988889694213867,10.66390609741211,11.324983596801758
6628,21.844881057739258,11.789698600769043,10.055182456970215
6629,21.834999084472656,13.246064186096191,8.588934898376465
6630,21.796112060546875,9.513310432434082,12.282801628112793
6631,21.46500015258789,9.76919937133789,11.69580078125
6632,20.860000610351562,10.160547256469727,10.699453353881836
6633,20.808055877685547,9.801407814025879,11.006648063659668
6634,21.2431640625,9.777976989746094,11.465187072753906
6635,21.514930725097656,11.473771095275879,10.041159629821777
6636,21.252424240112305,11.784761428833008,9.467662811279297
6637,21.323400497436523,12.926708221435547,8.396692276000977
6638,21.2814998626709,11.957322120666504,9.324177742004395
6639,21.674999237060547,11.603755950927734,10.071243286132812
6640,21.8880558013916,10.638229370117188,11.249826431274414
6641,22.442913055419922,10.590600967407227,11.852312088012695
6642,22.78411865234375,10.965006828308105,11.819111824035645
6643,22.4710693359375,11.23263168334961,11.23843765258789
6644,22.14311408996582,10.386466026306152,11.756648063659668
6645,22.152206420898438,11.425690650939941,10.726515769958496
6646,22.522188186645508,9.71751880645752,12.804669380187988
6647,23.094074249267578,9.14458179473877,13.949492454528809
6648,23.25184440612793,8.649554252624512,14.602290153503418
6649,22.906944274902344,8.81628131866455,14.090662956237793
6650,22.51180648803711,9.57425308227539,12.937553405761719
6651,22.503889083862305,10.642328262329102,11.861560821533203
6652,22.637636184692383,10.904614448547363,11.73302173614502
6653,22.691944122314453,11.416958808898926,11.274985313415527
6654,23.232494354248047,9.825011253356934,13.407483100891113
6655,23.85651969909668,10.189109802246094,13.667409896850586
6656,23.838054656982422,10.591202735900879,13.246851921081543
6657,24.17388916015625,9.74423885345459,14.42965030670166
6658,24.635488510131836,10.12900447845459,14.506484031677246
6659,24.491111755371094,10.46737003326416,14.023741722106934
6660,24.718055725097656,10.230504035949707,14.48755168914795
6661,24.988561630249023,9.906367301940918,15.082194328308105
6662,24.649999618530273,10.746996879577637,13.903002738952637
6663,24.32564353942871,10.630075454711914,13.695568084716797
6664,23.837692260742188,10.640172958374023,13.197519302368164
6665,24.260000228881836,11.777155876159668,12.482844352722168
6666,24.03546142578125,10.475239753723145,13.560221672058105
6667,23.216943740844727,13.12671947479248,10.090224266052246
6668,23.496370315551758,12.989862442016602,10.506507873535156
6669,23.871110916137695,15.961828231811523,7.909282684326172
6670,23.979719161987305,12.102128028869629,11.877591133117676
6671,24.221111297607422,12.08252239227295,12.138588905334473
6672,24.859210968017578,10.2793607711792,14.579850196838379
6673,25.181894302368164,11.027565002441406,14.154329299926758
6674,25.575899124145508,10.429184913635254,15.146714210510254
6675,25.659961700439453,11.122200965881348,14.537760734558105
6676,25.499080657958984,10.43334674835205,15.065733909606934
6677,25.270000457763672,10.551575660705566,14.718424797058105
6678,25.046363830566406,9.99980354309082,15.046560287475586
6679,24.74536895751953,9.179062843322754,15.566306114196777
6680,24.928136825561523,8.701908111572266,16.226228713989258
6681,24.686111450195312,9.598649024963379,15.087462425231934
6682,24.282655715942383,10.476116180419922,13.806539535522461
6683,23.90999984741211,10.214612007141113,13.695387840270996
6684,23.809539794921875,10.82968807220459,12.979851722717285
6685,23.918888092041016,10.605027198791504,13.313860893249512
6686,24.038055419921875,10.925369262695312,13.112686157226562
6687,24.290220260620117,9.972984313964844,14.317235946655273
6688,24.406110763549805,11.446307182312012,12.959803581237793
6689,24.699649810791016,10.930203437805176,13.76944637298584
6690,24.66694450378418,10.42027759552002,14.24666690826416
6691,24.407054901123047,10.981141090393066,13.42591381072998
6692,24.484338760375977,9.655414581298828,14.828924179077148
6693,24.667675018310547,9.535726547241211,15.131948471069336
6694,24.491111755371094,11.248003005981445,13.243108749389648
6695,24.556631088256836,10.818833351135254,13.737797737121582
6696,24.733205795288086,10.950399398803711,13.782806396484375
6697,24.872314453125,11.124433517456055,13.747880935668945
6698,24.881481170654297,11.403162956237793,13.478318214416504
6699,24.809850692749023,11.607932090759277,13.201918601989746
6700,25.21388816833496,10.422426223754883,14.791461944580078
6701,25.62388801574707,9.633739471435547,15.990148544311523
6702,25.95305633544922,9.835351943969727,16.117704391479492
6703,26.140460968017578,10.771193504333496,15.369267463684082
6704,26.219999313354492,11.472657203674316,14.747342109680176
6705,26.05388832092285,11.836633682250977,14.217254638671875
6706,25.386110305786133,12.414640426635742,12.97146987915039
6707,24.907224655151367,14.390887260437012,10.516337394714355
6708,24.978294372558594,10.302248001098633,14.676046371459961
6709,25.266944885253906,9.556917190551758,15.710027694702148
6710,25.551944732666016,10.029507637023926,15.52243709564209
6711,25.651111602783203,10.57223129272461,15.078880310058594
6712,25.856111526489258,9.600193977355957,16.2559175491333
6713,25.941110610961914,9.749133110046387,16.191977500915527
6714,26.12388801574707,11.016877174377441,15.107010841369629
6715,26.198888778686523,10.34737491607666,15.851513862609863
6716,26.13888931274414,10.947869300842285,15.191020011901855
6717,25.466686248779297,10.875408172607422,14.591278076171875
6718,25.35283660888672,11.235525131225586,14.117311477661133
6719,25.377037048339844,10.87027645111084,14.506760597229004
6720,25.045469284057617,11.302389144897461,13.743080139160156
6721,24.711944580078125,10.40519905090332,14.306745529174805
6722,24.141111373901367,10.707977294921875,13.433134078979492
6723,24.053054809570312,10.390308380126953,13.66274642944336
6724,24.316944122314453,10.113709449768066,14.203234672546387
6725,24.056230545043945,10.558701515197754,13.497529029846191
6726,24.258075714111328,9.597150802612305,14.660924911499023
6727,23.97194480895996,11.230854988098145,12.741089820861816
6728,23.57805633544922,10.933463096618652,12.644593238830566
6729,23.906944274902344,10.329703330993652,13.577240943908691
6730,24.12546157836914,9.355520248413086,14.769941329956055
6731,23.83680534362793,8.891024589538574,14.945780754089355
6732,23.81305503845215,9.431057929992676,14.381997108459473
6733,23.89596939086914,9.57182788848877,14.324141502380371
6734,24.311111450195312,9.960948944091797,14.350162506103516
6735,24.7630558013916,9.809237480163574,14.953818321228027
6736,25.113861083984375,8.795928955078125,16.31793212890625
6737,25.15296173095703,8.625652313232422,16.52730941772461
6738,25.04305648803711,9.105470657348633,15.937585830688477
6739,25.13194465637207,8.296656608581543,16.835288047790527
6740,25.098888397216797,9.736471176147461,15.362417221069336
6741,25.113889694213867,7.982091903686523,17.131797790527344
6742,24.632156372070312,9.469005584716797,15.163150787353516
6743,24.377124786376953,9.354923248291016,15.022201538085938
6744,24.638395309448242,9.483888626098633,15.15450668334961
6745,24.316844940185547,9.775814056396484,14.541030883789062
6746,23.76943016052246,9.480920791625977,14.288509368896484
6747,23.383888244628906,8.526412010192871,14.857476234436035
6748,23.293710708618164,8.656723022460938,14.636987686157227
6749,23.608713150024414,8.433347702026367,15.175365447998047
6750,24.219711303710938,8.653830528259277,15.56588077545166
6751,24.95591926574707,10.897618293762207,14.058300971984863
6752,25.6380558013916,10.07703685760498,15.561018943786621
6753,26.317325592041016,10.261384963989258,16.055940628051758
6754,26.866111755371094,8.823078155517578,18.043033599853516
6755,27.200300216674805,11.450092315673828,15.750207901000977
6756,27.202877044677734,10.857593536376953,16.34528350830078
6757,27.13888931274414,11.077210426330566,16.061678886413574
6758,27.02111053466797,10.6886568069458,16.332453727722168
6759,26.84732437133789,10.533714294433594,16.313610076904297
6760,27.373056411743164,10.668278694152832,16.704777717590332
6761,27.719999313354492,11.317452430725098,16.402546882629395
6762,28.058055877685547,11.292547225952148,16.7655086517334
6763,28.43524932861328,11.220977783203125,17.214271545410156
6764,28.543888092041016,10.661087036132812,17.882801055908203
6765,28.54037857055664,10.741669654846191,17.79870891571045
6766,28.920061111450195,10.881678581237793,18.038382530212402
6767,28.860000610351562,10.500624656677246,18.359375953674316
6768,28.696945190429688,10.122211456298828,18.57473373413086
6769,28.354999542236328,10.401774406433105,17.953225135803223
6770,28.37683868408203,9.822834968566895,18.554003715515137
6771,28.239700317382812,11.418545722961426,16.821154594421387
6772,28.693056106567383,12.607112884521484,16.0859432220459
6773,28.483631134033203,12.742223739624023,15.74140739440918
6774,28.426774978637695,9.50320053100586,18.923574447631836
6775,28.245288848876953,9.304305076599121,18.940983772277832
6776,28.169137954711914,8.2632417678833,19.905896186828613
6777,27.647085189819336,8.589434623718262,19.057650566101074
6778,27.764999389648438,9.318906784057617,18.44609260559082
6779,28.136110305786133,9.043196678161621,19.09291362762451
6780,28.218055725097656,10.088695526123047,18.12936019897461
6781,28.55923080444336,10.46515941619873,18.09407138824463
6782,28.470569610595703,11.31617546081543,17.154394149780273
6783,28.258455276489258,11.31936264038086,16.9390926361084
6784,28.17388916015625,10.900751113891602,17.27313804626465
6785,28.35443687438965,9.540410041809082,18.814026832580566
6786,28.529970169067383,10.426712989807129,18.103257179260254
6787,28.526945114135742,10.282828330993652,18.24411678314209
6788,28.718889236450195,10.500330924987793,18.218558311462402
6789,28.201339721679688,10.4819917678833,17.719347953796387
6790,28.358800888061523,10.653290748596191,17.705510139465332
6791,28.724430084228516,10.51950740814209,18.204922676086426
6792,28.461944580078125,9.580708503723145,18.88123607635498
6793,28.042800903320312,9.91750717163086,18.125293731689453
6794,28.031110763549805,10.794330596923828,17.236780166625977
6795,27.83388900756836,10.04459285736084,17.78929615020752
6796,27.728593826293945,11.198481559753418,16.530112266540527
6797,27.473918914794922,11.56169605255127,15.912222862243652
6798,27.822839736938477,11.518474578857422,16.304365158081055
6799,27.658889770507812,11.178452491760254,16.48043727874756
6800,28.141849517822266,12.002971649169922,16.138877868652344
6801,28.06194496154785,12.075064659118652,15.9868803024292
6802,28.1200008392334,15.475893020629883,12.644107818603516
6803,28.338125228881836,14.278468132019043,14.059657096862793
6804,28.368988037109375,10.170977592468262,18.198010444641113
6805,28.721288681030273,9.961603164672852,18.759685516357422
6806,28.86888885498047,10.486540794372559,18.38234806060791
6807,28.554670333862305,10.266554832458496,18.28811550140381
6808,28.70694351196289,10.830090522766113,17.876852989196777
6809,28.788055419921875,11.651176452636719,17.136878967285156
6810,28.68000030517578,8.939985275268555,19.740015029907227
6811,28.32611083984375,9.38082218170166,18.94528865814209
6812,28.28611183166504,10.737606048583984,17.548505783081055
6813,28.21243667602539,9.921201705932617,18.291234970092773
6814,27.901643753051758,10.1627836227417,17.73886013031006
6815,27.930938720703125,9.92236042022705,18.008578300476074
6816,27.8174991607666,10.007616996765137,17.809882164001465
6817,27.95194435119629,8.867181777954102,19.084762573242188
6818,28.038055419921875,10.628541946411133,17.409513473510742
6819,27.436111450195312,10.333626747131348,17.102484703063965
6820,27.606929779052734,10.091581344604492,17.515348434448242
6821,28.0130558013916,10.78681755065918,17.226238250732422
6822,28.481111526489258,10.769763946533203,17.711347579956055
6823,28.871944427490234,10.847115516662598,18.024828910827637
6824,28.952186584472656,11.738316535949707,17.21387004852295
6825,28.79194450378418,12.514239311218262,16.277705192565918
6826,28.7591609954834,12.313793182373047,16.44536781311035
6827,28.738388061523438,12.14212703704834,16.596261024475098
6828,28.848888397216797,11.473652839660645,17.375235557556152
6829,28.91946029663086,10.91987133026123,17.99958896636963
6830,29.020000457763672,11.160036087036133,17.85996437072754
6831,29.227174758911133,10.558216094970703,18.66895866394043
6832,29.45111083984375,10.266155242919922,19.184955596923828
6833,29.403888702392578,10.869656562805176,18.534232139587402
6834,29.711727142333984,10.454352378845215,19.25737476348877
6835,29.766111373901367,10.679747581481934,19.086363792419434
6836,29.49388885498047,10.725750923156738,18.76813793182373
6837,29.757444381713867,10.759622573852539,18.997821807861328
6838,29.782285690307617,10.999311447143555,18.782974243164062
6839,29.36888885498047,9.573633193969727,19.795255661010742
6840,29.508405685424805,10.119308471679688,19.389097213745117
6841,29.528888702392578,8.942673683166504,20.586215019226074
6842,29.429088592529297,8.823132514953613,20.605956077575684
6843,29.600000381469727,9.379170417785645,20.220829963684082
6844,29.936111450195312,9.172740936279297,20.763370513916016
6845,30.18694496154785,9.922646522521973,20.26429843902588
6846,30.046112060546875,10.969944953918457,19.076167106628418
6847,29.78611183166504,8.958728790283203,20.827383041381836
6848,29.45230484008789,9.1967134475708,20.25559139251709
6849,29.33051300048828,8.798206329345703,20.532306671142578
6850,29.521944046020508,9.661768913269043,19.860175132751465
6851,29.45063018798828,9.668501853942871,19.78212833404541
6852,28.13194465637207,9.22031021118164,18.91163444519043
6853,27.600000381469727,9.898077011108398,17.701923370361328
6854,27.110000610351562,10.705422401428223,16.40457820892334
6855,26.731111526489258,10.601595878601074,16.129515647888184
6856,26.5665283203125,10.80869197845459,15.75783634185791
6857,26.24595069885254,10.038894653320312,16.207056045532227
6858,25.663055419921875,10.684436798095703,14.978618621826172
6859,25.024988174438477,9.761181831359863,15.263806343078613
6860,24.558055877685547,10.513754844665527,14.04430103302002
6861,24.315000534057617,9.304255485534668,15.01074504852295
6862,24.524311065673828,9.021462440490723,15.502848625183105
6863,24.261234283447266,8.427477836608887,15.833756446838379
6864,24.44611167907715,8.441710472106934,16.004401206970215
6865,24.42388916015625,7.863190174102783,16.560698986053467
6866,24.467960357666016,7.529196262359619,16.938764095306396
6867,24.2369441986084,9.705513000488281,14.531431198120117
6868,24.28156089782715,10.052151679992676,14.229409217834473
6869,24.15305519104004,10.241949081420898,13.91110610961914
6870,24.21388816833496,9.850446701049805,14.363441467285156
6871,24.04343032836914,10.372989654541016,13.670440673828125
6872,23.921112060546875,9.732246398925781,14.188865661621094
6873,24.098888397216797,9.669073104858398,14.429815292358398
6874,23.886110305786133,9.363131523132324,14.522978782653809
6875,23.44428825378418,9.37555980682373,14.06872844696045
6876,23.17194366455078,9.050944328308105,14.120999336242676
6877,22.9715633392334,9.706897735595703,13.264665603637695
6878,23.061111450195312,8.957245826721191,14.103865623474121
6879,23.591188430786133,9.687103271484375,13.904085159301758
6880,23.774511337280273,9.590723037719727,14.183788299560547
6881,24.356388092041016,8.940801620483398,15.415586471557617
6882,24.781944274902344,8.91857624053955,15.863368034362793
6883,24.7549991607666,10.397356986999512,14.35764217376709
6884,25.12006950378418,11.399742126464844,13.720327377319336
6885,24.98774528503418,9.070181846618652,15.917563438415527
6886,24.976619720458984,10.400702476501465,14.57591724395752
6887,24.90305519104004,10.784835815429688,14.118219375610352
6888,24.99888801574707,11.03561019897461,13.963277816772461
6889,25.108335494995117,10.888278007507324,14.220057487487793
6890,25.371944427490234,12.028037071228027,13.343907356262207
6891,25.60211181640625,11.066493034362793,14.535618782043457
6892,25.516944885253906,11.788320541381836,13.72862434387207
6893,25.413888931274414,12.212815284729004,13.20107364654541
6894,25.718236923217773,11.285493850708008,14.432743072509766
6895,25.51388931274414,12.405668258666992,13.108221054077148
6896,25.40999984741211,10.9611234664917,14.44887638092041
6897,25.389080047607422,10.01307487487793,15.376005172729492
6898,25.334911346435547,9.045160293579102,16.289751052856445
6899,25.704999923706055,9.32787799835205,16.377121925354004
6900,26.02805519104004,8.960055351257324,17.067999839782715
6901,25.81194496154785,8.8781099319458,16.93383502960205
6902,25.530338287353516,10.109175682067871,15.421162605285645
6903,25.584863662719727,10.47226619720459,15.112597465515137
6904,25.848054885864258,11.079895973205566,14.768158912658691
6905,25.700761795043945,13.326370239257812,12.374391555786133
6906,25.601974487304688,22.097389221191406,3.5045852661132812
6907,25.503938674926758,19.113239288330078,6.39069938659668
6908,25.5551815032959,20.013402938842773,5.541778564453125
6909,25.35388946533203,9.571501731872559,15.782387733459473
6910,25.356599807739258,9.1099853515625,16.246614456176758
6911,25.58194351196289,9.79189682006836,15.790046691894531
6912,25.98770523071289,11.102327346801758,14.885377883911133
6913,26.113889694213867,11.26685905456543,14.847030639648438
6914,26.072011947631836,12.884814262390137,13.1871976852417
6915,26.261943817138672,15.982460975646973,10.2794828414917
6916,26.212644577026367,12.286521911621094,13.926122665405273
6917,26.481643676757812,12.337042808532715,14.144600868225098
6918,26.33194351196289,18.338218688964844,7.993724822998047
6919,26.057544708251953,22.693477630615234,3.3640670776367188
6920,26.04075050354004,16.080055236816406,9.960695266723633
6921,26.018468856811523,24.45426368713379,1.5642051696777344
6922,25.68596076965332,25.961233139038086,0.2752723693847656
6923,25.90999984741211,26.85784339904785,0.9478435516357422
6924,26.318056106567383,25.739084243774414,0.5789718627929688
6925,26.309999465942383,21.89096450805664,4.419034957885742
6926,26.584999084472656,10.84477424621582,15.740224838256836
6927,26.521875381469727,9.983207702636719,16.538667678833008
6928,26.3682804107666,10.257074356079102,16.1112060546875
6929,26.26911163330078,10.57461929321289,15.69449234008789
6930,26.18543815612793,18.25677490234375,7.92866325378418
6931,26.29805564880371,18.94868278503418,7.349372863769531
6932,26.498014450073242,15.349771499633789,11.148242950439453
6933,26.81186294555664,12.522932052612305,14.288930892944336
6934,26.651363372802734,12.267317771911621,14.384045600891113
6935,26.261943817138672,12.57458209991455,13.687361717224121
6936,25.89459991455078,12.294790267944336,13.599809646606445
6937,25.716943740844727,12.79076862335205,12.926175117492676
6938,26.13251304626465,12.08147144317627,14.051041603088379
6939,26.161945343017578,12.845330238342285,13.316615104675293
6940,24.78499984741211,11.355367660522461,13.429632186889648
6941,24.33194351196289,11.751530647277832,12.580412864685059
6942,24.075000762939453,19.83086395263672,4.244136810302734
6943,24.53611183166504,9.951930046081543,14.584181785583496
6944,25.026369094848633,11.43311595916748,13.593253135681152
6945,25.61111068725586,9.2852201461792,16.32589054107666
6946,26.158056259155273,10.197283744812012,15.960772514343262
6947,26.595611572265625,10.028474807739258,16.567136764526367
6948,27.164688110351562,10.846282958984375,16.318405151367188
6949,27.575511932373047,12.30314826965332,15.272363662719727
6950,27.73833656311035,12.406517028808594,15.331819534301758
6951,28.09440040588379,12.312935829162598,15.781464576721191
6952,27.93213653564453,14.519923210144043,13.412213325500488
6953,27.813064575195312,16.30091667175293,11.512147903442383
6954,28.16611099243164,17.70214080810547,10.463970184326172
6955,28.2976131439209,14.931110382080078,13.36650276184082
6956,28.70805549621582,15.65407943725586,13.053976058959961
6957,28.992155075073242,16.11501693725586,12.877138137817383
6958,29.293888092041016,13.73430061340332,15.559587478637695
6959,29.220788955688477,12.405043601989746,16.81574535369873
6960,29.27383041381836,12.033060073852539,17.24077033996582
6961,29.11888885498047,10.834810256958008,18.28407859802246
6962,29.155000686645508,10.920409202575684,18.234591484069824
6963,29.213054656982422,10.182513236999512,19.03054141998291
6964,28.857324600219727,10.39907169342041,18.458252906799316
6965,28.828887939453125,9.574121475219727,19.2547664642334
6966,28.431110382080078,8.653886795043945,19.777223587036133
6967,28.57805633544922,8.961179733276367,19.61687660217285
6968,28.042570114135742,9.329917907714844,18.7126522064209
6969,29.062660217285156,10.113383293151855,18.9492769241333
6970,28.753055572509766,10.435332298278809,18.317723274230957
6971,28.16884994506836,13.051836013793945,15.117013931274414
6972,27.684999465942383,12.224590301513672,15.460409164428711
6973,27.37005043029785,11.26344108581543,16.106609344482422
6974,27.521120071411133,11.995439529418945,15.525680541992188
6975,27.95623016357422,12.570486068725586,15.385744094848633
6976,28.257030487060547,13.489683151245117,14.76734733581543
6977,28.691675186157227,12.995767593383789,15.695907592773438
6978,29.391944885253906,12.44135570526123,16.950589179992676
6979,29.8906307220459,11.00209903717041,18.88853168487549
6980,29.948467254638672,12.112135887145996,17.836331367492676
6981,29.29509925842285,10.516501426696777,18.778597831726074
6982,29.1380558013916,11.284496307373047,17.853559494018555
6983,29.475000381469727,11.147466659545898,18.327533721923828
6984,29.301361083984375,10.158150672912598,19.143210411071777
6985,29.53499984741211,10.996379852294922,18.538619995117188
6986,29.71381950378418,11.36561107635498,18.3482084274292
6987,29.683549880981445,11.069169044494629,18.614380836486816
6988,29.584999084472656,11.070160865783691,18.514838218688965
6989,29.05091094970703,11.841033935546875,17.209877014160156
6990,28.719999313354492,10.524020195007324,18.195979118347168
6991,31.043249130249023,10.659784317016602,20.383464813232422
6992,28.424999237060547,10.512093544006348,17.9129056930542
6993,28.75111198425293,11.10041618347168,17.65069580078125
6994,29.29111099243164,11.044400215148926,18.246710777282715
6995,29.579999923706055,9.220137596130371,20.359862327575684
6996,29.49388885498047,11.421609878540039,18.07227897644043
6997,29.17194366455078,12.468878746032715,16.703064918518066
6998,29.085519790649414,10.958858489990234,18.12666130065918
6999,28.61602020263672,11.993796348571777,16.62222385406494
7000,28.121944427490234,13.499918937683105,14.622025489807129
7001,28.18177032470703,15.086986541748047,13.094783782958984
7002,28.12411880493164,13.561232566833496,14.562886238098145
7003,28.304819107055664,13.937252044677734,14.36756706237793
7004,28.698774337768555,13.02154541015625,15.677228927612305
7005,28.79111099243164,10.15305233001709,18.63805866241455
7006,28.91788673400879,9.761823654174805,19.156063079833984
7007,28.569068908691406,9.1285400390625,19.440528869628906
7008,28.086944580078125,10.102113723754883,17.984830856323242
7009,28.032936096191406,11.726978302001953,16.305957794189453
7010,28.168888092041016,12.526936531066895,15.641951560974121
7011,28.393054962158203,14.200751304626465,14.192303657531738
7012,28.414369583129883,9.076871871948242,19.33749771118164
7013,28.613056182861328,9.72053337097168,18.89252281188965
7014,28.29111099243164,9.367365837097168,18.923745155334473
7015,27.974111557006836,9.950608253479004,18.023503303527832
7016,27.954999923706055,11.295012474060059,16.659987449645996
7017,27.838054656982422,13.94448184967041,13.893572807312012
7018,27.784870147705078,21.772525787353516,6.0123443603515625
7019,27.415000915527344,23.764345169067383,3.650655746459961
7020,26.9481201171875,24.665802001953125,2.282318115234375
7021,26.555761337280273,26.052410125732422,0.5033512115478516
7022,26.313888549804688,9.118440628051758,17.19544792175293
7023,26.56305503845215,9.486623764038086,17.076431274414062
7024,26.613229751586914,8.992548942565918,17.620680809020996
7025,26.312549591064453,9.069347381591797,17.243202209472656
7026,25.863056182861328,10.628331184387207,15.234724998474121
7027,25.69391441345215,12.381068229675293,13.312846183776855
7028,26.075000762939453,21.96354103088379,4.111459732055664
7029,26.455249786376953,24.147228240966797,2.3080215454101562
7030,26.848888397216797,24.813337326049805,2.035551071166992
7031,26.981111526489258,24.616464614868164,2.3646469116210938
7032,27.16111183166504,13.377434730529785,13.783677101135254
7033,27.141111373901367,13.365300178527832,13.775811195373535
7034,26.841110229492188,14.054689407348633,12.786420822143555
7035,26.39881134033203,14.15125560760498,12.24755573272705
7036,26.16111183166504,22.15488052368164,4.006231307983398
7037,25.738889694213867,18.335508346557617,7.40338134765625
7038,25.614999771118164,22.896787643432617,2.718212127685547
7039,25.81934928894043,23.601947784423828,2.2174015045166016
7040,25.5762882232666,25.8126163482666,0.236328125
7041,25.594999313354492,24.616018295288086,0.9789810180664062
7042,25.897363662719727,16.0458927154541,9.851470947265625
7043,26.063236236572266,12.5087251663208,13.554511070251465
7044,26.25429916381836,11.079035758972168,15.175263404846191
7045,26.064586639404297,8.697371482849121,17.367215156555176
7046,26.290674209594727,8.72666072845459,17.564013481140137
7047,26.75613021850586,12.4844970703125,14.27163314819336
7048,26.66368865966797,9.067376136779785,17.596312522888184
7049,26.5805606842041,10.473276138305664,16.107284545898438
7050,26.848054885864258,11.367055892944336,15.480998992919922
7051,27.0130558013916,10.299230575561523,16.713825225830078
7052,27.052011489868164,10.402249336242676,16.64976215362549
7053,26.746944427490234,10.405998229980469,16.340946197509766
7054,26.139999389648438,10.171900749206543,15.968098640441895
7055,25.038537979125977,10.02945613861084,15.009081840515137
7056,24.073055267333984,11.07239818572998,13.000657081604004
7057,23.99305534362793,11.110930442810059,12.882124900817871
7058,22.573888778686523,11.69071102142334,10.883177757263184
7059,22.523056030273438,10.19685173034668,12.326204299926758
7060,22.742414474487305,10.13609504699707,12.606319427490234
7061,22.958938598632812,10.471818923950195,12.487119674682617
7062,22.424999237060547,9.022547721862793,13.402451515197754
7063,21.085880279541016,9.726834297180176,11.35904598236084
7064,21.14311408996582,3.2794394493103027,17.863674640655518
7065,19.85746192932129,3.7181291580200195,16.13933277130127
7066,17.854999542236328,3.819551706314087,14.035447835922241
7067,15.988569259643555,4.616948127746582,11.371621131896973
7068,12.760000228881836,4.752674102783203,8.007326126098633
7069,9.578888893127441,4.659865856170654,4.919023036956787
7070,6.3875250816345215,4.568402290344238,1.8191227912902832
7071,2.7329888343811035,4.41386604309082,1.6808772087097168
7072,0.4519444406032562,3.915945291519165,3.464000850915909
7073,0.026944443583488464,3.3752927780151367,3.3483483344316483
7074,0.026794444769620895,3.2780020236968994,3.2512075789272785
7075,0.014999999664723873,2.6602401733398438,2.64524017367512
7076,0.0061111110262572765,2.592349052429199,2.586237941402942
7077,0.021111110225319862,2.366912841796875,2.345801731571555
7078,0.006099999882280827,2.468209743499756,2.462109743617475
7079,0.02203611098229885,2.1931965351104736,2.171160424128175
7080,0.0069444444961845875,2.021627426147461,2.0146829816512764
7081,0.008055555634200573,1.5973482131958008,1.5892926575616002
7082,0.008888889104127884,1.9409329891204834,1.9320441000163555
7083,0.008124999701976776,1.7277034521102905,1.7195784524083138
7084,0.008888889104127884,1.7801156044006348,1.7712267152965069
7085,0.011944444850087166,1.6329140663146973,1.62096962146461
7086,0.03305555507540703,2.3199563026428223,2.2869007475674152
7087,0.01684444397687912,4.416572570800781,4.399728126823902
7088,0.028113888576626778,4.875704288482666,4.847590399906039
7089,0.013930555433034897,5.572887420654297,5.558956865221262
7090,0.011099999770522118,6.34485387802124,6.333753878250718
7091,0.013055555522441864,8.908039093017578,8.894983537495136
7092,0.013055555522441864,8.179500579833984,8.166445024311543
7093,0.039980556815862656,8.210844993591309,8.170864436775446
7094,0.023911111056804657,9.159873008728027,9.135961897671223
7095,0.6211110949516296,9.90430736541748,9.28319627046585
7096,3.591944456100464,8.291741371154785,4.699796915054321
7097,5.371944427490234,9.571441650390625,4.199497222900391
7098,7.5295610427856445,10.566389083862305,3.03682804107666
7099,9.24305534362793,9.775510787963867,0.5324554443359375
7100,10.725539207458496,9.91519832611084,0.8103408813476562
7101,12.130000114440918,11.182414054870605,0.9475860595703125
7102,13.275630950927734,11.37149715423584,1.9041337966918945
7103,13.868049621582031,12.220322608947754,1.6477270126342773
7104,14.103055953979492,11.266334533691406,2.836721420288086
7105,14.068055152893066,10.232316970825195,3.835738182067871
7106,14.570488929748535,9.731481552124023,4.839007377624512
7107,15.018850326538086,9.31662368774414,5.702226638793945
7108,14.990930557250977,9.622127532958984,5.368803024291992
7109,15.213386535644531,9.15001106262207,6.063375473022461
7110,15.448538780212402,9.747709274291992,5.70082950592041
7111,15.188055992126465,10.24294662475586,4.9451093673706055
7112,14.156110763549805,8.897067070007324,5.2590436935424805
7113,13.4350004196167,9.192413330078125,4.242587089538574
7114,12.92328929901123,10.088796615600586,2.8344926834106445
7115,12.984588623046875,10.437596321105957,2.546992301940918
7116,13.857950210571289,7.461753845214844,6.396196365356445
7117,14.625588417053223,7.4717631340026855,7.153825283050537
7118,14.718605995178223,7.913286209106445,6.805319786071777
7119,15.119799613952637,7.494619369506836,7.625180244445801
7120,15.274999618530273,8.4537992477417,6.821200370788574
7121,15.156110763549805,8.866741180419922,6.289369583129883
7122,15.581944465637207,9.16150951385498,6.420434951782227
7123,15.779999732971191,8.268627166748047,7.5113725662231445
7124,10.656110763549805,7.824422836303711,2.8316879272460938
7125,4.978186130523682,8.574949264526367,3.5967631340026855
7126,12.868480682373047,7.901747226715088,4.966733455657959
7127,12.420000076293945,8.944536209106445,3.4754638671875
7128,12.046944618225098,9.691581726074219,2.355362892150879
7129,12.024999618530273,9.91576099395752,2.109238624572754
7130,12.248055458068848,11.7362060546875,0.5118494033813477
7131,12.966111183166504,12.455500602722168,0.5106105804443359
7132,13.669713973999023,9.256271362304688,4.413442611694336
7133,13.94856071472168,9.895170211791992,4.0533905029296875
7134,13.73888874053955,8.80062198638916,4.938266754150391
7135,13.956280708312988,8.53630256652832,5.419978141784668
7136,14.639049530029297,8.557978630065918,6.081070899963379
7137,14.468055725097656,8.742358207702637,5.7256975173950195
7138,14.15999984741211,8.838071823120117,5.321928024291992
7139,14.404999732971191,9.201268196105957,5.203731536865234
7140,13.710000038146973,9.419279098510742,4.2907209396362305
7141,12.60111141204834,9.61340045928955,2.987710952758789
7142,11.63611125946045,10.336301803588867,1.299809455871582
7143,11.078230857849121,10.143850326538086,0.9343805313110352
7144,9.02388858795166,10.025375366210938,1.0014867782592773
7145,7.516280651092529,10.89968204498291,3.383401393890381
7146,7.614999771118164,11.307880401611328,3.692880630493164
7147,9.261719703674316,10.288652420043945,1.026932716369629
7148,10.592288970947266,11.60017204284668,1.007883071899414
7149,11.699605941772461,12.771025657653809,1.0714197158813477
7150,12.948055267333984,12.689085006713867,0.2589702606201172
7151,13.90785026550293,11.63822078704834,2.26962947845459
7152,15.053889274597168,10.204550743103027,4.849338531494141
7153,15.868888854980469,11.437982559204102,4.430906295776367
7154,16.770061492919922,11.43885612487793,5.331205368041992
7155,17.74570083618164,9.86609172821045,7.879609107971191
7156,18.603055953979492,9.511218070983887,9.091837882995605
7157,19.521944046020508,9.637834548950195,9.884109497070312
7158,20.266111373901367,11.148521423339844,9.117589950561523
7159,21.145000457763672,10.250497817993164,10.894502639770508
7160,21.58194351196289,12.810497283935547,8.771446228027344
7161,21.913888931274414,10.610323905944824,11.30356502532959
7162,22.279788970947266,9.30116081237793,12.978628158569336
7163,22.55500030517578,10.092687606811523,12.462312698364258
7164,22.61805534362793,10.204071998596191,12.413983345031738
7165,22.244930267333984,9.278746604919434,12.96618366241455
7166,22.442106246948242,9.123151779174805,13.318954467773438
7167,22.850830078125,10.493511199951172,12.357318878173828
7168,23.266895294189453,10.047450065612793,13.21944522857666
7169,23.76267433166504,9.494026184082031,14.268648147583008
7170,24.1140193939209,9.096831321716309,15.01718807220459
7171,23.841943740844727,9.96769905090332,13.874244689941406
7172,23.54194450378418,10.047159194946289,13.49478530883789
7173,23.851110458374023,10.42182445526123,13.429286003112793
7174,24.114999771118164,10.46741771697998,13.647582054138184
7175,24.43805503845215,10.901780128479004,13.536274909973145
7176,24.842287063598633,10.094380378723145,14.747906684875488
7177,24.209964752197266,10.545741081237793,13.664223670959473
7178,24.1629638671875,9.381114959716797,14.781848907470703
7179,24.377674102783203,10.525026321411133,13.85264778137207
7180,24.715219497680664,9.546956062316895,15.16826343536377
7181,24.94952964782715,10.20477294921875,14.744756698608398
7182,25.146944046020508,11.219362258911133,13.927581787109375
7183,25.41812515258789,9.780752182006836,15.637372970581055
7184,25.893888473510742,8.600478172302246,17.293410301208496
7185,26.473949432373047,8.284531593322754,18.189417839050293
7186,26.70305633544922,8.67168140411377,18.03137493133545
7187,27.19743537902832,8.465474128723145,18.731961250305176
7188,27.356111526489258,11.302408218383789,16.05370330810547
7189,27.231945037841797,10.471442222595215,16.760502815246582
7190,27.023056030273438,12.817037582397461,14.206018447875977
7191,27.103055953979492,14.546897888183594,12.556158065795898
7192,27.100000381469727,12.860884666442871,14.239115715026855
7193,26.905000686645508,11.895397186279297,15.009603500366211
7194,26.893888473510742,11.872785568237305,15.021102905273438
7195,26.527313232421875,11.745160102844238,14.782153129577637
7196,25.991945266723633,11.547130584716797,14.444814682006836
7197,26.173524856567383,12.32187557220459,13.851649284362793
7198,26.358888626098633,12.471538543701172,13.887350082397461
7199,26.4732608795166,12.26995849609375,14.203302383422852
7200,26.458969116210938,11.24714183807373,15.211827278137207
7201,26.494279861450195,11.238380432128906,15.255899429321289
7202,26.636110305786133,11.977466583251953,14.65864372253418
7203,26.778888702392578,11.98658561706543,14.792303085327148
7204,26.716110229492188,10.894878387451172,15.821231842041016
7205,26.661331176757812,10.18752670288086,16.473804473876953
7206,25.944164276123047,9.042220115661621,16.901944160461426
7207,25.87126922607422,10.334718704223633,15.536550521850586
7208,25.863889694213867,8.709990501403809,17.15389919281006
7209,25.893888473510742,11.277535438537598,14.616353034973145
7210,26.003889083862305,12.109427452087402,13.894461631774902
7211,26.116111755371094,11.349777221679688,14.766334533691406
7212,26.283449172973633,10.879748344421387,15.403700828552246
7213,26.306943893432617,10.410216331481934,15.896727561950684
7214,26.491945266723633,11.86751651763916,14.624428749084473
7215,26.3700008392334,11.527107238769531,14.842893600463867
7216,26.280000686645508,11.7517671585083,14.528233528137207
7217,26.214271545410156,10.667989730834961,15.546281814575195
7218,26.27471160888672,10.94101619720459,15.333695411682129
7219,26.40999984741211,10.65852165222168,15.75147819519043
7220,26.34278106689453,10.316347122192383,16.02643394470215
7221,26.309999465942383,11.373653411865234,14.936346054077148
7222,26.11430549621582,11.616978645324707,14.497326850891113
7223,26.200000762939453,11.662734985351562,14.53726577758789
7224,25.47593879699707,11.58821964263916,13.88771915435791
7225,25.26944923400879,12.485213279724121,12.784235954284668
7226,24.968889236450195,11.931236267089844,13.037652969360352
7227,24.808889389038086,13.16488265991211,11.644006729125977
7228,24.977739334106445,12.482370376586914,12.495368957519531
7229,25.306110382080078,13.205208778381348,12.10090160369873
7230,25.540550231933594,13.17438793182373,12.366162300109863
7231,25.813589096069336,13.073655128479004,12.739933967590332
7232,26.014188766479492,9.958293914794922,16.05589485168457
7233,26.246944427490234,9.769415855407715,16.47752857208252
7234,26.528888702392578,9.344717979431152,17.184170722961426
7235,26.831111907958984,10.47775936126709,16.353352546691895
7236,26.989999771118164,10.529362678527832,16.460637092590332
7237,27.1466007232666,13.226157188415527,13.920443534851074
7238,27.358888626098633,12.177144050598145,15.181744575500488
7239,27.501943588256836,8.7175931930542,18.784350395202637
7240,27.69825553894043,7.395860195159912,20.302395343780518
7241,28.104999542236328,7.964804172515869,20.14019536972046
7242,27.982744216918945,8.712743759155273,19.270000457763672
7243,27.533056259155273,9.481650352478027,18.051405906677246
7244,27.01314353942871,10.72691822052002,16.28622531890869
7245,26.956111907958984,11.23979377746582,15.716318130493164
7246,27.030000686645508,10.931700706481934,16.098299980163574
7247,27.098054885864258,11.622577667236328,15.47547721862793
7248,27.148056030273438,11.700324058532715,15.447731971740723
7249,27.10443115234375,11.194994926452637,15.909436225891113
7250,27.003889083862305,9.990918159484863,17.01297092437744
7251,27.182294845581055,9.593233108520508,17.589061737060547
7252,27.011310577392578,10.376763343811035,16.634547233581543
7253,26.795000076293945,10.962467193603516,15.83253288269043
7254,26.135000228881836,10.47557544708252,15.659424781799316
7255,25.528589248657227,10.815393447875977,14.71319580078125
7256,25.126375198364258,9.761343955993652,15.365031242370605
7257,24.895000457763672,9.115662574768066,15.779337882995605
7258,24.6200008392334,8.726716041564941,15.893284797668457
7259,23.933055877685547,8.825382232666016,15.107673645019531
7260,24.108144760131836,9.382965087890625,14.725179672241211
7261,24.430774688720703,9.474860191345215,14.955914497375488
7262,24.21500015258789,9.896078109741211,14.31892204284668
7263,24.389530181884766,9.308995246887207,15.080534934997559
7264,24.27111053466797,8.804038047790527,15.467072486877441
7265,23.49888801574707,9.741703987121582,13.757184028625488
7266,23.42888832092285,10.006492614746094,13.422395706176758
7267,23.824199676513672,9.835650444030762,13.98854923248291
7268,23.59000015258789,9.933060646057129,13.656939506530762
7269,23.598888397216797,11.013025283813477,12.58586311340332
7270,23.688888549804688,11.06667709350586,12.622211456298828
7271,24.026830673217773,11.190580368041992,12.836250305175781
7272,24.34135627746582,11.020853996276855,13.320502281188965
7273,24.582056045532227,11.96524715423584,12.616808891296387
7274,24.089719772338867,10.697723388671875,13.391996383666992
7275,23.696945190429688,10.92174243927002,12.775202751159668
7276,22.916805267333984,11.071794509887695,11.845010757446289
7277,22.698030471801758,11.947038650512695,10.750991821289062
7278,23.05372428894043,11.966059684753418,11.087664604187012
7279,23.40481185913086,11.876192092895508,11.528619766235352
7280,23.63111114501953,14.18221378326416,9.448897361755371
7281,23.68805503845215,14.60759449005127,9.080460548400879
7282,24.08983612060547,11.30203628540039,12.787799835205078
7283,24.80701446533203,10.543065071105957,14.263949394226074
7284,24.95805549621582,11.042706489562988,13.915349006652832
7285,24.551944732666016,11.125115394592285,13.42682933807373
7286,24.238264083862305,12.12130069732666,12.116963386535645
7287,24.128055572509766,12.297833442687988,11.830222129821777
7288,23.746944427490234,10.168780326843262,13.578164100646973
7289,23.158889770507812,8.940431594848633,14.21845817565918
7290,22.64893913269043,2.8593714237213135,19.789567708969116
7291,21.88274383544922,1.7325328588485718,20.150210976600647
7292,20.74617576599121,2.81766676902771,17.9285089969635
7293,19.87388801574707,4.419872283935547,15.454015731811523
7294,16.663888931274414,4.4571661949157715,12.206722736358643
7295,12.141944885253906,4.696969032287598,7.444975852966309
7296,7.913719654083252,5.02949333190918,2.8842263221740723
7297,4.918055534362793,4.84267520904541,0.07538032531738281
7298,2.1930556297302246,4.773550033569336,2.5804944038391113
7299,1.0054861307144165,4.5328779220581055,3.527391791343689
7300,0.12100555747747421,4.047003269195557,3.9259977117180824
7301,0.00318611110560596,3.2222237586975098,3.219037647591904
7302,0.028055556118488312,3.1735973358154297,3.1455417796969414
7303,0.004999999888241291,2.8349661827087402,2.829966182820499
7304,0.018888888880610466,2.385100841522217,2.3662119526416063
7305,0.013055555522441864,2.9055376052856445,2.8924820497632027
7306,0.01805555634200573,4.826449871063232,4.808394314721227
7307,0.011111111380159855,5.102809906005859,5.0916987946256995
7308,0.008213888853788376,5.357088565826416,5.348874676972628
7309,0.004999999888241291,6.492376327514648,6.487376327626407
7310,0.006169444415718317,9.026420593261719,9.020251148846
7311,0.0011111111380159855,9.162202835083008,9.161091723944992
7312,0.011111111380159855,9.448392868041992,9.437281756661832
7313,0.026111111044883728,9.324163436889648,9.298052325844765
7314,1.0011111497879028,8.504270553588867,7.503159403800964
7315,3.103888988494873,8.688444137573242,5.584555149078369
7316,4.900000095367432,8.934788703918457,4.034788608551025
7317,6.566944599151611,9.840808868408203,3.273864269256592
7318,8.051111221313477,8.356420516967773,0.3053092956542969
7319,8.802460670471191,8.471506118774414,0.33095455169677734
7320,9.232064247131348,8.060894966125488,1.1711692810058594
7321,9.04888916015625,8.553936958312988,0.4949522018432617
7322,8.611944198608398,9.122419357299805,0.5104751586914062
7323,8.341111183166504,9.608098030090332,1.2669868469238281
7324,8.193888664245605,9.726190567016602,1.532301902770996
7325,7.887563705444336,10.778487205505371,2.890923500061035
7326,7.6061110496521,10.842450141906738,3.2363390922546387
7327,7.57456111907959,10.6405029296875,3.06594181060791
7328,8.063888549804688,10.570899963378906,2.5070114135742188
7329,8.9578857421875,8.288619041442871,0.6692667007446289
7330,8.836199760437012,8.48534870147705,0.35085105895996094
7331,8.50903606414795,7.742785930633545,0.7662501335144043
7332,8.996944427490234,7.775860786437988,1.221083641052246
7333,9.28396987915039,9.168985366821289,0.11498451232910156
7334,8.734999656677246,9.229153633117676,0.4941539764404297
7335,8.031110763549805,9.70975112915039,1.678640365600586
7336,7.74298620223999,10.815518379211426,3.0725321769714355
7337,7.77346134185791,10.926606178283691,3.1531448364257812
7338,8.646944046020508,9.687745094299316,1.0408010482788086
7339,10.163055419921875,10.074854850769043,0.08820056915283203
7340,10.218055725097656,12.797184944152832,2.579129219055176
7341,10.254500389099121,12.328353881835938,2.0738534927368164
7342,10.885000228881836,11.010326385498047,0.12532615661621094
7343,11.70888900756836,10.9093656539917,0.7995233535766602
7344,12.703425407409668,10.21639347076416,2.487031936645508
7345,13.176111221313477,10.986329078674316,2.18978214263916
7346,12.983499526977539,10.118517875671387,2.8649816513061523
7347,12.658055305480957,10.552964210510254,2.105091094970703
7348,12.880269050598145,10.78628158569336,2.093987464904785
7349,13.846111297607422,9.907731056213379,3.938380241394043
7350,14.071110725402832,9.127863883972168,4.943246841430664
7351,14.318055152893066,8.841029167175293,5.477025985717773
7352,14.538055419921875,8.365326881408691,6.172728538513184
7353,14.250319480895996,9.651501655578613,4.598817825317383
7354,13.63943862915039,11.048775672912598,2.590662956237793
7355,13.165614128112793,10.362630844116211,2.802983283996582
7356,12.392505645751953,11.120692253112793,1.2718133926391602
7357,11.960469245910645,9.199228286743164,2.7612409591674805
7358,11.698888778686523,8.91767692565918,2.7812118530273438
7359,11.58388900756836,8.555865287780762,3.0280237197875977
7360,11.121113777160645,8.347137451171875,2.7739763259887695
7361,10.886130332946777,10.219040870666504,0.6670894622802734
7362,11.390000343322754,11.510631561279297,0.12063121795654297
7363,11.671111106872559,12.395317077636719,0.7242059707641602
7364,11.642488479614258,8.998808860778809,2.643679618835449
7365,11.604999542236328,9.687049865722656,1.9179496765136719
7366,12.569680213928223,8.994776725769043,3.5749034881591797
7367,12.70615005493164,9.70986557006836,2.9962844848632812
7368,12.52388858795166,10.960569381713867,1.563319206237793
7369,12.2946195602417,9.981840133666992,2.312779426574707
7370,12.395000457763672,10.387435913085938,2.0075645446777344
7371,12.67293643951416,9.448810577392578,3.224125862121582
7372,12.516944885253906,9.133344650268555,3.3836002349853516
7373,12.154999732971191,9.299678802490234,2.855320930480957
7374,11.952713966369629,8.778878211975098,3.1738357543945312
7375,12.219338417053223,9.47499942779541,2.7443389892578125
7376,12.29194450378418,10.612783432006836,1.6791610717773438
7377,12.300000190734863,10.922624588012695,1.377375602722168
7378,11.859511375427246,10.648773193359375,1.210738182067871
7379,11.392675399780273,10.415850639343262,0.9768247604370117
7380,10.803055763244629,10.30741024017334,0.49564552307128906
7381,10.095000267028809,9.5230131149292,0.5719871520996094
7382,9.198688507080078,6.285905361175537,2.912783145904541
7383,8.920280456542969,6.0523881912231445,2.867892265319824
7384,8.659719467163086,6.992248058319092,1.6674714088439941
7385,8.421510696411133,6.825287818908691,1.5962228775024414
7386,8.630000114440918,7.195959568023682,1.4340405464172363
7387,9.5649995803833,6.8973798751831055,2.6676197052001953
7388,9.828055381774902,7.572879791259766,2.2551755905151367
7389,4.310969352722168,7.4263176918029785,3.1153483390808105
7390,3.324094533920288,8.26579761505127,4.9417030811309814
7391,3.3938889503479004,7.755381107330322,4.361492156982422
7392,3.3880555629730225,6.190290451049805,2.8022348880767822
7393,3.381944417953491,5.597288131713867,2.215343713760376
7394,4.191111087799072,5.236198902130127,1.0450878143310547
7395,4.374919414520264,4.943735122680664,0.5688157081604004
7396,4.263888835906982,4.7992658615112305,0.535377025604248
7397,6.010311126708984,5.209200859069824,0.8011102676391602
7398,4.117061138153076,5.730855464935303,1.6137943267822266
7399,1.217538833618164,6.305109977722168,5.087571144104004
7400,0.6561111211776733,6.833223342895508,6.1771122217178345
7401,0.3523138761520386,7.620753765106201,7.268439888954163
7402,0.601111114025116,8.894025802612305,8.292914688587189
7403,1.0580555200576782,9.338934898376465,8.280879378318787
7404,1.3188889026641846,9.138930320739746,7.8200414180755615
7405,1.9910999536514282,9.559144020080566,7.568044066429138
7406,2.75,9.521215438842773,6.771215438842773
7407,3.9538888931274414,9.958232879638672,6.0043439865112305
7408,5.531338691711426,11.10849666595459,5.577157974243164
7409,6.2588887214660645,10.816880226135254,4.5579915046691895
7410,6.308888912200928,10.465149879455566,4.156260967254639
7411,6.195719242095947,9.647683143615723,3.4519639015197754
7412,6.046719551086426,9.309488296508789,3.2627687454223633
7413,6.650000095367432,8.627204895019531,1.9772047996520996
7414,8.038055419921875,8.704087257385254,0.6660318374633789
7415,8.488055229187012,4.38862419128418,4.099431037902832
7416,8.49262809753418,2.1816699504852295,6.31095814704895
7417,8.693055152893066,4.586472511291504,4.1065826416015625
7418,8.403888702392578,5.301247596740723,3.1026411056518555
7419,8.328055381774902,6.2281012535095215,2.099954128265381
7420,7.198888778686523,6.348095417022705,0.8507933616638184
7421,6.619999885559082,10.183038711547852,3.5630388259887695
7422,4.158380508422852,10.33642864227295,6.178048133850098
7423,1.5689805746078491,9.310251235961914,7.741270661354065
7424,1.2569444179534912,11.239372253417969,9.982427835464478
7425,1.4061111211776733,10.442499160766602,9.036388039588928
7426,4.283055782318115,8.937050819396973,4.653995037078857
7427,6.383460998535156,8.68132495880127,2.2978639602661133
7428,8.320960998535156,7.877591609954834,0.44336938858032227
7429,9.506111145019531,7.656248092651367,1.849863052368164
7430,9.971035957336426,7.011237144470215,2.959798812866211
7431,9.876944541931152,7.575314044952393,2.3016304969787598
7432,9.243325233459473,7.883890628814697,1.3594346046447754
7433,8.788180351257324,8.76384449005127,0.024335861206054688
7434,8.123055458068848,11.61597728729248,3.492921829223633
7435,5.915663719177246,10.8762788772583,4.960615158081055
7436,5.433861255645752,10.583744049072266,5.149882793426514
7437,5.659938812255859,10.236882209777832,4.576943397521973
7438,5.659999847412109,9.938648223876953,4.278648376464844
7439,6.578888893127441,9.602850914001465,3.0239620208740234
7440,8.439764022827148,9.263334274291992,0.8235702514648438
7441,10.239999771118164,9.73388385772705,0.5061159133911133
7442,11.750880241394043,9.025300025939941,2.7255802154541016
7443,12.958624839782715,9.5326509475708,3.425973892211914
7444,13.756689071655273,8.185259819030762,5.571429252624512
7445,14.131111145019531,9.08549976348877,5.045611381530762
7446,14.501111030578613,8.534582138061523,5.96652889251709
7447,14.892144203186035,7.929198741912842,6.962945461273193
7448,15.44111156463623,7.629605293273926,7.811506271362305
7449,16.292631149291992,8.845499038696289,7.447132110595703
7450,16.801944732666016,7.877024173736572,8.924920558929443
7451,16.907224655151367,8.377178192138672,8.530046463012695
7452,16.948055267333984,7.844681262969971,9.103374004364014
7453,16.921112060546875,7.9545207023620605,8.966591358184814
7454,16.886795043945312,7.720005512237549,9.166789531707764
7455,16.80133056640625,7.986264228820801,8.81506633758545
7456,16.566110610961914,8.04687213897705,8.519238471984863
7457,16.443889617919922,7.8533244132995605,8.590565204620361
7458,16.266944885253906,9.16063117980957,7.106313705444336
7459,16.29194450378418,8.614131927490234,7.677812576293945
7460,16.211111068725586,9.23643970489502,6.974671363830566
7461,16.191110610961914,9.352229118347168,6.838881492614746
7462,16.151111602783203,9.937760353088379,6.213351249694824
7463,16.1119441986084,8.990211486816406,7.121732711791992
7464,16.120988845825195,9.543303489685059,6.577685356140137
7465,16.036945343017578,9.003040313720703,7.033905029296875
7466,15.881030082702637,9.580655097961426,6.300374984741211
7467,15.608055114746094,9.11538314819336,6.492671966552734
7468,15.48194408416748,4.693726539611816,10.788217544555664
7469,15.345636367797852,4.622048377990723,10.723587989807129
7470,14.871744155883789,5.782179355621338,9.089564800262451
7471,13.536944389343262,6.2891974449157715,7.24774694442749
7472,12.378955841064453,6.156791687011719,6.222164154052734
7473,11.145000457763672,7.037264823913574,4.107735633850098
7474,8.985513687133789,8.093367576599121,0.892146110534668
7475,6.701111316680908,8.72585391998291,2.024742603302002
7476,4.388055324554443,8.262163162231445,3.874107837677002
7477,4.341944217681885,8.615832328796387,4.273888111114502
7478,4.656688690185547,9.505180358886719,4.848491668701172
7479,5.96999979019165,7.915218830108643,1.9452190399169922
7480,7.169888973236084,8.751768112182617,1.5818791389465332
7481,7.517438888549805,8.704273223876953,1.1868343353271484
7482,8.24305534362793,7.911738872528076,0.3313164710998535
7483,9.327285766601562,7.937696933746338,1.3895888328552246
7484,10.037535667419434,8.828630447387695,1.2089052200317383
7485,10.428055763244629,8.255562782287598,2.1724929809570312
7486,10.678055763244629,7.709008693695068,2.9690470695495605
7487,10.528055191040039,8.982930183410645,1.5451250076293945
7488,11.483955383300781,8.643826484680176,2.8401288986206055
7489,11.88058853149414,9.524337768554688,2.356250762939453
7490,12.178055763244629,8.76949691772461,3.4085588455200195
7491,12.289199829101562,9.652059555053711,2.6371402740478516
7492,12.496944427490234,10.273765563964844,2.2231788635253906
7493,12.803055763244629,9.81126880645752,2.9917869567871094
7494,13.1272611618042,8.909684181213379,4.21757698059082
7495,13.599474906921387,9.22512149810791,4.374353408813477
7496,14.196419715881348,8.110978126525879,6.085441589355469
7497,14.671069145202637,9.04549789428711,5.625571250915527
7498,15.139300346374512,9.147026062011719,5.992274284362793
7499,14.811111450195312,8.655716896057129,6.155394554138184
7500,14.048055648803711,9.728558540344238,4.319497108459473
7501,12.943055152893066,9.963489532470703,2.9795656204223633
7502,13.270000457763672,9.137057304382324,4.132943153381348
7503,11.52388858795166,9.297536849975586,2.226351737976074
7504,11.1899995803833,9.02851676940918,2.161482810974121
7505,11.145000457763672,8.880509376525879,2.264491081237793
7506,11.658055305480957,7.8423967361450195,3.8156585693359375
7507,12.776944160461426,8.700912475585938,4.076031684875488
7508,13.302094459533691,9.011234283447266,4.290860176086426
7509,13.763055801391602,9.772043228149414,3.9910125732421875
7510,14.267305374145508,9.681912422180176,4.585392951965332
7511,14.346944808959961,10.088905334472656,4.258039474487305
7512,14.288888931274414,9.376875877380371,4.912013053894043
7513,14.221111297607422,9.587501525878906,4.633609771728516
7514,14.437969207763672,9.643011093139648,4.794958114624023
7515,14.648056030273438,9.035094261169434,5.612961769104004
7516,14.663588523864746,10.323775291442871,4.339813232421875
7517,14.5064697265625,10.75014877319336,3.7563209533691406
7518,14.376111030578613,11.15229606628418,3.2238149642944336
7519,14.176111221313477,9.959918022155762,4.216193199157715
7520,14.09368896484375,9.674751281738281,4.418937683105469
7521,13.811944007873535,9.510363578796387,4.301580429077148
7522,13.38468074798584,9.336280822753906,4.048399925231934
7523,13.105080604553223,8.836548805236816,4.268531799316406
7524,13.063069343566895,8.204643249511719,4.858426094055176
7525,13.193913459777832,7.879636287689209,5.314277172088623
7526,13.406450271606445,6.862354278564453,6.544095993041992
7527,13.818055152893066,7.947292804718018,5.870762348175049
7528,13.97326374053955,8.195937156677246,5.777326583862305
7529,13.90999984741211,9.133772850036621,4.776226997375488
7530,14.04194450378418,8.459823608398438,5.582120895385742
7531,13.1899995803833,8.40377426147461,4.786225318908691
7532,11.401110649108887,7.66917610168457,3.7319345474243164
7533,10.466111183166504,5.942581653594971,4.523529529571533
7534,8.283888816833496,6.158854961395264,2.1250338554382324
7535,7.991910934448242,4.294990062713623,3.696920871734619
7536,9.160530090332031,2.9334185123443604,6.227111577987671
7537,11.096111297607422,2.773700714111328,8.322410583496094
7538,11.81967544555664,4.043557167053223,7.776118278503418
7539,9.108680725097656,3.8826868534088135,5.225993871688843
7540,6.908888816833496,3.707472085952759,3.2014167308807373
7541,5.168055534362793,4.082269668579102,1.0857858657836914
7542,3.538055658340454,4.068676471710205,0.530620813369751
7543,1.7300000190734863,3.9175400733947754,2.187540054321289
7544,0.6088888645172119,3.218794107437134,2.609905242919922
7545,0.19111111760139465,3.232039213180542,3.0409280955791473
7546,0.014999999664723873,2.8016605377197266,2.7866605380550027
7547,0.04194444417953491,2.4616193771362305,2.4196749329566956
7548,0.048055555671453476,2.2967963218688965,2.248740766197443
7549,0.056111112236976624,3.0734050273895264,3.0172939151525497
7550,0.004999999888241291,2.8865368366241455,2.881536836735904
7551,0.0012111110845580697,2.1761536598205566,2.1749425487359986
7552,0.028055556118488312,2.550588607788086,2.5225330516695976
7553,0.023769443854689598,3.4605941772460938,3.436824733391404
7554,0.023055555298924446,4.754807949066162,4.731752393767238
7555,0.033888887614011765,5.111790180206299,5.077901292592287
7556,0.008055555634200573,5.775526523590088,5.767470967955887
7557,0.018888888880610466,7.168426036834717,7.149537147954106
7558,0.004999999888241291,9.780326843261719,9.775326843373477
7559,0.013275000266730785,9.09617805480957,9.08290305454284
7560,0.013055555522441864,8.591418266296387,8.578362710773945
7561,0.011936111375689507,8.765027046203613,8.753090934827924
7562,0.5688889026641846,8.970453262329102,8.401564359664917
7563,2.923388957977295,9.788248062133789,6.864859104156494
7564,5.473055362701416,9.561577796936035,4.088522434234619
7565,7.276944637298584,10.016195297241211,2.739250659942627
7566,8.641111373901367,11.11215877532959,2.4710474014282227
7567,10.153264045715332,11.192754745483398,1.0394906997680664
7568,10.713055610656738,11.924906730651855,1.2118511199951172
7569,11.553994178771973,12.85717487335205,1.3031806945800781
7570,12.533055305480957,14.265423774719238,1.7323684692382812
7571,12.683294296264648,12.562398910522461,0.1208953857421875
7572,13.293313980102539,12.210083961486816,1.0832300186157227
7573,13.801111221313477,11.900147438049316,1.9009637832641602
7574,14.065311431884766,8.385496139526367,5.679815292358398
7575,14.066944122314453,8.761275291442871,5.305668830871582
7576,14.009788513183594,8.05630874633789,5.953479766845703
7577,14.288055419921875,8.417282104492188,5.8707733154296875
7578,14.98611068725586,8.764683723449707,6.221426963806152
7579,14.713055610656738,9.829835891723633,4.8832197189331055
7580,14.831944465637207,11.840734481811523,2.9912099838256836
7581,13.789649963378906,11.53044319152832,2.259206771850586
7582,12.210113525390625,11.1526460647583,1.0574674606323242
7583,11.66128921508789,10.855241775512695,0.8060474395751953
7584,11.773056030273438,11.114022254943848,0.6590337753295898
7585,11.645960807800293,10.856695175170898,0.7892656326293945
7586,12.008055686950684,9.38021469116211,2.627840995788574
7587,13.26805591583252,7.668808460235596,5.599247455596924
7588,14.485150337219238,9.643014907836914,4.842135429382324
7589,15.836944580078125,10.812519073486328,5.024425506591797
7590,16.841611862182617,9.388154983520508,7.453456878662109
7591,16.938888549804688,10.143716812133789,6.795171737670898
7592,17.025638580322266,10.363641738891602,6.661996841430664
7593,16.29194450378418,10.624298095703125,5.667646408081055
7594,15.44088077545166,8.284010887145996,7.156869888305664
7595,15.286944389343262,10.165678977966309,5.121265411376953
7596,15.046844482421875,10.594124794006348,4.452719688415527
7597,15.01388931274414,9.69255542755127,5.321333885192871
7598,15.49245548248291,11.192780494689941,4.299674987792969
7599,16.27461051940918,10.187313079833984,6.087297439575195
7600,16.696945190429688,10.172576904296875,6.5243682861328125
7601,16.386943817138672,11.09350872039795,5.293435096740723
7602,16.165485382080078,11.60546588897705,4.560019493103027
7603,15.698949813842773,12.14567756652832,3.553272247314453
7604,15.181056022644043,10.898465156555176,4.282590866088867
7605,14.23194408416748,10.603608131408691,3.628335952758789
7606,13.65999984741211,9.49311351776123,4.166886329650879
7607,13.392230987548828,9.305356979370117,4.086874008178711
7608,14.239999771118164,8.566143035888672,5.673856735229492
7609,15.472736358642578,8.089349746704102,7.383386611938477
7610,16.01388931274414,7.734908580780029,8.278980731964111
7611,15.026944160461426,8.773360252380371,6.253583908081055
7612,12.786944389343262,9.001566886901855,3.7853775024414062
7613,10.111061096191406,10.71043872833252,0.5993776321411133
7614,7.280685901641846,10.68904972076416,3.4083638191223145
7615,6.83733606338501,10.825380325317383,3.988044261932373
7616,6.661230564117432,10.044656753540039,3.3834261894226074
7617,7.849999904632568,11.266938209533691,3.416938304901123
7618,9.133405685424805,10.338818550109863,1.2054128646850586
7619,10.018888473510742,11.198567390441895,1.1796789169311523
7620,10.882113456726074,11.170913696289062,0.2888002395629883
7621,11.759069442749023,8.615716934204102,3.143352508544922
7622,12.383889198303223,8.314055442810059,4.069833755493164
7623,12.661144256591797,8.192525863647461,4.468618392944336
7624,12.680000305175781,8.511323928833008,4.168676376342773
7625,12.89205551147461,7.905288219451904,4.986767292022705
7626,12.556285858154297,8.135826110839844,4.420459747314453
7627,11.788888931274414,8.463868141174316,3.3250207901000977
7628,11.061885833740234,8.526164054870605,2.535721778869629
7629,10.364838600158691,9.106437683105469,1.2584009170532227
7630,9.65999984741211,9.700956344604492,0.04095649719238281
7631,8.970000267028809,8.89790153503418,0.0720987319946289
7632,8.526110649108887,9.12061595916748,0.5945053100585938
7633,8.274999618530273,9.0646390914917,0.7896394729614258
7634,7.894999980926514,8.023234367370605,0.1282343864440918
7635,7.688055515289307,8.114497184753418,0.42644166946411133
7636,8.39305591583252,7.873766899108887,0.5192890167236328
7637,8.836944580078125,8.866336822509766,0.029392242431640625
7638,8.76805591583252,9.103669166564941,0.3356132507324219
7639,8.85111141204834,10.048104286193848,1.1969928741455078
7640,8.585000038146973,10.030375480651855,1.4453754425048828
7641,8.341111183166504,8.523701667785645,0.18259048461914062
7642,8.207574844360352,8.479559898376465,0.2719850540161133
7643,8.127555847167969,8.129754066467285,0.0021982192993164062
7644,7.883055686950684,2.4719038009643555,5.411151885986328
7645,7.8561110496521,1.7764045000076294,6.07970654964447
7646,8.870619773864746,1.9008013010025024,6.969818472862244
7647,9.563380241394043,2.7310562133789062,6.832324028015137
7648,9.131111145019531,3.3851730823516846,5.745938062667847
7649,7.219430446624756,4.3881754875183105,2.8312549591064453
7650,2.9430556297302246,4.793853282928467,1.8507976531982422
7651,2.7419445514678955,5.5199408531188965,2.777996301651001
7652,1.2911111116409302,6.853532314300537,5.562421202659607
7653,1.2911111116409302,7.360024452209473,6.0689133405685425
7654,1.2911111116409302,7.875239849090576,6.584128737449646
7655,0.19611111283302307,9.72657585144043,9.530464738607407
7656,0.07671111077070236,9.304281234741211,9.227570123970509
7657,0.5827694535255432,8.337605476379395,7.754836022853851
7658,1.5496305227279663,8.690827369689941,7.141196846961975
7659,2.3745694160461426,9.334882736206055,6.960313320159912
7660,4.146111011505127,8.99748706817627,4.851376056671143
7661,5.826855659484863,9.08381462097168,3.2569589614868164
7662,6.659999847412109,10.053625106811523,3.393625259399414
7663,6.34558629989624,10.222707748413086,3.8771214485168457
7664,8.566044807434082,10.143518447875977,1.5774736404418945
7665,9.108888626098633,10.912215232849121,1.8033266067504883
7666,9.356910705566406,9.93642520904541,0.5795145034790039
7667,9.286944389343262,10.534406661987305,1.247462272644043
7668,9.066944122314453,8.592681884765625,0.4742622375488281
7669,9.276200294494629,8.703167915344238,0.5730323791503906
7670,9.111949920654297,9.343830108642578,0.23188018798828125
7671,8.722064018249512,8.737319946289062,0.015255928039550781
7672,8.095211029052734,8.110138893127441,0.014927864074707031
7673,8.121110916137695,7.865294456481934,0.2558164596557617
7674,8.748888969421387,8.168790817260742,0.5800981521606445
7675,8.186080932617188,8.478167533874512,0.2920866012573242
7676,7.648889064788818,8.17048454284668,0.5215954780578613
7677,6.903013706207275,7.117849349975586,0.21483564376831055
7678,6.16694450378418,7.754448413848877,1.5875039100646973
7679,6.074938774108887,8.17626953125,2.1013307571411133
7680,6.638888835906982,7.660058975219727,1.0211701393127441
7681,7.67888879776001,8.023348808288574,0.34446001052856445
7682,7.86501932144165,9.320812225341797,1.4557929039001465
7683,7.800000190734863,10.09090805053711,2.290907859802246
7684,5.4804887771606445,9.022529602050781,3.5420408248901367
7685,6.056480407714844,8.756498336791992,2.7000179290771484
7686,6.601110935211182,9.105704307556152,2.5045933723449707
7687,6.993086338043213,8.215836524963379,1.222750186920166
7688,7.180880546569824,8.124824523925781,0.943943977355957
7689,6.542638778686523,7.729886054992676,1.1872472763061523
7690,6.928055763244629,7.620636463165283,0.6925806999206543
7691,8.183135986328125,6.925502300262451,1.2576336860656738
7692,8.682694435119629,7.261989593505859,1.4207048416137695
7693,8.255000114440918,6.949750900268555,1.3052492141723633
7694,7.286211013793945,6.289592266082764,0.9966187477111816
7695,6.211944580078125,5.705411434173584,0.506533145904541
7696,5.368888854980469,4.756813049316406,0.6120758056640625
7697,4.355000019073486,5.037020683288574,0.6820206642150879
7698,4.084419250488281,4.814619541168213,0.7302002906799316
7699,3.11923885345459,3.901315450668335,0.7820765972137451
7700,1.6124500036239624,4.142666816711426,2.5302168130874634
7701,1.3918888568878174,3.7378458976745605,2.345957040786743
7702,0.40194445848464966,4.4646806716918945,4.062736213207245
7703,0.33383888006210327,4.028406143188477,3.6945672631263733
7704,0.08888889104127884,5.4836039543151855,5.394715063273907
7705,0.026944443583488464,5.8062591552734375,5.779314711689949
7706,0.03500000014901161,6.869738578796387,6.834738578647375
7707,0.026111111044883728,6.893543720245361,6.867432609200478
7708,0.01805555634200573,9.345385551452637,9.327329995110631
7709,0.011149999685585499,8.809858322143555,8.79870832245797
7710,0.028055556118488312,8.613306045532227,8.585250489413738
7711,0.03999999910593033,7.707034587860107,7.667034588754177
7712,0.6700000166893005,7.854699611663818,7.184699594974518
7713,2.233119487762451,8.320058822631836,6.086939334869385
7714,3.0461111068725586,7.315927028656006,4.269815921783447
7715,5.046111106872559,7.323314189910889,2.27720308303833
7716,6.588449954986572,7.988157749176025,1.3997077941894531
7717,6.121110916137695,8.300228118896484,2.179117202758789
7718,7.8819499015808105,8.013873100280762,0.13192319869995117
7719,6.554999828338623,10.086915016174316,3.5319151878356934
7720,6.685561180114746,10.468042373657227,3.7824811935424805
7721,8.672650337219238,9.336282730102539,0.6636323928833008
7722,8.57611083984375,10.885708808898926,2.309597969055176
7723,8.68678092956543,11.561633110046387,2.874852180480957
7724,9.055680274963379,12.10904598236084,3.053365707397461
7725,8.873888969421387,12.026426315307617,3.1525373458862305
7726,9.113055229187012,10.6986083984375,1.5855531692504883
7727,9.452919006347656,10.629190444946289,1.1762714385986328
7728,9.715910911560059,9.646459579467773,0.06945133209228516
7729,9.779999732971191,9.772397994995117,0.007601737976074219
7730,9.900994300842285,8.993905067443848,0.9070892333984375
7731,9.843055725097656,9.940930366516113,0.09787464141845703
7732,9.888055801391602,9.215692520141602,0.67236328125
7733,9.483888626098633,9.176604270935059,0.3072843551635742
7734,9.186724662780762,9.154756546020508,0.031968116760253906
7735,8.91611099243164,9.556835174560547,0.6407241821289062
7736,8.684660911560059,10.339814186096191,1.6551532745361328
7737,8.750288963317871,10.593152046203613,1.8428630828857422
7738,9.348311424255371,10.424365043640137,1.0760536193847656
7739,9.963894844055176,10.197033882141113,0.2331390380859375
7740,11.081944465637207,8.110461235046387,2.9714832305908203
7741,11.266944885253906,8.749090194702148,2.517854690551758
7742,10.478711128234863,8.559430122375488,1.919281005859375
7743,10.220080375671387,9.350316047668457,0.8697643280029297
7744,9.81933879852295,9.641871452331543,0.17746734619140625
7745,10.061872482299805,10.877890586853027,0.8160181045532227
7746,10.850000381469727,12.761295318603516,1.911294937133789
7747,11.256111145019531,12.40648365020752,1.1503725051879883
7748,11.223055839538574,13.546446800231934,2.3233909606933594
7749,11.10694408416748,12.416231155395508,1.3092870712280273
7750,11.525430679321289,13.505034446716309,1.9796037673950195
7751,11.773056030273438,11.914713859558105,0.14165782928466797
7752,11.426944732666016,11.67798137664795,0.2510366439819336
7753,10.241944313049316,11.680924415588379,1.4389801025390625
7754,9.694999694824219,11.537307739257812,1.8423080444335938
7755,9.142244338989258,12.447372436523438,3.3051280975341797
7756,9.901474952697754,12.278607368469238,2.3771324157714844
7757,10.859999656677246,13.806760787963867,2.946761131286621
7758,10.709969520568848,12.883177757263184,2.173208236694336
7759,10.595000267028809,11.024145126342773,0.42914485931396484
7760,10.913888931274414,11.470345497131348,0.5564565658569336
7761,11.67388916015625,10.927719116210938,0.7461700439453125
7762,11.93388843536377,10.474957466125488,1.4589309692382812
7763,11.979999542236328,7.954680442810059,4.0253190994262695
7764,12.026594161987305,8.664813995361328,3.3617801666259766
7765,12.163313865661621,7.20781135559082,4.955502510070801
7766,12.41159439086914,6.639678955078125,5.771915435791016
7767,12.22297477722168,6.701127529144287,5.521847248077393
7768,10.886224746704102,6.991403102874756,3.8948216438293457
7769,8.781669616699219,7.000645160675049,1.78102445602417
7770,8.558055877685547,7.322445869445801,1.235610008239746
7771,8.339019775390625,8.515894889831543,0.17687511444091797
7772,8.056449890136719,8.880229949951172,0.8237800598144531
7773,6.1161112785339355,9.164130210876465,3.0480189323425293
7774,4.993888854980469,10.408698081970215,5.414809226989746
7775,4.809894561767578,10.675313949584961,5.865419387817383
7776,4.863888740539551,9.575701713562012,4.711812973022461
7777,5.753889083862305,10.130905151367188,4.377016067504883
7778,5.918055534362793,9.82181453704834,3.903759002685547
7779,5.855000019073486,9.271134376525879,3.4161343574523926
7780,6.338889122009277,10.430718421936035,4.091829299926758
7781,6.345088958740234,9.892908096313477,3.547819137573242
7782,6.503055572509766,9.644757270812988,3.1417016983032227
7783,6.6785359382629395,10.62254810333252,3.94401216506958
7784,7.4012861251831055,10.360403060913086,2.9591169357299805
7785,7.102886199951172,10.786858558654785,3.6839723587036133
7786,6.499355792999268,10.625750541687012,4.126394748687744
7787,6.2688889503479,11.707879066467285,5.438990116119385
7788,7.2934889793396,10.939709663391113,3.6462206840515137
7789,8.563888549804688,9.915654182434082,1.3517656326293945
7790,8.463889122009277,9.56187915802002,1.0979900360107422
7791,8.420700073242188,9.607659339904785,1.1869592666625977
7792,8.521944046020508,8.20186710357666,0.32007694244384766
7793,8.888055801391602,7.341119766235352,1.54693603515625
7794,8.633055686950684,8.047487258911133,0.5855684280395508
7795,8.095000267028809,8.092774391174316,0.0022258758544921875
7796,7.294688701629639,8.584524154663086,1.2898354530334473
7797,7.226944446563721,9.7962064743042,2.5692620277404785
7798,7.88694429397583,9.089827537536621,1.202883243560791
7799,7.684999942779541,9.320538520812988,1.6355385780334473
7800,3.1380555629730225,9.042116165161133,5.90406060218811
7801,1.616944432258606,7.861414909362793,6.244470477104187
7802,3.9588305950164795,8.973795890808105,5.014965295791626
7803,5.911944389343262,10.655070304870605,4.743125915527344
7804,7.683888912200928,10.428596496582031,2.7447075843811035
7805,9.020533561706543,13.360755920410156,4.340222358703613
7806,9.696944236755371,14.498696327209473,4.801752090454102
7807,9.006155967712402,15.956620216369629,6.950464248657227
7808,8.095269203186035,12.998720169067383,4.903450965881348
7809,7.2311110496521,12.276851654052734,5.045740604400635
7810,6.204619407653809,13.193015098571777,6.988395690917969
7811,5.87476921081543,12.483697891235352,6.608928680419922
7812,5.90500020980835,10.35910415649414,4.454103946685791
7813,6.287764072418213,11.426703453063965,5.138939380645752
7814,7.159999847412109,11.133463859558105,3.973464012145996
7815,8.063055992126465,8.45032787322998,0.3872718811035156
7816,8.63473892211914,8.094285011291504,0.5404539108276367
7817,8.543055534362793,7.799378871917725,0.7436766624450684
7818,8.856111526489258,7.205286979675293,1.6508245468139648
7819,7.926819324493408,6.772429943084717,1.1543893814086914
7820,5.970849990844727,6.454957008361816,0.48410701751708984
7821,3.9769444465637207,6.887856960296631,2.91091251373291
7822,4.193055629730225,7.205812931060791,3.0127573013305664
7823,5.406111240386963,7.052623271942139,1.6465120315551758
7824,3.387363910675049,7.668363571166992,4.280999660491943
7825,2.658055543899536,8.5680513381958,5.909995794296265
7826,1.5538889169692993,8.362903594970703,6.809014678001404
7827,0.8219444155693054,6.908792018890381,6.086847603321075
7828,1.4269444942474365,5.166317462921143,3.739372968673706
7829,1.483769416809082,3.3900222778320312,1.9062528610229492
7830,1.565000057220459,3.0044262409210205,1.4394261837005615
7831,2.844011068344116,2.475736379623413,0.3682746887207031
7832,2.9530556201934814,2.5622549057006836,0.39080071449279785
7833,3.6923139095306396,2.0816891193389893,1.6106247901916504
7834,3.538888931274414,2.167712926864624,1.37117600440979
7835,2.2461111545562744,2.591432809829712,0.3453216552734375
7836,1.5719444751739502,4.246597766876221,2.6746532917022705
7837,0.7188888788223267,5.043975830078125,4.325086951255798
7838,0.061944443732500076,5.658170223236084,5.596225779503584
7839,0.013055555522441864,6.617580413818359,6.6045248582959175
7840,0.010019444860517979,8.010103225708008,8.00008378084749
7841,0.02388888970017433,9.558305740356445,9.534416850656271
7842,0.05838888883590698,10.182195663452148,10.123806774616241
7843,0.038055554032325745,10.942753791809082,10.904698237776756
7844,0.253888875246048,10.283583641052246,10.029694765806198
7845,0.9900000095367432,10.462814331054688,9.472814321517944
7846,3.1330554485321045,10.944540977478027,7.811485528945923
7847,4.491944313049316,10.573389053344727,6.08144474029541
7848,6.045000076293945,10.343801498413086,4.298801422119141
7849,7.3661112785339355,10.543364524841309,3.177253246307373
7850,8.131111145019531,10.339218139648438,2.2081069946289062
7851,9.182100296020508,10.9740571975708,1.791956901550293
7852,9.534180641174316,8.171777725219727,1.3624029159545898
7853,8.979369163513184,8.454976081848145,0.5243930816650391
7854,8.70805549621582,8.588855743408203,0.11919975280761719
7855,8.51111125946045,7.820537567138672,0.6905736923217773
7856,8.154999732971191,9.574294090270996,1.4192943572998047
7857,8.024999618530273,9.242305755615234,1.217306137084961
7858,6.585000038146973,8.38411808013916,1.7991180419921875
7859,5.296769618988037,8.594512939453125,3.297743320465088
7860,5.20496129989624,7.512155532836914,2.307194232940674
7861,5.569969654083252,7.807941913604736,2.2379722595214844
7862,6.321688652038574,7.333732604980469,1.0120439529418945
7863,6.9311113357543945,6.776115417480469,0.15499591827392578
7864,7.336944580078125,6.581515789031982,0.7554287910461426
7865,7.470330715179443,7.106778144836426,0.3635525703430176
7866,7.574999809265137,7.808338165283203,0.2333383560180664
7867,6.773055553436279,8.776328086853027,2.003272533416748
7868,4.851110935211182,9.22631549835205,4.375204563140869
7869,3.785311222076416,10.785804748535156,7.00049352645874
7870,3.6755306720733643,9.693021774291992,6.017491102218628
7871,3.6719443798065186,9.639464378356934,5.967519998550415
7872,3.509350061416626,10.379020690917969,6.869670629501343
7873,3.5569443702697754,9.84398365020752,6.287039279937744
7874,3.5726888179779053,9.560221672058105,5.9875328540802
7875,3.8288888931274414,10.915590286254883,7.086701393127441
7876,3.869919538497925,12.378371238708496,8.508451700210571
7877,3.5127806663513184,13.134361267089844,9.621580600738525
7878,2.3662362098693848,13.002820014953613,10.636583805084229
7879,2.1287360191345215,13.990357398986816,11.861621379852295
7880,1.690600037574768,13.720303535461426,12.029703497886658
7881,1.7386138439178467,11.32036018371582,9.581746339797974
7882,1.7802499532699585,9.992376327514648,8.21212637424469
7883,1.8969444036483765,9.845577239990234,7.948632836341858
7884,2.3138887882232666,8.971874237060547,6.65798544883728
7885,3.7461111545562744,9.134779930114746,5.388668775558472
7886,3.3346943855285645,9.74964427947998,6.414949893951416
7887,4.045000076293945,10.277907371520996,6.232907295227051
7888,4.03481388092041,11.917980194091797,7.883166313171387
7889,3.700488805770874,12.488286972045898,8.787798166275024
7890,3.1819443702697754,11.19157886505127,8.009634494781494
7891,2.4306304454803467,6.475299835205078,4.0446693897247314
